Dataset,embeddings,# Features,# Samples,Feature_Samples_ratio,Intrinsic_Dimension,Condition number,Fisher Discriminant Ratio,Total Correlations,Mutual information,# Non-zero entries,# Low variance features,Variation,std_var,Coefficient of Variation %,std_co_of_v,Skewness,std_skew,Kurtosis,std_kurt,Mean Log Kernel Density,Isomap Reconstruction Error,Fractal dimension,Entropy,std_entropy,iteration,model,accuracy,f1_score,time,auc,Model_Parameters
class_data-1.csv,pca,3,70,0.04285714285714286,3,1.476404284167184,0.6099863919461866,0.0,0.16028674643687588,210,1,0.10666666666666667,0.04725815626252609,-1.081328870552934e+18,1.1528904046394679e+18,-0.1664215504631284,0.27059534896665977,-0.5484650058273045,0.40636739374674263,-0.6996472739093346,0.09824383773235468,1.9881981793807908,0.8812908992306927,0.0,1,dt,0.9333333333333333,0.9306818181818183,0.016510963439941406,0.8888888888888888,"{'estimator__ccp_alpha': 0.0, 'estimator__class_weight': None, 'estimator__criterion': 'gini', 'estimator__max_depth': None, 'estimator__max_features': None, 'estimator__max_leaf_nodes': None, 'estimator__min_impurity_decrease': 0.0, 'estimator__min_samples_leaf': 1, 'estimator__min_samples_split': 2, 'estimator__min_weight_fraction_leaf': 0.0, 'estimator__monotonic_cst': None, 'estimator__random_state': 42, 'estimator__splitter': 'best', 'estimator': DecisionTreeClassifier(random_state=42), 'n_jobs': None}"
class_data-1.csv,pca,3,70,0.04285714285714286,3,1.476404284167184,0.6099863919461866,0.0,0.16028674643687588,210,1,0.10666666666666667,0.04725815626252609,-1.081328870552934e+18,1.1528904046394679e+18,-0.1664215504631284,0.27059534896665977,-0.5484650058273045,0.40636739374674263,-0.6996472739093346,0.09824383773235468,1.9881981793807908,0.8812908992306927,0.0,1,lr,0.9,0.8933333333333333,0.01226806640625,0.8333333333333334,"{'estimator__C': 1.0, 'estimator__class_weight': None, 'estimator__dual': False, 'estimator__fit_intercept': True, 'estimator__intercept_scaling': 1, 'estimator__l1_ratio': None, 'estimator__max_iter': 10000, 'estimator__n_jobs': None, 'estimator__penalty': 'l2', 'estimator__random_state': 42, 'estimator__solver': 'saga', 'estimator__tol': 0.0001, 'estimator__verbose': 0, 'estimator__warm_start': False, 'estimator': LogisticRegression(l1_ratio=None, max_iter=10000, penalty='l2', random_state=42,
                   solver='saga'), 'n_jobs': None}"
class_data-1.csv,pca,3,70,0.04285714285714286,3,1.476404284167184,0.6099863919461866,0.0,0.16028674643687588,210,1,0.10666666666666667,0.04725815626252609,-1.081328870552934e+18,1.1528904046394679e+18,-0.1664215504631284,0.27059534896665977,-0.5484650058273045,0.40636739374674263,-0.6996472739093346,0.09824383773235468,1.9881981793807908,0.8812908992306927,0.0,1,mlp,0.9666666666666667,0.9660738714090286,0.09441590309143066,0.9444444444444444,"{'estimator__activation': 'relu', 'estimator__alpha': 0.0001, 'estimator__batch_size': 'auto', 'estimator__beta_1': 0.9, 'estimator__beta_2': 0.999, 'estimator__early_stopping': False, 'estimator__epsilon': 1e-08, 'estimator__hidden_layer_sizes': 100, 'estimator__learning_rate': 'constant', 'estimator__learning_rate_init': 0.001, 'estimator__max_fun': 15000, 'estimator__max_iter': 10000, 'estimator__momentum': 0.9, 'estimator__n_iter_no_change': 10, 'estimator__nesterovs_momentum': True, 'estimator__power_t': 0.5, 'estimator__random_state': 42, 'estimator__shuffle': True, 'estimator__solver': 'adam', 'estimator__tol': 0.0001, 'estimator__validation_fraction': 0.1, 'estimator__verbose': False, 'estimator__warm_start': False, 'estimator': MLPClassifier(hidden_layer_sizes=100, max_iter=10000, random_state=42), 'n_jobs': None}"
class_data-1.csv,pca,3,70,0.04285714285714286,3,1.476404284167184,0.6099863919461866,0.0,0.16028674643687588,210,1,0.10666666666666667,0.04725815626252609,-1.081328870552934e+18,1.1528904046394679e+18,-0.1664215504631284,0.27059534896665977,-0.5484650058273045,0.40636739374674263,-0.6996472739093346,0.09824383773235468,1.9881981793807908,0.8812908992306927,0.0,1,nb,0.9666666666666667,0.9660738714090286,0.014386892318725586,0.9444444444444444,"{'estimator__priors': None, 'estimator__var_smoothing': 1e-09, 'estimator': GaussianNB(), 'n_jobs': None}"
class_data-1.csv,pca,3,70,0.04285714285714286,3,1.476404284167184,0.6099863919461866,0.0,0.16028674643687588,210,1,0.10666666666666667,0.04725815626252609,-1.081328870552934e+18,1.1528904046394679e+18,-0.1664215504631284,0.27059534896665977,-0.5484650058273045,0.40636739374674263,-0.6996472739093346,0.09824383773235468,1.9881981793807908,0.8812908992306927,0.0,1,rf,0.9333333333333333,0.9306818181818183,0.06978011131286621,0.8888888888888888,"{'estimator__bootstrap': True, 'estimator__ccp_alpha': 0.0, 'estimator__class_weight': None, 'estimator__criterion': 'gini', 'estimator__max_depth': None, 'estimator__max_features': 'sqrt', 'estimator__max_leaf_nodes': None, 'estimator__max_samples': None, 'estimator__min_impurity_decrease': 0.0, 'estimator__min_samples_leaf': 1, 'estimator__min_samples_split': 2, 'estimator__min_weight_fraction_leaf': 0.0, 'estimator__monotonic_cst': None, 'estimator__n_estimators': 100, 'estimator__n_jobs': None, 'estimator__oob_score': False, 'estimator__random_state': 42, 'estimator__verbose': 0, 'estimator__warm_start': False, 'estimator': RandomForestClassifier(random_state=42), 'n_jobs': None}"
class_data-1.csv,pca,3,70,0.04285714285714286,3,1.476404284167184,0.6099863919461866,0.0,0.16028674643687588,210,1,0.10666666666666667,0.04725815626252609,-1.081328870552934e+18,1.1528904046394679e+18,-0.1664215504631284,0.27059534896665977,-0.5484650058273045,0.40636739374674263,-0.6996472739093346,0.09824383773235468,1.9881981793807908,0.8812908992306927,0.0,1,svc,0.7,0.5764705882352941,0.01711416244506836,0.5,"{'estimator__C': 0.01, 'estimator__break_ties': False, 'estimator__cache_size': 200, 'estimator__class_weight': None, 'estimator__coef0': 0.0, 'estimator__decision_function_shape': 'ovr', 'estimator__degree': 3, 'estimator__gamma': 0.1, 'estimator__kernel': 'linear', 'estimator__max_iter': -1, 'estimator__probability': False, 'estimator__random_state': 42, 'estimator__shrinking': True, 'estimator__tol': 0.001, 'estimator__verbose': False, 'estimator': SVC(C=0.01, gamma=0.1, kernel='linear', probability=False, random_state=42), 'n_jobs': None}"
class_data-1.csv,nmf,3,70,0.04285714285714286,3,3.997031503649419,2.0821339405156136,2.4669934282817225,0.2448940657077118,202,1,0.02,0.01,55.06828413424307,5.477848880175522,0.007903987850139646,0.27135293663770294,-0.800734106948219,0.2751014070540085,1.1076509156917351,0.007072848021122392,1.9886732515539942,0.8812908992306927,0.0,1,dt,0.9,0.8982216142270861,0.0031709671020507812,0.8650793650793651,"{'estimator__ccp_alpha': 0.0, 'estimator__class_weight': None, 'estimator__criterion': 'gini', 'estimator__max_depth': None, 'estimator__max_features': None, 'estimator__max_leaf_nodes': None, 'estimator__min_impurity_decrease': 0.0, 'estimator__min_samples_leaf': 1, 'estimator__min_samples_split': 2, 'estimator__min_weight_fraction_leaf': 0.0, 'estimator__monotonic_cst': None, 'estimator__random_state': 42, 'estimator__splitter': 'best', 'estimator': DecisionTreeClassifier(random_state=42), 'n_jobs': None}"
class_data-1.csv,nmf,3,70,0.04285714285714286,3,3.997031503649419,2.0821339405156136,2.4669934282817225,0.2448940657077118,202,1,0.02,0.01,55.06828413424307,5.477848880175522,0.007903987850139646,0.27135293663770294,-0.800734106948219,0.2751014070540085,1.1076509156917351,0.007072848021122392,1.9886732515539942,0.8812908992306927,0.0,1,lr,0.8,0.7625,0.003114938735961914,0.6666666666666667,"{'estimator__C': 1.0, 'estimator__class_weight': None, 'estimator__dual': False, 'estimator__fit_intercept': True, 'estimator__intercept_scaling': 1, 'estimator__l1_ratio': None, 'estimator__max_iter': 10000, 'estimator__n_jobs': None, 'estimator__penalty': 'l2', 'estimator__random_state': 42, 'estimator__solver': 'saga', 'estimator__tol': 0.0001, 'estimator__verbose': 0, 'estimator__warm_start': False, 'estimator': LogisticRegression(l1_ratio=None, max_iter=10000, penalty='l2', random_state=42,
                   solver='saga'), 'n_jobs': None}"
class_data-1.csv,nmf,3,70,0.04285714285714286,3,3.997031503649419,2.0821339405156136,2.4669934282817225,0.2448940657077118,202,1,0.02,0.01,55.06828413424307,5.477848880175522,0.007903987850139646,0.27135293663770294,-0.800734106948219,0.2751014070540085,1.1076509156917351,0.007072848021122392,1.9886732515539942,0.8812908992306927,0.0,1,mlp,0.9666666666666667,0.9660738714090286,0.11917376518249512,0.9444444444444444,"{'estimator__activation': 'relu', 'estimator__alpha': 0.0001, 'estimator__batch_size': 'auto', 'estimator__beta_1': 0.9, 'estimator__beta_2': 0.999, 'estimator__early_stopping': False, 'estimator__epsilon': 1e-08, 'estimator__hidden_layer_sizes': 100, 'estimator__learning_rate': 'constant', 'estimator__learning_rate_init': 0.001, 'estimator__max_fun': 15000, 'estimator__max_iter': 10000, 'estimator__momentum': 0.9, 'estimator__n_iter_no_change': 10, 'estimator__nesterovs_momentum': True, 'estimator__power_t': 0.5, 'estimator__random_state': 42, 'estimator__shuffle': True, 'estimator__solver': 'adam', 'estimator__tol': 0.0001, 'estimator__validation_fraction': 0.1, 'estimator__verbose': False, 'estimator__warm_start': False, 'estimator': MLPClassifier(hidden_layer_sizes=100, max_iter=10000, random_state=42), 'n_jobs': None}"
class_data-1.csv,nmf,3,70,0.04285714285714286,3,3.997031503649419,2.0821339405156136,2.4669934282817225,0.2448940657077118,202,1,0.02,0.01,55.06828413424307,5.477848880175522,0.007903987850139646,0.27135293663770294,-0.800734106948219,0.2751014070540085,1.1076509156917351,0.007072848021122392,1.9886732515539942,0.8812908992306927,0.0,1,nb,0.9,0.8982216142270861,0.003041982650756836,0.8650793650793651,"{'estimator__priors': None, 'estimator__var_smoothing': 1e-09, 'estimator': GaussianNB(), 'n_jobs': None}"
class_data-1.csv,nmf,3,70,0.04285714285714286,3,3.997031503649419,2.0821339405156136,2.4669934282817225,0.2448940657077118,202,1,0.02,0.01,55.06828413424307,5.477848880175522,0.007903987850139646,0.27135293663770294,-0.800734106948219,0.2751014070540085,1.1076509156917351,0.007072848021122392,1.9886732515539942,0.8812908992306927,0.0,1,rf,0.8666666666666667,0.8613636363636363,0.0627908706665039,0.8095238095238095,"{'estimator__bootstrap': True, 'estimator__ccp_alpha': 0.0, 'estimator__class_weight': None, 'estimator__criterion': 'gini', 'estimator__max_depth': None, 'estimator__max_features': 'sqrt', 'estimator__max_leaf_nodes': None, 'estimator__max_samples': None, 'estimator__min_impurity_decrease': 0.0, 'estimator__min_samples_leaf': 1, 'estimator__min_samples_split': 2, 'estimator__min_weight_fraction_leaf': 0.0, 'estimator__monotonic_cst': None, 'estimator__n_estimators': 100, 'estimator__n_jobs': None, 'estimator__oob_score': False, 'estimator__random_state': 42, 'estimator__verbose': 0, 'estimator__warm_start': False, 'estimator': RandomForestClassifier(random_state=42), 'n_jobs': None}"
class_data-1.csv,nmf,3,70,0.04285714285714286,3,3.997031503649419,2.0821339405156136,2.4669934282817225,0.2448940657077118,202,1,0.02,0.01,55.06828413424307,5.477848880175522,0.007903987850139646,0.27135293663770294,-0.800734106948219,0.2751014070540085,1.1076509156917351,0.007072848021122392,1.9886732515539942,0.8812908992306927,0.0,1,svc,0.7,0.5764705882352941,0.003409147262573242,0.5,"{'estimator__C': 0.01, 'estimator__break_ties': False, 'estimator__cache_size': 200, 'estimator__class_weight': None, 'estimator__coef0': 0.0, 'estimator__decision_function_shape': 'ovr', 'estimator__degree': 3, 'estimator__gamma': 0.1, 'estimator__kernel': 'linear', 'estimator__max_iter': -1, 'estimator__probability': False, 'estimator__random_state': 42, 'estimator__shrinking': True, 'estimator__tol': 0.001, 'estimator__verbose': False, 'estimator': SVC(C=0.01, gamma=0.1, kernel='linear', probability=False, random_state=42), 'n_jobs': None}"
class_data-1.csv,none,10,70,0.14285714285714285,8,1.4735943271489774e+16,0.35478767570767006,14.330704346896649,0.0954397521307612,690,3,0.053000000000000005,0.012516655570345727,47.7385321717322,7.607619930128746,0.05647912055108104,0.28533310519992583,-0.43508740806105417,0.49044318613510196,2.8195472662315373,0.30280897158740716,1.9965356308896363,0.8812908992306927,0.0,1,dt,0.9666666666666667,0.9671373555840821,0.0029327869415283203,0.9761904761904762,"{'estimator__ccp_alpha': 0.0, 'estimator__class_weight': None, 'estimator__criterion': 'gini', 'estimator__max_depth': None, 'estimator__max_features': None, 'estimator__max_leaf_nodes': None, 'estimator__min_impurity_decrease': 0.0, 'estimator__min_samples_leaf': 1, 'estimator__min_samples_split': 2, 'estimator__min_weight_fraction_leaf': 0.0, 'estimator__monotonic_cst': None, 'estimator__random_state': 42, 'estimator__splitter': 'best', 'estimator': DecisionTreeClassifier(random_state=42), 'n_jobs': None}"
class_data-1.csv,none,10,70,0.14285714285714285,8,1.4735943271489774e+16,0.35478767570767006,14.330704346896649,0.0954397521307612,690,3,0.053000000000000005,0.012516655570345727,47.7385321717322,7.607619930128746,0.05647912055108104,0.28533310519992583,-0.43508740806105417,0.49044318613510196,2.8195472662315373,0.30280897158740716,1.9965356308896363,0.8812908992306927,0.0,1,lr,0.9333333333333333,0.9306818181818183,0.0029611587524414062,0.8888888888888888,"{'estimator__C': 1.0, 'estimator__class_weight': None, 'estimator__dual': False, 'estimator__fit_intercept': True, 'estimator__intercept_scaling': 1, 'estimator__l1_ratio': None, 'estimator__max_iter': 10000, 'estimator__n_jobs': None, 'estimator__penalty': 'l2', 'estimator__random_state': 42, 'estimator__solver': 'saga', 'estimator__tol': 0.0001, 'estimator__verbose': 0, 'estimator__warm_start': False, 'estimator': LogisticRegression(l1_ratio=None, max_iter=10000, penalty='l2', random_state=42,
                   solver='saga'), 'n_jobs': None}"
class_data-1.csv,none,10,70,0.14285714285714285,8,1.4735943271489774e+16,0.35478767570767006,14.330704346896649,0.0954397521307612,690,3,0.053000000000000005,0.012516655570345727,47.7385321717322,7.607619930128746,0.05647912055108104,0.28533310519992583,-0.43508740806105417,0.49044318613510196,2.8195472662315373,0.30280897158740716,1.9965356308896363,0.8812908992306927,0.0,1,mlp,0.9666666666666667,0.9660738714090286,0.09564375877380371,0.9444444444444444,"{'estimator__activation': 'relu', 'estimator__alpha': 0.0001, 'estimator__batch_size': 'auto', 'estimator__beta_1': 0.9, 'estimator__beta_2': 0.999, 'estimator__early_stopping': False, 'estimator__epsilon': 1e-08, 'estimator__hidden_layer_sizes': 100, 'estimator__learning_rate': 'constant', 'estimator__learning_rate_init': 0.001, 'estimator__max_fun': 15000, 'estimator__max_iter': 10000, 'estimator__momentum': 0.9, 'estimator__n_iter_no_change': 10, 'estimator__nesterovs_momentum': True, 'estimator__power_t': 0.5, 'estimator__random_state': 42, 'estimator__shuffle': True, 'estimator__solver': 'adam', 'estimator__tol': 0.0001, 'estimator__validation_fraction': 0.1, 'estimator__verbose': False, 'estimator__warm_start': False, 'estimator': MLPClassifier(hidden_layer_sizes=100, max_iter=10000, random_state=42), 'n_jobs': None}"
class_data-1.csv,none,10,70,0.14285714285714285,8,1.4735943271489774e+16,0.35478767570767006,14.330704346896649,0.0954397521307612,690,3,0.053000000000000005,0.012516655570345727,47.7385321717322,7.607619930128746,0.05647912055108104,0.28533310519992583,-0.43508740806105417,0.49044318613510196,2.8195472662315373,0.30280897158740716,1.9965356308896363,0.8812908992306927,0.0,1,nb,0.9,0.8982216142270861,0.002513885498046875,0.8650793650793651,"{'estimator__priors': None, 'estimator__var_smoothing': 1e-09, 'estimator': GaussianNB(), 'n_jobs': None}"
class_data-1.csv,none,10,70,0.14285714285714285,8,1.4735943271489774e+16,0.35478767570767006,14.330704346896649,0.0954397521307612,690,3,0.053000000000000005,0.012516655570345727,47.7385321717322,7.607619930128746,0.05647912055108104,0.28533310519992583,-0.43508740806105417,0.49044318613510196,2.8195472662315373,0.30280897158740716,1.9965356308896363,0.8812908992306927,0.0,1,rf,0.9333333333333333,0.9306818181818183,0.061490774154663086,0.8888888888888888,"{'estimator__bootstrap': True, 'estimator__ccp_alpha': 0.0, 'estimator__class_weight': None, 'estimator__criterion': 'gini', 'estimator__max_depth': None, 'estimator__max_features': 'sqrt', 'estimator__max_leaf_nodes': None, 'estimator__max_samples': None, 'estimator__min_impurity_decrease': 0.0, 'estimator__min_samples_leaf': 1, 'estimator__min_samples_split': 2, 'estimator__min_weight_fraction_leaf': 0.0, 'estimator__monotonic_cst': None, 'estimator__n_estimators': 100, 'estimator__n_jobs': None, 'estimator__oob_score': False, 'estimator__random_state': 42, 'estimator__verbose': 0, 'estimator__warm_start': False, 'estimator': RandomForestClassifier(random_state=42), 'n_jobs': None}"
class_data-1.csv,none,10,70,0.14285714285714285,8,1.4735943271489774e+16,0.35478767570767006,14.330704346896649,0.0954397521307612,690,3,0.053000000000000005,0.012516655570345727,47.7385321717322,7.607619930128746,0.05647912055108104,0.28533310519992583,-0.43508740806105417,0.49044318613510196,2.8195472662315373,0.30280897158740716,1.9965356308896363,0.8812908992306927,0.0,1,svc,0.7,0.5764705882352941,0.0030748844146728516,0.5,"{'estimator__C': 0.01, 'estimator__break_ties': False, 'estimator__cache_size': 200, 'estimator__class_weight': None, 'estimator__coef0': 0.0, 'estimator__decision_function_shape': 'ovr', 'estimator__degree': 3, 'estimator__gamma': 0.1, 'estimator__kernel': 'linear', 'estimator__max_iter': -1, 'estimator__probability': False, 'estimator__random_state': 42, 'estimator__shrinking': True, 'estimator__tol': 0.001, 'estimator__verbose': False, 'estimator': SVC(C=0.01, gamma=0.1, kernel='linear', probability=False, random_state=42), 'n_jobs': None}"
class_data-1.csv,pca,3,70,0.04285714285714286,3,1.751601036781111,0.5906354999468266,8.881784197001252e-16,0.1763092074014112,210,1,0.11,0.06999999999999999,5.5194182255373843e+17,8.261203112023333e+17,-0.13047805234773865,0.341825863637793,-0.5156373263351445,0.4574477095422162,-0.5680818087367241,0.08533454940823457,1.9882455458663941,0.8812908992306927,0.0,2,dt,1.0,1.0,0.0027022361755371094,1.0,"{'estimator__ccp_alpha': 0.0, 'estimator__class_weight': None, 'estimator__criterion': 'gini', 'estimator__max_depth': None, 'estimator__max_features': None, 'estimator__max_leaf_nodes': None, 'estimator__min_impurity_decrease': 0.0, 'estimator__min_samples_leaf': 1, 'estimator__min_samples_split': 2, 'estimator__min_weight_fraction_leaf': 0.0, 'estimator__monotonic_cst': None, 'estimator__random_state': 42, 'estimator__splitter': 'best', 'estimator': DecisionTreeClassifier(random_state=42), 'n_jobs': None}"
class_data-1.csv,pca,3,70,0.04285714285714286,3,1.751601036781111,0.5906354999468266,8.881784197001252e-16,0.1763092074014112,210,1,0.11,0.06999999999999999,5.5194182255373843e+17,8.261203112023333e+17,-0.13047805234773865,0.341825863637793,-0.5156373263351445,0.4574477095422162,-0.5680818087367241,0.08533454940823457,1.9882455458663941,0.8812908992306927,0.0,2,lr,0.8333333333333334,0.8101472995090016,0.0026450157165527344,0.7222222222222222,"{'estimator__C': 1.0, 'estimator__class_weight': None, 'estimator__dual': False, 'estimator__fit_intercept': True, 'estimator__intercept_scaling': 1, 'estimator__l1_ratio': None, 'estimator__max_iter': 10000, 'estimator__n_jobs': None, 'estimator__penalty': 'l2', 'estimator__random_state': 42, 'estimator__solver': 'saga', 'estimator__tol': 0.0001, 'estimator__verbose': 0, 'estimator__warm_start': False, 'estimator': LogisticRegression(l1_ratio=None, max_iter=10000, penalty='l2', random_state=42,
                   solver='saga'), 'n_jobs': None}"
class_data-1.csv,pca,3,70,0.04285714285714286,3,1.751601036781111,0.5906354999468266,8.881784197001252e-16,0.1763092074014112,210,1,0.11,0.06999999999999999,5.5194182255373843e+17,8.261203112023333e+17,-0.13047805234773865,0.341825863637793,-0.5156373263351445,0.4574477095422162,-0.5680818087367241,0.08533454940823457,1.9882455458663941,0.8812908992306927,0.0,2,mlp,0.9333333333333333,0.9306818181818183,0.08855605125427246,0.8888888888888888,"{'estimator__activation': 'relu', 'estimator__alpha': 0.0001, 'estimator__batch_size': 'auto', 'estimator__beta_1': 0.9, 'estimator__beta_2': 0.999, 'estimator__early_stopping': False, 'estimator__epsilon': 1e-08, 'estimator__hidden_layer_sizes': 100, 'estimator__learning_rate': 'constant', 'estimator__learning_rate_init': 0.001, 'estimator__max_fun': 15000, 'estimator__max_iter': 10000, 'estimator__momentum': 0.9, 'estimator__n_iter_no_change': 10, 'estimator__nesterovs_momentum': True, 'estimator__power_t': 0.5, 'estimator__random_state': 42, 'estimator__shuffle': True, 'estimator__solver': 'adam', 'estimator__tol': 0.0001, 'estimator__validation_fraction': 0.1, 'estimator__verbose': False, 'estimator__warm_start': False, 'estimator': MLPClassifier(hidden_layer_sizes=100, max_iter=10000, random_state=42), 'n_jobs': None}"
class_data-1.csv,pca,3,70,0.04285714285714286,3,1.751601036781111,0.5906354999468266,8.881784197001252e-16,0.1763092074014112,210,1,0.11,0.06999999999999999,5.5194182255373843e+17,8.261203112023333e+17,-0.13047805234773865,0.341825863637793,-0.5156373263351445,0.4574477095422162,-0.5680818087367241,0.08533454940823457,1.9882455458663941,0.8812908992306927,0.0,2,nb,0.9666666666666667,0.9660738714090286,0.0024209022521972656,0.9444444444444444,"{'estimator__priors': None, 'estimator__var_smoothing': 1e-09, 'estimator': GaussianNB(), 'n_jobs': None}"
class_data-1.csv,pca,3,70,0.04285714285714286,3,1.751601036781111,0.5906354999468266,8.881784197001252e-16,0.1763092074014112,210,1,0.11,0.06999999999999999,5.5194182255373843e+17,8.261203112023333e+17,-0.13047805234773865,0.341825863637793,-0.5156373263351445,0.4574477095422162,-0.5680818087367241,0.08533454940823457,1.9882455458663941,0.8812908992306927,0.0,2,rf,0.9666666666666667,0.9660738714090286,0.050817012786865234,0.9444444444444444,"{'estimator__bootstrap': True, 'estimator__ccp_alpha': 0.0, 'estimator__class_weight': None, 'estimator__criterion': 'gini', 'estimator__max_depth': None, 'estimator__max_features': 'sqrt', 'estimator__max_leaf_nodes': None, 'estimator__max_samples': None, 'estimator__min_impurity_decrease': 0.0, 'estimator__min_samples_leaf': 1, 'estimator__min_samples_split': 2, 'estimator__min_weight_fraction_leaf': 0.0, 'estimator__monotonic_cst': None, 'estimator__n_estimators': 100, 'estimator__n_jobs': None, 'estimator__oob_score': False, 'estimator__random_state': 42, 'estimator__verbose': 0, 'estimator__warm_start': False, 'estimator': RandomForestClassifier(random_state=42), 'n_jobs': None}"
class_data-1.csv,pca,3,70,0.04285714285714286,3,1.751601036781111,0.5906354999468266,8.881784197001252e-16,0.1763092074014112,210,1,0.11,0.06999999999999999,5.5194182255373843e+17,8.261203112023333e+17,-0.13047805234773865,0.341825863637793,-0.5156373263351445,0.4574477095422162,-0.5680818087367241,0.08533454940823457,1.9882455458663941,0.8812908992306927,0.0,2,svc,0.7,0.5764705882352941,0.0029082298278808594,0.5,"{'estimator__C': 0.01, 'estimator__break_ties': False, 'estimator__cache_size': 200, 'estimator__class_weight': None, 'estimator__coef0': 0.0, 'estimator__decision_function_shape': 'ovr', 'estimator__degree': 3, 'estimator__gamma': 0.1, 'estimator__kernel': 'linear', 'estimator__max_iter': -1, 'estimator__probability': False, 'estimator__random_state': 42, 'estimator__shrinking': True, 'estimator__tol': 0.001, 'estimator__verbose': False, 'estimator': SVC(C=0.01, gamma=0.1, kernel='linear', probability=False, random_state=42), 'n_jobs': None}"
class_data-1.csv,nmf,3,70,0.04285714285714286,3,3.6614584590731285,1.0614234525389408,2.401660824081697,0.2781741734544653,200,1,0.023333333333333334,0.011547005383792514,56.08256112640342,9.999910834567224,0.07858745171775018,0.27032991006939894,-0.860775733957215,0.37884248594710423,0.9588877774601846,0.009732062724984423,1.98839087914326,0.8812908992306927,0.0,2,dt,0.9666666666666667,0.9660738714090286,0.0026979446411132812,0.9444444444444444,"{'estimator__ccp_alpha': 0.0, 'estimator__class_weight': None, 'estimator__criterion': 'gini', 'estimator__max_depth': None, 'estimator__max_features': None, 'estimator__max_leaf_nodes': None, 'estimator__min_impurity_decrease': 0.0, 'estimator__min_samples_leaf': 1, 'estimator__min_samples_split': 2, 'estimator__min_weight_fraction_leaf': 0.0, 'estimator__monotonic_cst': None, 'estimator__random_state': 42, 'estimator__splitter': 'best', 'estimator': DecisionTreeClassifier(random_state=42), 'n_jobs': None}"
class_data-1.csv,nmf,3,70,0.04285714285714286,3,3.6614584590731285,1.0614234525389408,2.401660824081697,0.2781741734544653,200,1,0.023333333333333334,0.011547005383792514,56.08256112640342,9.999910834567224,0.07858745171775018,0.27032991006939894,-0.860775733957215,0.37884248594710423,0.9588877774601846,0.009732062724984423,1.98839087914326,0.8812908992306927,0.0,2,lr,0.8,0.7625,0.002357006072998047,0.6666666666666667,"{'estimator__C': 1.0, 'estimator__class_weight': None, 'estimator__dual': False, 'estimator__fit_intercept': True, 'estimator__intercept_scaling': 1, 'estimator__l1_ratio': None, 'estimator__max_iter': 10000, 'estimator__n_jobs': None, 'estimator__penalty': 'l2', 'estimator__random_state': 42, 'estimator__solver': 'saga', 'estimator__tol': 0.0001, 'estimator__verbose': 0, 'estimator__warm_start': False, 'estimator': LogisticRegression(l1_ratio=None, max_iter=10000, penalty='l2', random_state=42,
                   solver='saga'), 'n_jobs': None}"
class_data-1.csv,nmf,3,70,0.04285714285714286,3,3.6614584590731285,1.0614234525389408,2.401660824081697,0.2781741734544653,200,1,0.023333333333333334,0.011547005383792514,56.08256112640342,9.999910834567224,0.07858745171775018,0.27032991006939894,-0.860775733957215,0.37884248594710423,0.9588877774601846,0.009732062724984423,1.98839087914326,0.8812908992306927,0.0,2,mlp,0.9666666666666667,0.9660738714090286,0.10147929191589355,0.9444444444444444,"{'estimator__activation': 'relu', 'estimator__alpha': 0.0001, 'estimator__batch_size': 'auto', 'estimator__beta_1': 0.9, 'estimator__beta_2': 0.999, 'estimator__early_stopping': False, 'estimator__epsilon': 1e-08, 'estimator__hidden_layer_sizes': 100, 'estimator__learning_rate': 'constant', 'estimator__learning_rate_init': 0.001, 'estimator__max_fun': 15000, 'estimator__max_iter': 10000, 'estimator__momentum': 0.9, 'estimator__n_iter_no_change': 10, 'estimator__nesterovs_momentum': True, 'estimator__power_t': 0.5, 'estimator__random_state': 42, 'estimator__shuffle': True, 'estimator__solver': 'adam', 'estimator__tol': 0.0001, 'estimator__validation_fraction': 0.1, 'estimator__verbose': False, 'estimator__warm_start': False, 'estimator': MLPClassifier(hidden_layer_sizes=100, max_iter=10000, random_state=42), 'n_jobs': None}"
class_data-1.csv,nmf,3,70,0.04285714285714286,3,3.6614584590731285,1.0614234525389408,2.401660824081697,0.2781741734544653,200,1,0.023333333333333334,0.011547005383792514,56.08256112640342,9.999910834567224,0.07858745171775018,0.27032991006939894,-0.860775733957215,0.37884248594710423,0.9588877774601846,0.009732062724984423,1.98839087914326,0.8812908992306927,0.0,2,nb,0.9,0.8933333333333333,0.0021479129791259766,0.8333333333333334,"{'estimator__priors': None, 'estimator__var_smoothing': 1e-09, 'estimator': GaussianNB(), 'n_jobs': None}"
class_data-1.csv,nmf,3,70,0.04285714285714286,3,3.6614584590731285,1.0614234525389408,2.401660824081697,0.2781741734544653,200,1,0.023333333333333334,0.011547005383792514,56.08256112640342,9.999910834567224,0.07858745171775018,0.27032991006939894,-0.860775733957215,0.37884248594710423,0.9588877774601846,0.009732062724984423,1.98839087914326,0.8812908992306927,0.0,2,rf,0.9666666666666667,0.9660738714090286,0.06168508529663086,0.9444444444444444,"{'estimator__bootstrap': True, 'estimator__ccp_alpha': 0.0, 'estimator__class_weight': None, 'estimator__criterion': 'gini', 'estimator__max_depth': None, 'estimator__max_features': 'sqrt', 'estimator__max_leaf_nodes': None, 'estimator__max_samples': None, 'estimator__min_impurity_decrease': 0.0, 'estimator__min_samples_leaf': 1, 'estimator__min_samples_split': 2, 'estimator__min_weight_fraction_leaf': 0.0, 'estimator__monotonic_cst': None, 'estimator__n_estimators': 100, 'estimator__n_jobs': None, 'estimator__oob_score': False, 'estimator__random_state': 42, 'estimator__verbose': 0, 'estimator__warm_start': False, 'estimator': RandomForestClassifier(random_state=42), 'n_jobs': None}"
class_data-1.csv,nmf,3,70,0.04285714285714286,3,3.6614584590731285,1.0614234525389408,2.401660824081697,0.2781741734544653,200,1,0.023333333333333334,0.011547005383792514,56.08256112640342,9.999910834567224,0.07858745171775018,0.27032991006939894,-0.860775733957215,0.37884248594710423,0.9588877774601846,0.009732062724984423,1.98839087914326,0.8812908992306927,0.0,2,svc,0.7,0.5764705882352941,0.00347900390625,0.5,"{'estimator__C': 0.01, 'estimator__break_ties': False, 'estimator__cache_size': 200, 'estimator__class_weight': None, 'estimator__coef0': 0.0, 'estimator__decision_function_shape': 'ovr', 'estimator__degree': 3, 'estimator__gamma': 0.1, 'estimator__kernel': 'linear', 'estimator__max_iter': -1, 'estimator__probability': False, 'estimator__random_state': 42, 'estimator__shrinking': True, 'estimator__tol': 0.001, 'estimator__verbose': False, 'estimator': SVC(C=0.01, gamma=0.1, kernel='linear', probability=False, random_state=42), 'n_jobs': None}"
class_data-1.csv,none,10,70,0.14285714285714285,8,4.203578123929739e+16,0.33861904986064467,13.836536042858413,0.10921075605797695,690,3,0.054000000000000006,0.011737877907772674,47.14672895222171,8.11724332210201,0.047344029810818984,0.3315763560948042,-0.4572923379429832,0.48273674900846875,2.8542027598544997,0.23735898947152506,1.9965211472203113,0.8812908992306927,0.0,2,dt,0.8666666666666667,0.853416149068323,0.0023331642150878906,0.7777777777777778,"{'estimator__ccp_alpha': 0.0, 'estimator__class_weight': None, 'estimator__criterion': 'gini', 'estimator__max_depth': None, 'estimator__max_features': None, 'estimator__max_leaf_nodes': None, 'estimator__min_impurity_decrease': 0.0, 'estimator__min_samples_leaf': 1, 'estimator__min_samples_split': 2, 'estimator__min_weight_fraction_leaf': 0.0, 'estimator__monotonic_cst': None, 'estimator__random_state': 42, 'estimator__splitter': 'best', 'estimator': DecisionTreeClassifier(random_state=42), 'n_jobs': None}"
class_data-1.csv,none,10,70,0.14285714285714285,8,4.203578123929739e+16,0.33861904986064467,13.836536042858413,0.10921075605797695,690,3,0.054000000000000006,0.011737877907772674,47.14672895222171,8.11724332210201,0.047344029810818984,0.3315763560948042,-0.4572923379429832,0.48273674900846875,2.8542027598544997,0.23735898947152506,1.9965211472203113,0.8812908992306927,0.0,2,lr,0.8666666666666667,0.853416149068323,0.002782106399536133,0.7777777777777778,"{'estimator__C': 1.0, 'estimator__class_weight': None, 'estimator__dual': False, 'estimator__fit_intercept': True, 'estimator__intercept_scaling': 1, 'estimator__l1_ratio': None, 'estimator__max_iter': 10000, 'estimator__n_jobs': None, 'estimator__penalty': 'l2', 'estimator__random_state': 42, 'estimator__solver': 'saga', 'estimator__tol': 0.0001, 'estimator__verbose': 0, 'estimator__warm_start': False, 'estimator': LogisticRegression(l1_ratio=None, max_iter=10000, penalty='l2', random_state=42,
                   solver='saga'), 'n_jobs': None}"
class_data-1.csv,none,10,70,0.14285714285714285,8,4.203578123929739e+16,0.33861904986064467,13.836536042858413,0.10921075605797695,690,3,0.054000000000000006,0.011737877907772674,47.14672895222171,8.11724332210201,0.047344029810818984,0.3315763560948042,-0.4572923379429832,0.48273674900846875,2.8542027598544997,0.23735898947152506,1.9965211472203113,0.8812908992306927,0.0,2,mlp,0.9,0.8933333333333333,0.09235692024230957,0.8333333333333334,"{'estimator__activation': 'relu', 'estimator__alpha': 0.0001, 'estimator__batch_size': 'auto', 'estimator__beta_1': 0.9, 'estimator__beta_2': 0.999, 'estimator__early_stopping': False, 'estimator__epsilon': 1e-08, 'estimator__hidden_layer_sizes': 100, 'estimator__learning_rate': 'constant', 'estimator__learning_rate_init': 0.001, 'estimator__max_fun': 15000, 'estimator__max_iter': 10000, 'estimator__momentum': 0.9, 'estimator__n_iter_no_change': 10, 'estimator__nesterovs_momentum': True, 'estimator__power_t': 0.5, 'estimator__random_state': 42, 'estimator__shuffle': True, 'estimator__solver': 'adam', 'estimator__tol': 0.0001, 'estimator__validation_fraction': 0.1, 'estimator__verbose': False, 'estimator__warm_start': False, 'estimator': MLPClassifier(hidden_layer_sizes=100, max_iter=10000, random_state=42), 'n_jobs': None}"
class_data-1.csv,none,10,70,0.14285714285714285,8,4.203578123929739e+16,0.33861904986064467,13.836536042858413,0.10921075605797695,690,3,0.054000000000000006,0.011737877907772674,47.14672895222171,8.11724332210201,0.047344029810818984,0.3315763560948042,-0.4572923379429832,0.48273674900846875,2.8542027598544997,0.23735898947152506,1.9965211472203113,0.8812908992306927,0.0,2,nb,0.8666666666666667,0.853416149068323,0.002138853073120117,0.7777777777777778,"{'estimator__priors': None, 'estimator__var_smoothing': 1e-09, 'estimator': GaussianNB(), 'n_jobs': None}"
class_data-1.csv,none,10,70,0.14285714285714285,8,4.203578123929739e+16,0.33861904986064467,13.836536042858413,0.10921075605797695,690,3,0.054000000000000006,0.011737877907772674,47.14672895222171,8.11724332210201,0.047344029810818984,0.3315763560948042,-0.4572923379429832,0.48273674900846875,2.8542027598544997,0.23735898947152506,1.9965211472203113,0.8812908992306927,0.0,2,rf,0.8666666666666667,0.853416149068323,0.05452585220336914,0.7777777777777778,"{'estimator__bootstrap': True, 'estimator__ccp_alpha': 0.0, 'estimator__class_weight': None, 'estimator__criterion': 'gini', 'estimator__max_depth': None, 'estimator__max_features': 'sqrt', 'estimator__max_leaf_nodes': None, 'estimator__max_samples': None, 'estimator__min_impurity_decrease': 0.0, 'estimator__min_samples_leaf': 1, 'estimator__min_samples_split': 2, 'estimator__min_weight_fraction_leaf': 0.0, 'estimator__monotonic_cst': None, 'estimator__n_estimators': 100, 'estimator__n_jobs': None, 'estimator__oob_score': False, 'estimator__random_state': 42, 'estimator__verbose': 0, 'estimator__warm_start': False, 'estimator': RandomForestClassifier(random_state=42), 'n_jobs': None}"
class_data-1.csv,none,10,70,0.14285714285714285,8,4.203578123929739e+16,0.33861904986064467,13.836536042858413,0.10921075605797695,690,3,0.054000000000000006,0.011737877907772674,47.14672895222171,8.11724332210201,0.047344029810818984,0.3315763560948042,-0.4572923379429832,0.48273674900846875,2.8542027598544997,0.23735898947152506,1.9965211472203113,0.8812908992306927,0.0,2,svc,0.7,0.5764705882352941,0.0031049251556396484,0.5,"{'estimator__C': 0.01, 'estimator__break_ties': False, 'estimator__cache_size': 200, 'estimator__class_weight': None, 'estimator__coef0': 0.0, 'estimator__decision_function_shape': 'ovr', 'estimator__degree': 3, 'estimator__gamma': 0.1, 'estimator__kernel': 'linear', 'estimator__max_iter': -1, 'estimator__probability': False, 'estimator__random_state': 42, 'estimator__shrinking': True, 'estimator__tol': 0.001, 'estimator__verbose': False, 'estimator': SVC(C=0.01, gamma=0.1, kernel='linear', probability=False, random_state=42), 'n_jobs': None}"
class_data-10.csv,pca,3,140,0.02142857142857143,3,1.8326443547885658,0.3488368167590234,1.0658141036401503e-14,0.1026650106487806,420,1,0.09000000000000001,0.0608276253029822,-3.3908107635208525e+18,6.023328171160479e+18,0.05168436281322256,0.17487154839775174,-0.5390112037495655,0.4512863852281689,-0.45711878566082137,0.05589621418939652,1.99419471690775,1.0,0.0,1,dt,0.6666666666666666,0.6651785714285715,0.0032880306243896484,0.6666666666666667,"{'estimator__ccp_alpha': 0.0, 'estimator__class_weight': None, 'estimator__criterion': 'gini', 'estimator__max_depth': None, 'estimator__max_features': None, 'estimator__max_leaf_nodes': None, 'estimator__min_impurity_decrease': 0.0, 'estimator__min_samples_leaf': 1, 'estimator__min_samples_split': 2, 'estimator__min_weight_fraction_leaf': 0.0, 'estimator__monotonic_cst': None, 'estimator__random_state': 42, 'estimator__splitter': 'best', 'estimator': DecisionTreeClassifier(random_state=42), 'n_jobs': None}"
class_data-10.csv,pca,3,140,0.02142857142857143,3,1.8326443547885658,0.3488368167590234,1.0658141036401503e-14,0.1026650106487806,420,1,0.09000000000000001,0.0608276253029822,-3.3908107635208525e+18,6.023328171160479e+18,0.05168436281322256,0.17487154839775174,-0.5390112037495655,0.4512863852281689,-0.45711878566082137,0.05589621418939652,1.99419471690775,1.0,0.0,1,lr,0.8333333333333334,0.8325892857142857,0.0028028488159179688,0.8333333333333333,"{'estimator__C': 1.0, 'estimator__class_weight': None, 'estimator__dual': False, 'estimator__fit_intercept': True, 'estimator__intercept_scaling': 1, 'estimator__l1_ratio': None, 'estimator__max_iter': 10000, 'estimator__n_jobs': None, 'estimator__penalty': 'l2', 'estimator__random_state': 42, 'estimator__solver': 'saga', 'estimator__tol': 0.0001, 'estimator__verbose': 0, 'estimator__warm_start': False, 'estimator': LogisticRegression(l1_ratio=None, max_iter=10000, penalty='l2', random_state=42,
                   solver='saga'), 'n_jobs': None}"
class_data-10.csv,pca,3,140,0.02142857142857143,3,1.8326443547885658,0.3488368167590234,1.0658141036401503e-14,0.1026650106487806,420,1,0.09000000000000001,0.0608276253029822,-3.3908107635208525e+18,6.023328171160479e+18,0.05168436281322256,0.17487154839775174,-0.5390112037495655,0.4512863852281689,-0.45711878566082137,0.05589621418939652,1.99419471690775,1.0,0.0,1,mlp,0.8333333333333334,0.8325892857142857,0.06430697441101074,0.8333333333333333,"{'estimator__activation': 'relu', 'estimator__alpha': 0.0001, 'estimator__batch_size': 'auto', 'estimator__beta_1': 0.9, 'estimator__beta_2': 0.999, 'estimator__early_stopping': False, 'estimator__epsilon': 1e-08, 'estimator__hidden_layer_sizes': 100, 'estimator__learning_rate': 'constant', 'estimator__learning_rate_init': 0.001, 'estimator__max_fun': 15000, 'estimator__max_iter': 10000, 'estimator__momentum': 0.9, 'estimator__n_iter_no_change': 10, 'estimator__nesterovs_momentum': True, 'estimator__power_t': 0.5, 'estimator__random_state': 42, 'estimator__shuffle': True, 'estimator__solver': 'adam', 'estimator__tol': 0.0001, 'estimator__validation_fraction': 0.1, 'estimator__verbose': False, 'estimator__warm_start': False, 'estimator': MLPClassifier(hidden_layer_sizes=100, max_iter=10000, random_state=42), 'n_jobs': None}"
class_data-10.csv,pca,3,140,0.02142857142857143,3,1.8326443547885658,0.3488368167590234,1.0658141036401503e-14,0.1026650106487806,420,1,0.09000000000000001,0.0608276253029822,-3.3908107635208525e+18,6.023328171160479e+18,0.05168436281322256,0.17487154839775174,-0.5390112037495655,0.4512863852281689,-0.45711878566082137,0.05589621418939652,1.99419471690775,1.0,0.0,1,nb,0.8333333333333334,0.8331479421579533,0.002563953399658203,0.8333333333333334,"{'estimator__priors': None, 'estimator__var_smoothing': 1e-09, 'estimator': GaussianNB(), 'n_jobs': None}"
class_data-10.csv,pca,3,140,0.02142857142857143,3,1.8326443547885658,0.3488368167590234,1.0658141036401503e-14,0.1026650106487806,420,1,0.09000000000000001,0.0608276253029822,-3.3908107635208525e+18,6.023328171160479e+18,0.05168436281322256,0.17487154839775174,-0.5390112037495655,0.4512863852281689,-0.45711878566082137,0.05589621418939652,1.99419471690775,1.0,0.0,1,rf,0.8166666666666667,0.8162071846282372,0.06180715560913086,0.8166666666666667,"{'estimator__bootstrap': True, 'estimator__ccp_alpha': 0.0, 'estimator__class_weight': None, 'estimator__criterion': 'gini', 'estimator__max_depth': None, 'estimator__max_features': 'sqrt', 'estimator__max_leaf_nodes': None, 'estimator__max_samples': None, 'estimator__min_impurity_decrease': 0.0, 'estimator__min_samples_leaf': 1, 'estimator__min_samples_split': 2, 'estimator__min_weight_fraction_leaf': 0.0, 'estimator__monotonic_cst': None, 'estimator__n_estimators': 100, 'estimator__n_jobs': None, 'estimator__oob_score': False, 'estimator__random_state': 42, 'estimator__verbose': 0, 'estimator__warm_start': False, 'estimator': RandomForestClassifier(random_state=42), 'n_jobs': None}"
class_data-10.csv,pca,3,140,0.02142857142857143,3,1.8326443547885658,0.3488368167590234,1.0658141036401503e-14,0.1026650106487806,420,1,0.09000000000000001,0.0608276253029822,-3.3908107635208525e+18,6.023328171160479e+18,0.05168436281322256,0.17487154839775174,-0.5390112037495655,0.4512863852281689,-0.45711878566082137,0.05589621418939652,1.99419471690775,1.0,0.0,1,svc,0.7333333333333333,0.7333333333333333,0.003628969192504883,0.7333333333333334,"{'estimator__C': 0.01, 'estimator__break_ties': False, 'estimator__cache_size': 200, 'estimator__class_weight': None, 'estimator__coef0': 0.0, 'estimator__decision_function_shape': 'ovr', 'estimator__degree': 3, 'estimator__gamma': 0.1, 'estimator__kernel': 'linear', 'estimator__max_iter': -1, 'estimator__probability': False, 'estimator__random_state': 42, 'estimator__shrinking': True, 'estimator__tol': 0.001, 'estimator__verbose': False, 'estimator': SVC(C=0.01, gamma=0.1, kernel='linear', probability=False, random_state=42), 'n_jobs': None}"
class_data-10.csv,nmf,3,140,0.02142857142857143,2,5.853607465469449,0.4134955515896995,2.3892737591595177,0.07693881632267141,408,1,0.02,0.017320508075688773,58.667109899168736,4.446043498601154,0.29730584864905524,0.08531198397609357,-0.5514811961767957,0.2524376258657136,1.1774041987543449,0.003819470948614499,1.9941947169077499,1.0,0.0,1,dt,0.7333333333333333,0.7257142857142858,0.0029768943786621094,0.7333333333333333,"{'estimator__ccp_alpha': 0.0, 'estimator__class_weight': None, 'estimator__criterion': 'gini', 'estimator__max_depth': None, 'estimator__max_features': None, 'estimator__max_leaf_nodes': None, 'estimator__min_impurity_decrease': 0.0, 'estimator__min_samples_leaf': 1, 'estimator__min_samples_split': 2, 'estimator__min_weight_fraction_leaf': 0.0, 'estimator__monotonic_cst': None, 'estimator__random_state': 42, 'estimator__splitter': 'best', 'estimator': DecisionTreeClassifier(random_state=42), 'n_jobs': None}"
class_data-10.csv,nmf,3,140,0.02142857142857143,2,5.853607465469449,0.4134955515896995,2.3892737591595177,0.07693881632267141,408,1,0.02,0.017320508075688773,58.667109899168736,4.446043498601154,0.29730584864905524,0.08531198397609357,-0.5514811961767957,0.2524376258657136,1.1774041987543449,0.003819470948614499,1.9941947169077499,1.0,0.0,1,lr,0.65,0.649902750764101,0.002910137176513672,0.6499999999999999,"{'estimator__C': 1.0, 'estimator__class_weight': None, 'estimator__dual': False, 'estimator__fit_intercept': True, 'estimator__intercept_scaling': 1, 'estimator__l1_ratio': None, 'estimator__max_iter': 10000, 'estimator__n_jobs': None, 'estimator__penalty': 'l2', 'estimator__random_state': 42, 'estimator__solver': 'saga', 'estimator__tol': 0.0001, 'estimator__verbose': 0, 'estimator__warm_start': False, 'estimator': LogisticRegression(l1_ratio=None, max_iter=10000, penalty='l2', random_state=42,
                   solver='saga'), 'n_jobs': None}"
class_data-10.csv,nmf,3,140,0.02142857142857143,2,5.853607465469449,0.4134955515896995,2.3892737591595177,0.07693881632267141,408,1,0.02,0.017320508075688773,58.667109899168736,4.446043498601154,0.29730584864905524,0.08531198397609357,-0.5514811961767957,0.2524376258657136,1.1774041987543449,0.003819470948614499,1.9941947169077499,1.0,0.0,1,mlp,0.7833333333333333,0.783273131425396,0.11571121215820312,0.7833333333333333,"{'estimator__activation': 'relu', 'estimator__alpha': 0.0001, 'estimator__batch_size': 'auto', 'estimator__beta_1': 0.9, 'estimator__beta_2': 0.999, 'estimator__early_stopping': False, 'estimator__epsilon': 1e-08, 'estimator__hidden_layer_sizes': 100, 'estimator__learning_rate': 'constant', 'estimator__learning_rate_init': 0.001, 'estimator__max_fun': 15000, 'estimator__max_iter': 10000, 'estimator__momentum': 0.9, 'estimator__n_iter_no_change': 10, 'estimator__nesterovs_momentum': True, 'estimator__power_t': 0.5, 'estimator__random_state': 42, 'estimator__shuffle': True, 'estimator__solver': 'adam', 'estimator__tol': 0.0001, 'estimator__validation_fraction': 0.1, 'estimator__verbose': False, 'estimator__warm_start': False, 'estimator': MLPClassifier(hidden_layer_sizes=100, max_iter=10000, random_state=42), 'n_jobs': None}"
class_data-10.csv,nmf,3,140,0.02142857142857143,2,5.853607465469449,0.4134955515896995,2.3892737591595177,0.07693881632267141,408,1,0.02,0.017320508075688773,58.667109899168736,4.446043498601154,0.29730584864905524,0.08531198397609357,-0.5514811961767957,0.2524376258657136,1.1774041987543449,0.003819470948614499,1.9941947169077499,1.0,0.0,1,nb,0.7666666666666667,0.7643097643097643,0.0024099349975585938,0.7666666666666668,"{'estimator__priors': None, 'estimator__var_smoothing': 1e-09, 'estimator': GaussianNB(), 'n_jobs': None}"
class_data-10.csv,nmf,3,140,0.02142857142857143,2,5.853607465469449,0.4134955515896995,2.3892737591595177,0.07693881632267141,408,1,0.02,0.017320508075688773,58.667109899168736,4.446043498601154,0.29730584864905524,0.08531198397609357,-0.5514811961767957,0.2524376258657136,1.1774041987543449,0.003819470948614499,1.9941947169077499,1.0,0.0,1,rf,0.8666666666666667,0.8665183537263625,0.06324887275695801,0.8666666666666666,"{'estimator__bootstrap': True, 'estimator__ccp_alpha': 0.0, 'estimator__class_weight': None, 'estimator__criterion': 'gini', 'estimator__max_depth': None, 'estimator__max_features': 'sqrt', 'estimator__max_leaf_nodes': None, 'estimator__max_samples': None, 'estimator__min_impurity_decrease': 0.0, 'estimator__min_samples_leaf': 1, 'estimator__min_samples_split': 2, 'estimator__min_weight_fraction_leaf': 0.0, 'estimator__monotonic_cst': None, 'estimator__n_estimators': 100, 'estimator__n_jobs': None, 'estimator__oob_score': False, 'estimator__random_state': 42, 'estimator__verbose': 0, 'estimator__warm_start': False, 'estimator': RandomForestClassifier(random_state=42), 'n_jobs': None}"
class_data-10.csv,nmf,3,140,0.02142857142857143,2,5.853607465469449,0.4134955515896995,2.3892737591595177,0.07693881632267141,408,1,0.02,0.017320508075688773,58.667109899168736,4.446043498601154,0.29730584864905524,0.08531198397609357,-0.5514811961767957,0.2524376258657136,1.1774041987543449,0.003819470948614499,1.9941947169077499,1.0,0.0,1,svc,0.7333333333333333,0.7257142857142858,0.003389120101928711,0.7333333333333334,"{'estimator__C': 0.01, 'estimator__break_ties': False, 'estimator__cache_size': 200, 'estimator__class_weight': None, 'estimator__coef0': 0.0, 'estimator__decision_function_shape': 'ovr', 'estimator__degree': 3, 'estimator__gamma': 0.1, 'estimator__kernel': 'linear', 'estimator__max_iter': -1, 'estimator__probability': False, 'estimator__random_state': 42, 'estimator__shrinking': True, 'estimator__tol': 0.001, 'estimator__verbose': False, 'estimator': SVC(C=0.01, gamma=0.1, kernel='linear', probability=False, random_state=42), 'n_jobs': None}"
class_data-10.csv,none,10,140,0.07142857142857142,8,1.7032978779094422e+16,0.21005820571341005,12.714118033771665,0.07910919061496288,1390,3,0.045,0.0097182531580755,41.8057544405904,5.79332347410285,0.010012986970016962,0.1964881692136675,-0.42642432155877896,0.32515584714586016,2.523104453841649,0.21165339434365135,1.9982655390572324,1.0,0.0,1,dt,0.7833333333333333,0.7827903091060985,0.002962827682495117,0.7833333333333334,"{'estimator__ccp_alpha': 0.0, 'estimator__class_weight': None, 'estimator__criterion': 'gini', 'estimator__max_depth': None, 'estimator__max_features': None, 'estimator__max_leaf_nodes': None, 'estimator__min_impurity_decrease': 0.0, 'estimator__min_samples_leaf': 1, 'estimator__min_samples_split': 2, 'estimator__min_weight_fraction_leaf': 0.0, 'estimator__monotonic_cst': None, 'estimator__random_state': 42, 'estimator__splitter': 'best', 'estimator': DecisionTreeClassifier(random_state=42), 'n_jobs': None}"
class_data-10.csv,none,10,140,0.07142857142857142,8,1.7032978779094422e+16,0.21005820571341005,12.714118033771665,0.07910919061496288,1390,3,0.045,0.0097182531580755,41.8057544405904,5.79332347410285,0.010012986970016962,0.1964881692136675,-0.42642432155877896,0.32515584714586016,2.523104453841649,0.21165339434365135,1.9982655390572324,1.0,0.0,1,lr,0.8166666666666667,0.8153846153846154,0.003771066665649414,0.8166666666666667,"{'estimator__C': 1.0, 'estimator__class_weight': None, 'estimator__dual': False, 'estimator__fit_intercept': True, 'estimator__intercept_scaling': 1, 'estimator__l1_ratio': None, 'estimator__max_iter': 10000, 'estimator__n_jobs': None, 'estimator__penalty': 'l2', 'estimator__random_state': 42, 'estimator__solver': 'saga', 'estimator__tol': 0.0001, 'estimator__verbose': 0, 'estimator__warm_start': False, 'estimator': LogisticRegression(l1_ratio=None, max_iter=10000, penalty='l2', random_state=42,
                   solver='saga'), 'n_jobs': None}"
class_data-10.csv,none,10,140,0.07142857142857142,8,1.7032978779094422e+16,0.21005820571341005,12.714118033771665,0.07910919061496288,1390,3,0.045,0.0097182531580755,41.8057544405904,5.79332347410285,0.010012986970016962,0.1964881692136675,-0.42642432155877896,0.32515584714586016,2.523104453841649,0.21165339434365135,1.9982655390572324,1.0,0.0,1,mlp,0.8333333333333334,0.8331479421579533,0.07898783683776855,0.8333333333333334,"{'estimator__activation': 'relu', 'estimator__alpha': 0.0001, 'estimator__batch_size': 'auto', 'estimator__beta_1': 0.9, 'estimator__beta_2': 0.999, 'estimator__early_stopping': False, 'estimator__epsilon': 1e-08, 'estimator__hidden_layer_sizes': 100, 'estimator__learning_rate': 'constant', 'estimator__learning_rate_init': 0.001, 'estimator__max_fun': 15000, 'estimator__max_iter': 10000, 'estimator__momentum': 0.9, 'estimator__n_iter_no_change': 10, 'estimator__nesterovs_momentum': True, 'estimator__power_t': 0.5, 'estimator__random_state': 42, 'estimator__shuffle': True, 'estimator__solver': 'adam', 'estimator__tol': 0.0001, 'estimator__validation_fraction': 0.1, 'estimator__verbose': False, 'estimator__warm_start': False, 'estimator': MLPClassifier(hidden_layer_sizes=100, max_iter=10000, random_state=42), 'n_jobs': None}"
class_data-10.csv,none,10,140,0.07142857142857142,8,1.7032978779094422e+16,0.21005820571341005,12.714118033771665,0.07910919061496288,1390,3,0.045,0.0097182531580755,41.8057544405904,5.79332347410285,0.010012986970016962,0.1964881692136675,-0.42642432155877896,0.32515584714586016,2.523104453841649,0.21165339434365135,1.9982655390572324,1.0,0.0,1,nb,0.8333333333333334,0.8325892857142857,0.0024847984313964844,0.8333333333333333,"{'estimator__priors': None, 'estimator__var_smoothing': 1e-09, 'estimator': GaussianNB(), 'n_jobs': None}"
class_data-10.csv,none,10,140,0.07142857142857142,8,1.7032978779094422e+16,0.21005820571341005,12.714118033771665,0.07910919061496288,1390,3,0.045,0.0097182531580755,41.8057544405904,5.79332347410285,0.010012986970016962,0.1964881692136675,-0.42642432155877896,0.32515584714586016,2.523104453841649,0.21165339434365135,1.9982655390572324,1.0,0.0,1,rf,0.9166666666666666,0.9164578111946533,0.06563687324523926,0.9166666666666667,"{'estimator__bootstrap': True, 'estimator__ccp_alpha': 0.0, 'estimator__class_weight': None, 'estimator__criterion': 'gini', 'estimator__max_depth': None, 'estimator__max_features': 'sqrt', 'estimator__max_leaf_nodes': None, 'estimator__max_samples': None, 'estimator__min_impurity_decrease': 0.0, 'estimator__min_samples_leaf': 1, 'estimator__min_samples_split': 2, 'estimator__min_weight_fraction_leaf': 0.0, 'estimator__monotonic_cst': None, 'estimator__n_estimators': 100, 'estimator__n_jobs': None, 'estimator__oob_score': False, 'estimator__random_state': 42, 'estimator__verbose': 0, 'estimator__warm_start': False, 'estimator': RandomForestClassifier(random_state=42), 'n_jobs': None}"
class_data-10.csv,none,10,140,0.07142857142857142,8,1.7032978779094422e+16,0.21005820571341005,12.714118033771665,0.07910919061496288,1390,3,0.045,0.0097182531580755,41.8057544405904,5.79332347410285,0.010012986970016962,0.1964881692136675,-0.42642432155877896,0.32515584714586016,2.523104453841649,0.21165339434365135,1.9982655390572324,1.0,0.0,1,svc,0.7333333333333333,0.7333333333333333,0.0035216808319091797,0.7333333333333334,"{'estimator__C': 0.01, 'estimator__break_ties': False, 'estimator__cache_size': 200, 'estimator__class_weight': None, 'estimator__coef0': 0.0, 'estimator__decision_function_shape': 'ovr', 'estimator__degree': 3, 'estimator__gamma': 0.1, 'estimator__kernel': 'linear', 'estimator__max_iter': -1, 'estimator__probability': False, 'estimator__random_state': 42, 'estimator__shrinking': True, 'estimator__tol': 0.001, 'estimator__verbose': False, 'estimator': SVC(C=0.01, gamma=0.1, kernel='linear', probability=False, random_state=42), 'n_jobs': None}"
class_data-10.csv,pca,3,140,0.02142857142857143,3,1.9585627893688193,0.3628460772869657,5.329070518200751e-15,0.09486882129412229,420,1,0.09000000000000001,0.07,-1.072262266392709e+17,2.575781591729872e+17,-0.09778801819535703,0.1265149224921009,-0.3369454155488758,0.5111439019188294,-0.44246563955662743,0.0515611152067784,1.9941947169077499,1.0,0.0,2,dt,0.6333333333333333,0.6333333333333333,0.0026640892028808594,0.6333333333333332,"{'estimator__ccp_alpha': 0.0, 'estimator__class_weight': None, 'estimator__criterion': 'gini', 'estimator__max_depth': None, 'estimator__max_features': None, 'estimator__max_leaf_nodes': None, 'estimator__min_impurity_decrease': 0.0, 'estimator__min_samples_leaf': 1, 'estimator__min_samples_split': 2, 'estimator__min_weight_fraction_leaf': 0.0, 'estimator__monotonic_cst': None, 'estimator__random_state': 42, 'estimator__splitter': 'best', 'estimator': DecisionTreeClassifier(random_state=42), 'n_jobs': None}"
class_data-10.csv,pca,3,140,0.02142857142857143,3,1.9585627893688193,0.3628460772869657,5.329070518200751e-15,0.09486882129412229,420,1,0.09000000000000001,0.07,-1.072262266392709e+17,2.575781591729872e+17,-0.09778801819535703,0.1265149224921009,-0.3369454155488758,0.5111439019188294,-0.44246563955662743,0.0515611152067784,1.9941947169077499,1.0,0.0,2,lr,0.7,0.7,0.0033490657806396484,0.7,"{'estimator__C': 1.0, 'estimator__class_weight': None, 'estimator__dual': False, 'estimator__fit_intercept': True, 'estimator__intercept_scaling': 1, 'estimator__l1_ratio': None, 'estimator__max_iter': 10000, 'estimator__n_jobs': None, 'estimator__penalty': 'l2', 'estimator__random_state': 42, 'estimator__solver': 'saga', 'estimator__tol': 0.0001, 'estimator__verbose': 0, 'estimator__warm_start': False, 'estimator': LogisticRegression(l1_ratio=None, max_iter=10000, penalty='l2', random_state=42,
                   solver='saga'), 'n_jobs': None}"
class_data-10.csv,pca,3,140,0.02142857142857143,3,1.9585627893688193,0.3628460772869657,5.329070518200751e-15,0.09486882129412229,420,1,0.09000000000000001,0.07,-1.072262266392709e+17,2.575781591729872e+17,-0.09778801819535703,0.1265149224921009,-0.3369454155488758,0.5111439019188294,-0.44246563955662743,0.0515611152067784,1.9941947169077499,1.0,0.0,2,mlp,0.7,0.7,0.07849884033203125,0.7,"{'estimator__activation': 'relu', 'estimator__alpha': 0.0001, 'estimator__batch_size': 'auto', 'estimator__beta_1': 0.9, 'estimator__beta_2': 0.999, 'estimator__early_stopping': False, 'estimator__epsilon': 1e-08, 'estimator__hidden_layer_sizes': 100, 'estimator__learning_rate': 'constant', 'estimator__learning_rate_init': 0.001, 'estimator__max_fun': 15000, 'estimator__max_iter': 10000, 'estimator__momentum': 0.9, 'estimator__n_iter_no_change': 10, 'estimator__nesterovs_momentum': True, 'estimator__power_t': 0.5, 'estimator__random_state': 42, 'estimator__shuffle': True, 'estimator__solver': 'adam', 'estimator__tol': 0.0001, 'estimator__validation_fraction': 0.1, 'estimator__verbose': False, 'estimator__warm_start': False, 'estimator': MLPClassifier(hidden_layer_sizes=100, max_iter=10000, random_state=42), 'n_jobs': None}"
class_data-10.csv,pca,3,140,0.02142857142857143,3,1.9585627893688193,0.3628460772869657,5.329070518200751e-15,0.09486882129412229,420,1,0.09000000000000001,0.07,-1.072262266392709e+17,2.575781591729872e+17,-0.09778801819535703,0.1265149224921009,-0.3369454155488758,0.5111439019188294,-0.44246563955662743,0.0515611152067784,1.9941947169077499,1.0,0.0,2,nb,0.7333333333333333,0.7330367074527253,0.0025551319122314453,0.7333333333333333,"{'estimator__priors': None, 'estimator__var_smoothing': 1e-09, 'estimator': GaussianNB(), 'n_jobs': None}"
class_data-10.csv,pca,3,140,0.02142857142857143,3,1.9585627893688193,0.3628460772869657,5.329070518200751e-15,0.09486882129412229,420,1,0.09000000000000001,0.07,-1.072262266392709e+17,2.575781591729872e+17,-0.09778801819535703,0.1265149224921009,-0.3369454155488758,0.5111439019188294,-0.44246563955662743,0.0515611152067784,1.9941947169077499,1.0,0.0,2,rf,0.7166666666666667,0.7146853146853147,0.06404280662536621,0.7166666666666667,"{'estimator__bootstrap': True, 'estimator__ccp_alpha': 0.0, 'estimator__class_weight': None, 'estimator__criterion': 'gini', 'estimator__max_depth': None, 'estimator__max_features': 'sqrt', 'estimator__max_leaf_nodes': None, 'estimator__max_samples': None, 'estimator__min_impurity_decrease': 0.0, 'estimator__min_samples_leaf': 1, 'estimator__min_samples_split': 2, 'estimator__min_weight_fraction_leaf': 0.0, 'estimator__monotonic_cst': None, 'estimator__n_estimators': 100, 'estimator__n_jobs': None, 'estimator__oob_score': False, 'estimator__random_state': 42, 'estimator__verbose': 0, 'estimator__warm_start': False, 'estimator': RandomForestClassifier(random_state=42), 'n_jobs': None}"
class_data-10.csv,pca,3,140,0.02142857142857143,3,1.9585627893688193,0.3628460772869657,5.329070518200751e-15,0.09486882129412229,420,1,0.09000000000000001,0.07,-1.072262266392709e+17,2.575781591729872e+17,-0.09778801819535703,0.1265149224921009,-0.3369454155488758,0.5111439019188294,-0.44246563955662743,0.0515611152067784,1.9941947169077499,1.0,0.0,2,svc,0.6833333333333333,0.6825396825396824,0.0030570030212402344,0.6833333333333333,"{'estimator__C': 0.01, 'estimator__break_ties': False, 'estimator__cache_size': 200, 'estimator__class_weight': None, 'estimator__coef0': 0.0, 'estimator__decision_function_shape': 'ovr', 'estimator__degree': 3, 'estimator__gamma': 0.1, 'estimator__kernel': 'linear', 'estimator__max_iter': -1, 'estimator__probability': False, 'estimator__random_state': 42, 'estimator__shrinking': True, 'estimator__tol': 0.001, 'estimator__verbose': False, 'estimator': SVC(C=0.01, gamma=0.1, kernel='linear', probability=False, random_state=42), 'n_jobs': None}"
class_data-10.csv,nmf,3,140,0.02142857142857143,2,4.560230451610184,0.508805290364827,2.4993052865808423,0.12724161397020328,404,1,0.023333333333333334,0.023094010767585032,59.66936351565315,1.9683704949196743,0.29055280310924975,0.06853899713907873,-0.5626106597902657,0.28359930639389186,1.0690041568713469,0.003434726358794499,1.9941947169077499,1.0,0.0,2,dt,0.6833333333333333,0.6811188811188811,0.002565145492553711,0.6833333333333332,"{'estimator__ccp_alpha': 0.0, 'estimator__class_weight': None, 'estimator__criterion': 'gini', 'estimator__max_depth': None, 'estimator__max_features': None, 'estimator__max_leaf_nodes': None, 'estimator__min_impurity_decrease': 0.0, 'estimator__min_samples_leaf': 1, 'estimator__min_samples_split': 2, 'estimator__min_weight_fraction_leaf': 0.0, 'estimator__monotonic_cst': None, 'estimator__random_state': 42, 'estimator__splitter': 'best', 'estimator': DecisionTreeClassifier(random_state=42), 'n_jobs': None}"
class_data-10.csv,nmf,3,140,0.02142857142857143,2,4.560230451610184,0.508805290364827,2.4993052865808423,0.12724161397020328,404,1,0.023333333333333334,0.023094010767585032,59.66936351565315,1.9683704949196743,0.29055280310924975,0.06853899713907873,-0.5626106597902657,0.28359930639389186,1.0690041568713469,0.003434726358794499,1.9941947169077499,1.0,0.0,2,lr,0.6833333333333333,0.6825396825396824,0.002916097640991211,0.6833333333333333,"{'estimator__C': 1.0, 'estimator__class_weight': None, 'estimator__dual': False, 'estimator__fit_intercept': True, 'estimator__intercept_scaling': 1, 'estimator__l1_ratio': None, 'estimator__max_iter': 10000, 'estimator__n_jobs': None, 'estimator__penalty': 'l2', 'estimator__random_state': 42, 'estimator__solver': 'saga', 'estimator__tol': 0.0001, 'estimator__verbose': 0, 'estimator__warm_start': False, 'estimator': LogisticRegression(l1_ratio=None, max_iter=10000, penalty='l2', random_state=42,
                   solver='saga'), 'n_jobs': None}"
class_data-10.csv,nmf,3,140,0.02142857142857143,2,4.560230451610184,0.508805290364827,2.4993052865808423,0.12724161397020328,404,1,0.023333333333333334,0.023094010767585032,59.66936351565315,1.9683704949196743,0.29055280310924975,0.06853899713907873,-0.5626106597902657,0.28359930639389186,1.0690041568713469,0.003434726358794499,1.9941947169077499,1.0,0.0,2,mlp,0.75,0.7499305362600722,0.11481213569641113,0.75,"{'estimator__activation': 'relu', 'estimator__alpha': 0.0001, 'estimator__batch_size': 'auto', 'estimator__beta_1': 0.9, 'estimator__beta_2': 0.999, 'estimator__early_stopping': False, 'estimator__epsilon': 1e-08, 'estimator__hidden_layer_sizes': 100, 'estimator__learning_rate': 'constant', 'estimator__learning_rate_init': 0.001, 'estimator__max_fun': 15000, 'estimator__max_iter': 10000, 'estimator__momentum': 0.9, 'estimator__n_iter_no_change': 10, 'estimator__nesterovs_momentum': True, 'estimator__power_t': 0.5, 'estimator__random_state': 42, 'estimator__shuffle': True, 'estimator__solver': 'adam', 'estimator__tol': 0.0001, 'estimator__validation_fraction': 0.1, 'estimator__verbose': False, 'estimator__warm_start': False, 'estimator': MLPClassifier(hidden_layer_sizes=100, max_iter=10000, random_state=42), 'n_jobs': None}"
class_data-10.csv,nmf,3,140,0.02142857142857143,2,4.560230451610184,0.508805290364827,2.4993052865808423,0.12724161397020328,404,1,0.023333333333333334,0.023094010767585032,59.66936351565315,1.9683704949196743,0.29055280310924975,0.06853899713907873,-0.5626106597902657,0.28359930639389186,1.0690041568713469,0.003434726358794499,1.9941947169077499,1.0,0.0,2,nb,0.7166666666666667,0.7127569698676429,0.002524137496948242,0.7166666666666668,"{'estimator__priors': None, 'estimator__var_smoothing': 1e-09, 'estimator': GaussianNB(), 'n_jobs': None}"
class_data-10.csv,nmf,3,140,0.02142857142857143,2,4.560230451610184,0.508805290364827,2.4993052865808423,0.12724161397020328,404,1,0.023333333333333334,0.023094010767585032,59.66936351565315,1.9683704949196743,0.29055280310924975,0.06853899713907873,-0.5626106597902657,0.28359930639389186,1.0690041568713469,0.003434726358794499,1.9941947169077499,1.0,0.0,2,rf,0.6,0.5995550611790877,0.06375598907470703,0.6,"{'estimator__bootstrap': True, 'estimator__ccp_alpha': 0.0, 'estimator__class_weight': None, 'estimator__criterion': 'gini', 'estimator__max_depth': None, 'estimator__max_features': 'sqrt', 'estimator__max_leaf_nodes': None, 'estimator__max_samples': None, 'estimator__min_impurity_decrease': 0.0, 'estimator__min_samples_leaf': 1, 'estimator__min_samples_split': 2, 'estimator__min_weight_fraction_leaf': 0.0, 'estimator__monotonic_cst': None, 'estimator__n_estimators': 100, 'estimator__n_jobs': None, 'estimator__oob_score': False, 'estimator__random_state': 42, 'estimator__verbose': 0, 'estimator__warm_start': False, 'estimator': RandomForestClassifier(random_state=42), 'n_jobs': None}"
class_data-10.csv,nmf,3,140,0.02142857142857143,2,4.560230451610184,0.508805290364827,2.4993052865808423,0.12724161397020328,404,1,0.023333333333333334,0.023094010767585032,59.66936351565315,1.9683704949196743,0.29055280310924975,0.06853899713907873,-0.5626106597902657,0.28359930639389186,1.0690041568713469,0.003434726358794499,1.9941947169077499,1.0,0.0,2,svc,0.7,0.6875,0.0031969547271728516,0.7,"{'estimator__C': 0.01, 'estimator__break_ties': False, 'estimator__cache_size': 200, 'estimator__class_weight': None, 'estimator__coef0': 0.0, 'estimator__decision_function_shape': 'ovr', 'estimator__degree': 3, 'estimator__gamma': 0.1, 'estimator__kernel': 'linear', 'estimator__max_iter': -1, 'estimator__probability': False, 'estimator__random_state': 42, 'estimator__shrinking': True, 'estimator__tol': 0.001, 'estimator__verbose': False, 'estimator': SVC(C=0.01, gamma=0.1, kernel='linear', probability=False, random_state=42), 'n_jobs': None}"
class_data-10.csv,none,10,140,0.07142857142857142,8,1.5556643485858946e+16,0.23543039214432382,13.19440264181019,0.07072738125287474,1390,4,0.046,0.011737877907772674,41.07454661253686,5.533135501100484,0.003919257853767341,0.16739773810712946,-0.3669757915602614,0.3418935579114278,2.5450939469948675,0.19592105994209993,1.9982668292609052,1.0,0.0,2,dt,0.7666666666666667,0.7664071190211346,0.002705097198486328,0.7666666666666667,"{'estimator__ccp_alpha': 0.0, 'estimator__class_weight': None, 'estimator__criterion': 'gini', 'estimator__max_depth': None, 'estimator__max_features': None, 'estimator__max_leaf_nodes': None, 'estimator__min_impurity_decrease': 0.0, 'estimator__min_samples_leaf': 1, 'estimator__min_samples_split': 2, 'estimator__min_weight_fraction_leaf': 0.0, 'estimator__monotonic_cst': None, 'estimator__random_state': 42, 'estimator__splitter': 'best', 'estimator': DecisionTreeClassifier(random_state=42), 'n_jobs': None}"
class_data-10.csv,none,10,140,0.07142857142857142,8,1.5556643485858946e+16,0.23543039214432382,13.19440264181019,0.07072738125287474,1390,4,0.046,0.011737877907772674,41.07454661253686,5.533135501100484,0.003919257853767341,0.16739773810712946,-0.3669757915602614,0.3418935579114278,2.5450939469948675,0.19592105994209993,1.9982668292609052,1.0,0.0,2,lr,0.8,0.799777530589544,0.0037550926208496094,0.8,"{'estimator__C': 1.0, 'estimator__class_weight': None, 'estimator__dual': False, 'estimator__fit_intercept': True, 'estimator__intercept_scaling': 1, 'estimator__l1_ratio': None, 'estimator__max_iter': 10000, 'estimator__n_jobs': None, 'estimator__penalty': 'l2', 'estimator__random_state': 42, 'estimator__solver': 'saga', 'estimator__tol': 0.0001, 'estimator__verbose': 0, 'estimator__warm_start': False, 'estimator': LogisticRegression(l1_ratio=None, max_iter=10000, penalty='l2', random_state=42,
                   solver='saga'), 'n_jobs': None}"
class_data-10.csv,none,10,140,0.07142857142857142,8,1.5556643485858946e+16,0.23543039214432382,13.19440264181019,0.07072738125287474,1390,4,0.046,0.011737877907772674,41.07454661253686,5.533135501100484,0.003919257853767341,0.16739773810712946,-0.3669757915602614,0.3418935579114278,2.5450939469948675,0.19592105994209993,1.9982668292609052,1.0,0.0,2,mlp,0.7333333333333333,0.7330367074527253,0.08186697959899902,0.7333333333333333,"{'estimator__activation': 'relu', 'estimator__alpha': 0.0001, 'estimator__batch_size': 'auto', 'estimator__beta_1': 0.9, 'estimator__beta_2': 0.999, 'estimator__early_stopping': False, 'estimator__epsilon': 1e-08, 'estimator__hidden_layer_sizes': 100, 'estimator__learning_rate': 'constant', 'estimator__learning_rate_init': 0.001, 'estimator__max_fun': 15000, 'estimator__max_iter': 10000, 'estimator__momentum': 0.9, 'estimator__n_iter_no_change': 10, 'estimator__nesterovs_momentum': True, 'estimator__power_t': 0.5, 'estimator__random_state': 42, 'estimator__shuffle': True, 'estimator__solver': 'adam', 'estimator__tol': 0.0001, 'estimator__validation_fraction': 0.1, 'estimator__verbose': False, 'estimator__warm_start': False, 'estimator': MLPClassifier(hidden_layer_sizes=100, max_iter=10000, random_state=42), 'n_jobs': None}"
class_data-10.csv,none,10,140,0.07142857142857142,8,1.5556643485858946e+16,0.23543039214432382,13.19440264181019,0.07072738125287474,1390,4,0.046,0.011737877907772674,41.07454661253686,5.533135501100484,0.003919257853767341,0.16739773810712946,-0.3669757915602614,0.3418935579114278,2.5450939469948675,0.19592105994209993,1.9982668292609052,1.0,0.0,2,nb,0.7333333333333333,0.7330367074527253,0.002424001693725586,0.7333333333333333,"{'estimator__priors': None, 'estimator__var_smoothing': 1e-09, 'estimator': GaussianNB(), 'n_jobs': None}"
class_data-10.csv,none,10,140,0.07142857142857142,8,1.5556643485858946e+16,0.23543039214432382,13.19440264181019,0.07072738125287474,1390,4,0.046,0.011737877907772674,41.07454661253686,5.533135501100484,0.003919257853767341,0.16739773810712946,-0.3669757915602614,0.3418935579114278,2.5450939469948675,0.19592105994209993,1.9982668292609052,1.0,0.0,2,rf,0.8333333333333334,0.8325892857142857,0.06612920761108398,0.8333333333333334,"{'estimator__bootstrap': True, 'estimator__ccp_alpha': 0.0, 'estimator__class_weight': None, 'estimator__criterion': 'gini', 'estimator__max_depth': None, 'estimator__max_features': 'sqrt', 'estimator__max_leaf_nodes': None, 'estimator__max_samples': None, 'estimator__min_impurity_decrease': 0.0, 'estimator__min_samples_leaf': 1, 'estimator__min_samples_split': 2, 'estimator__min_weight_fraction_leaf': 0.0, 'estimator__monotonic_cst': None, 'estimator__n_estimators': 100, 'estimator__n_jobs': None, 'estimator__oob_score': False, 'estimator__random_state': 42, 'estimator__verbose': 0, 'estimator__warm_start': False, 'estimator': RandomForestClassifier(random_state=42), 'n_jobs': None}"
class_data-10.csv,none,10,140,0.07142857142857142,8,1.5556643485858946e+16,0.23543039214432382,13.19440264181019,0.07072738125287474,1390,4,0.046,0.011737877907772674,41.07454661253686,5.533135501100484,0.003919257853767341,0.16739773810712946,-0.3669757915602614,0.3418935579114278,2.5450939469948675,0.19592105994209993,1.9982668292609052,1.0,0.0,2,svc,0.6833333333333333,0.6832453459294248,0.0031099319458007812,0.6833333333333335,"{'estimator__C': 0.01, 'estimator__break_ties': False, 'estimator__cache_size': 200, 'estimator__class_weight': None, 'estimator__coef0': 0.0, 'estimator__decision_function_shape': 'ovr', 'estimator__degree': 3, 'estimator__gamma': 0.1, 'estimator__kernel': 'linear', 'estimator__max_iter': -1, 'estimator__probability': False, 'estimator__random_state': 42, 'estimator__shrinking': True, 'estimator__tol': 0.001, 'estimator__verbose': False, 'estimator': SVC(C=0.01, gamma=0.1, kernel='linear', probability=False, random_state=42), 'n_jobs': None}"
class_data-11.csv,pca,3,140,0.02142857142857143,3,1.4584837430104398,0.058099516683320196,9.769962616701378e-15,0.020038897383132692,420,1,0.07333333333333332,0.03214550253664318,3.817287854706231e+16,5.134766319570418e+17,0.202417272947737,0.5616646550071575,-0.1552269765597701,0.36765548960678934,-0.28462484693365997,0.06626470097687151,1.9941947169077505,0.8898478016282408,0.0,1,dt,0.5166666666666667,0.5130467817214804,0.00269317626953125,0.4345314505776637,"{'estimator__ccp_alpha': 0.0, 'estimator__class_weight': None, 'estimator__criterion': 'gini', 'estimator__max_depth': None, 'estimator__max_features': None, 'estimator__max_leaf_nodes': None, 'estimator__min_impurity_decrease': 0.0, 'estimator__min_samples_leaf': 1, 'estimator__min_samples_split': 2, 'estimator__min_weight_fraction_leaf': 0.0, 'estimator__monotonic_cst': None, 'estimator__random_state': 42, 'estimator__splitter': 'best', 'estimator': DecisionTreeClassifier(random_state=42), 'n_jobs': None}"
class_data-11.csv,pca,3,140,0.02142857142857143,3,1.4584837430104398,0.058099516683320196,9.769962616701378e-15,0.020038897383132692,420,1,0.07333333333333332,0.03214550253664318,3.817287854706231e+16,5.134766319570418e+17,0.202417272947737,0.5616646550071575,-0.1552269765597701,0.36765548960678934,-0.28462484693365997,0.06626470097687151,1.9941947169077505,0.8898478016282408,0.0,1,lr,0.6833333333333333,0.5547854785478548,0.002857208251953125,0.5,"{'estimator__C': 1.0, 'estimator__class_weight': None, 'estimator__dual': False, 'estimator__fit_intercept': True, 'estimator__intercept_scaling': 1, 'estimator__l1_ratio': None, 'estimator__max_iter': 10000, 'estimator__n_jobs': None, 'estimator__penalty': 'l2', 'estimator__random_state': 42, 'estimator__solver': 'saga', 'estimator__tol': 0.0001, 'estimator__verbose': 0, 'estimator__warm_start': False, 'estimator': LogisticRegression(l1_ratio=None, max_iter=10000, penalty='l2', random_state=42,
                   solver='saga'), 'n_jobs': None}"
class_data-11.csv,pca,3,140,0.02142857142857143,3,1.4584837430104398,0.058099516683320196,9.769962616701378e-15,0.020038897383132692,420,1,0.07333333333333332,0.03214550253664318,3.817287854706231e+16,5.134766319570418e+17,0.202417272947737,0.5616646550071575,-0.1552269765597701,0.36765548960678934,-0.28462484693365997,0.06626470097687151,1.9941947169077505,0.8898478016282408,0.0,1,mlp,0.65,0.6242479159115621,0.07068634033203125,0.5462130937098845,"{'estimator__activation': 'relu', 'estimator__alpha': 0.0001, 'estimator__batch_size': 'auto', 'estimator__beta_1': 0.9, 'estimator__beta_2': 0.999, 'estimator__early_stopping': False, 'estimator__epsilon': 1e-08, 'estimator__hidden_layer_sizes': 100, 'estimator__learning_rate': 'constant', 'estimator__learning_rate_init': 0.001, 'estimator__max_fun': 15000, 'estimator__max_iter': 10000, 'estimator__momentum': 0.9, 'estimator__n_iter_no_change': 10, 'estimator__nesterovs_momentum': True, 'estimator__power_t': 0.5, 'estimator__random_state': 42, 'estimator__shuffle': True, 'estimator__solver': 'adam', 'estimator__tol': 0.0001, 'estimator__validation_fraction': 0.1, 'estimator__verbose': False, 'estimator__warm_start': False, 'estimator': MLPClassifier(hidden_layer_sizes=100, max_iter=10000, random_state=42), 'n_jobs': None}"
class_data-11.csv,pca,3,140,0.02142857142857143,3,1.4584837430104398,0.058099516683320196,9.769962616701378e-15,0.020038897383132692,420,1,0.07333333333333332,0.03214550253664318,3.817287854706231e+16,5.134766319570418e+17,0.202417272947737,0.5616646550071575,-0.1552269765597701,0.36765548960678934,-0.28462484693365997,0.06626470097687151,1.9941947169077505,0.8898478016282408,0.0,1,nb,0.65,0.5383838383838384,0.0026056766510009766,0.47560975609756095,"{'estimator__priors': None, 'estimator__var_smoothing': 1e-09, 'estimator': GaussianNB(), 'n_jobs': None}"
class_data-11.csv,pca,3,140,0.02142857142857143,3,1.4584837430104398,0.058099516683320196,9.769962616701378e-15,0.020038897383132692,420,1,0.07333333333333332,0.03214550253664318,3.817287854706231e+16,5.134766319570418e+17,0.202417272947737,0.5616646550071575,-0.1552269765597701,0.36765548960678934,-0.28462484693365997,0.06626470097687151,1.9941947169077505,0.8898478016282408,0.0,1,rf,0.65,0.6129973474801061,0.05970621109008789,0.5320924261874197,"{'estimator__bootstrap': True, 'estimator__ccp_alpha': 0.0, 'estimator__class_weight': None, 'estimator__criterion': 'gini', 'estimator__max_depth': None, 'estimator__max_features': 'sqrt', 'estimator__max_leaf_nodes': None, 'estimator__max_samples': None, 'estimator__min_impurity_decrease': 0.0, 'estimator__min_samples_leaf': 1, 'estimator__min_samples_split': 2, 'estimator__min_weight_fraction_leaf': 0.0, 'estimator__monotonic_cst': None, 'estimator__n_estimators': 100, 'estimator__n_jobs': None, 'estimator__oob_score': False, 'estimator__random_state': 42, 'estimator__verbose': 0, 'estimator__warm_start': False, 'estimator': RandomForestClassifier(random_state=42), 'n_jobs': None}"
class_data-11.csv,pca,3,140,0.02142857142857143,3,1.4584837430104398,0.058099516683320196,9.769962616701378e-15,0.020038897383132692,420,1,0.07333333333333332,0.03214550253664318,3.817287854706231e+16,5.134766319570418e+17,0.202417272947737,0.5616646550071575,-0.1552269765597701,0.36765548960678934,-0.28462484693365997,0.06626470097687151,1.9941947169077505,0.8898478016282408,0.0,1,svc,0.6833333333333333,0.5547854785478548,0.0030210018157958984,0.5,"{'estimator__C': 0.01, 'estimator__break_ties': False, 'estimator__cache_size': 200, 'estimator__class_weight': None, 'estimator__coef0': 0.0, 'estimator__decision_function_shape': 'ovr', 'estimator__degree': 3, 'estimator__gamma': 0.1, 'estimator__kernel': 'linear', 'estimator__max_iter': -1, 'estimator__probability': False, 'estimator__random_state': 42, 'estimator__shrinking': True, 'estimator__tol': 0.001, 'estimator__verbose': False, 'estimator': SVC(C=0.01, gamma=0.1, kernel='linear', probability=False, random_state=42), 'n_jobs': None}"
class_data-11.csv,nmf,3,140,0.02142857142857143,3,4.057203326537017,0.07590410367091079,2.3477772263917425,0.05413646852457029,409,1,0.02,0.01,54.67410296348475,8.769146811283306,0.5114998207036431,0.3310466677179334,0.11000361227644895,0.48846110775729257,1.1760164352264553,0.00480470004069973,1.9941947169077487,0.8898478016282408,0.0,1,dt,0.6166666666666667,0.6070028011204481,0.002747058868408203,0.5359435173299101,"{'estimator__ccp_alpha': 0.0, 'estimator__class_weight': None, 'estimator__criterion': 'gini', 'estimator__max_depth': None, 'estimator__max_features': None, 'estimator__max_leaf_nodes': None, 'estimator__min_impurity_decrease': 0.0, 'estimator__min_samples_leaf': 1, 'estimator__min_samples_split': 2, 'estimator__min_weight_fraction_leaf': 0.0, 'estimator__monotonic_cst': None, 'estimator__random_state': 42, 'estimator__splitter': 'best', 'estimator': DecisionTreeClassifier(random_state=42), 'n_jobs': None}"
class_data-11.csv,nmf,3,140,0.02142857142857143,3,4.057203326537017,0.07590410367091079,2.3477772263917425,0.05413646852457029,409,1,0.02,0.01,54.67410296348475,8.769146811283306,0.5114998207036431,0.3310466677179334,0.11000361227644895,0.48846110775729257,1.1760164352264553,0.00480470004069973,1.9941947169077487,0.8898478016282408,0.0,1,lr,0.6833333333333333,0.5547854785478548,0.002629995346069336,0.5,"{'estimator__C': 1.0, 'estimator__class_weight': None, 'estimator__dual': False, 'estimator__fit_intercept': True, 'estimator__intercept_scaling': 1, 'estimator__l1_ratio': None, 'estimator__max_iter': 10000, 'estimator__n_jobs': None, 'estimator__penalty': 'l2', 'estimator__random_state': 42, 'estimator__solver': 'saga', 'estimator__tol': 0.0001, 'estimator__verbose': 0, 'estimator__warm_start': False, 'estimator': LogisticRegression(l1_ratio=None, max_iter=10000, penalty='l2', random_state=42,
                   solver='saga'), 'n_jobs': None}"
class_data-11.csv,nmf,3,140,0.02142857142857143,3,4.057203326537017,0.07590410367091079,2.3477772263917425,0.05413646852457029,409,1,0.02,0.01,54.67410296348475,8.769146811283306,0.5114998207036431,0.3310466677179334,0.11000361227644895,0.48846110775729257,1.1760164352264553,0.00480470004069973,1.9941947169077487,0.8898478016282408,0.0,1,mlp,0.6833333333333333,0.5547854785478548,0.04250383377075195,0.5,"{'estimator__activation': 'relu', 'estimator__alpha': 0.0001, 'estimator__batch_size': 'auto', 'estimator__beta_1': 0.9, 'estimator__beta_2': 0.999, 'estimator__early_stopping': False, 'estimator__epsilon': 1e-08, 'estimator__hidden_layer_sizes': 100, 'estimator__learning_rate': 'constant', 'estimator__learning_rate_init': 0.001, 'estimator__max_fun': 15000, 'estimator__max_iter': 10000, 'estimator__momentum': 0.9, 'estimator__n_iter_no_change': 10, 'estimator__nesterovs_momentum': True, 'estimator__power_t': 0.5, 'estimator__random_state': 42, 'estimator__shuffle': True, 'estimator__solver': 'adam', 'estimator__tol': 0.0001, 'estimator__validation_fraction': 0.1, 'estimator__verbose': False, 'estimator__warm_start': False, 'estimator': MLPClassifier(hidden_layer_sizes=100, max_iter=10000, random_state=42), 'n_jobs': None}"
class_data-11.csv,nmf,3,140,0.02142857142857143,3,4.057203326537017,0.07590410367091079,2.3477772263917425,0.05413646852457029,409,1,0.02,0.01,54.67410296348475,8.769146811283306,0.5114998207036431,0.3310466677179334,0.11000361227644895,0.48846110775729257,1.1760164352264553,0.00480470004069973,1.9941947169077487,0.8898478016282408,0.0,1,nb,0.6333333333333333,0.587784679089027,0.002991199493408203,0.5057766367137356,"{'estimator__priors': None, 'estimator__var_smoothing': 1e-09, 'estimator': GaussianNB(), 'n_jobs': None}"
class_data-11.csv,nmf,3,140,0.02142857142857143,3,4.057203326537017,0.07590410367091079,2.3477772263917425,0.05413646852457029,409,1,0.02,0.01,54.67410296348475,8.769146811283306,0.5114998207036431,0.3310466677179334,0.11000361227644895,0.48846110775729257,1.1760164352264553,0.00480470004069973,1.9941947169077487,0.8898478016282408,0.0,1,rf,0.7166666666666667,0.7095238095238096,0.05848193168640137,0.6514762516046213,"{'estimator__bootstrap': True, 'estimator__ccp_alpha': 0.0, 'estimator__class_weight': None, 'estimator__criterion': 'gini', 'estimator__max_depth': None, 'estimator__max_features': 'sqrt', 'estimator__max_leaf_nodes': None, 'estimator__max_samples': None, 'estimator__min_impurity_decrease': 0.0, 'estimator__min_samples_leaf': 1, 'estimator__min_samples_split': 2, 'estimator__min_weight_fraction_leaf': 0.0, 'estimator__monotonic_cst': None, 'estimator__n_estimators': 100, 'estimator__n_jobs': None, 'estimator__oob_score': False, 'estimator__random_state': 42, 'estimator__verbose': 0, 'estimator__warm_start': False, 'estimator': RandomForestClassifier(random_state=42), 'n_jobs': None}"
class_data-11.csv,nmf,3,140,0.02142857142857143,3,4.057203326537017,0.07590410367091079,2.3477772263917425,0.05413646852457029,409,1,0.02,0.01,54.67410296348475,8.769146811283306,0.5114998207036431,0.3310466677179334,0.11000361227644895,0.48846110775729257,1.1760164352264553,0.00480470004069973,1.9941947169077487,0.8898478016282408,0.0,1,svc,0.6833333333333333,0.5547854785478548,0.003135204315185547,0.5,"{'estimator__C': 0.01, 'estimator__break_ties': False, 'estimator__cache_size': 200, 'estimator__class_weight': None, 'estimator__coef0': 0.0, 'estimator__decision_function_shape': 'ovr', 'estimator__degree': 3, 'estimator__gamma': 0.1, 'estimator__kernel': 'linear', 'estimator__max_iter': -1, 'estimator__probability': False, 'estimator__random_state': 42, 'estimator__shrinking': True, 'estimator__tol': 0.001, 'estimator__verbose': False, 'estimator': SVC(C=0.01, gamma=0.1, kernel='linear', probability=False, random_state=42), 'n_jobs': None}"
class_data-11.csv,none,10,140,0.07142857142857142,8,1.833972085491973e+16,0.06736563070204542,18.762613465396864,0.044267603529441105,1390,3,0.037,0.010593499054713802,39.46513318541638,6.220513826515487,0.205312078592625,0.320324060366049,0.1492000969391399,0.444479838352695,2.9119518046094255,0.17850493857372735,1.9982701523858235,0.8898478016282408,0.0,1,dt,0.6666666666666666,0.6708333333333333,0.0032892227172851562,0.6290115532734275,"{'estimator__ccp_alpha': 0.0, 'estimator__class_weight': None, 'estimator__criterion': 'gini', 'estimator__max_depth': None, 'estimator__max_features': None, 'estimator__max_leaf_nodes': None, 'estimator__min_impurity_decrease': 0.0, 'estimator__min_samples_leaf': 1, 'estimator__min_samples_split': 2, 'estimator__min_weight_fraction_leaf': 0.0, 'estimator__monotonic_cst': None, 'estimator__random_state': 42, 'estimator__splitter': 'best', 'estimator': DecisionTreeClassifier(random_state=42), 'n_jobs': None}"
class_data-11.csv,none,10,140,0.07142857142857142,8,1.833972085491973e+16,0.06736563070204542,18.762613465396864,0.044267603529441105,1390,3,0.037,0.010593499054713802,39.46513318541638,6.220513826515487,0.205312078592625,0.320324060366049,0.1492000969391399,0.444479838352695,2.9119518046094255,0.17850493857372735,1.9982701523858235,0.8898478016282408,0.0,1,lr,0.7,0.634375,0.003226041793823242,0.5545571245186136,"{'estimator__C': 1.0, 'estimator__class_weight': None, 'estimator__dual': False, 'estimator__fit_intercept': True, 'estimator__intercept_scaling': 1, 'estimator__l1_ratio': None, 'estimator__max_iter': 10000, 'estimator__n_jobs': None, 'estimator__penalty': 'l2', 'estimator__random_state': 42, 'estimator__solver': 'saga', 'estimator__tol': 0.0001, 'estimator__verbose': 0, 'estimator__warm_start': False, 'estimator': LogisticRegression(l1_ratio=None, max_iter=10000, penalty='l2', random_state=42,
                   solver='saga'), 'n_jobs': None}"
class_data-11.csv,none,10,140,0.07142857142857142,8,1.833972085491973e+16,0.06736563070204542,18.762613465396864,0.044267603529441105,1390,3,0.037,0.010593499054713802,39.46513318541638,6.220513826515487,0.205312078592625,0.320324060366049,0.1492000969391399,0.444479838352695,2.9119518046094255,0.17850493857372735,1.9982701523858235,0.8898478016282408,0.0,1,mlp,0.8166666666666667,0.8178854067742957,0.29682087898254395,0.795250320924262,"{'estimator__activation': 'relu', 'estimator__alpha': 0.0001, 'estimator__batch_size': 'auto', 'estimator__beta_1': 0.9, 'estimator__beta_2': 0.999, 'estimator__early_stopping': False, 'estimator__epsilon': 1e-08, 'estimator__hidden_layer_sizes': 100, 'estimator__learning_rate': 'constant', 'estimator__learning_rate_init': 0.001, 'estimator__max_fun': 15000, 'estimator__max_iter': 10000, 'estimator__momentum': 0.9, 'estimator__n_iter_no_change': 10, 'estimator__nesterovs_momentum': True, 'estimator__power_t': 0.5, 'estimator__random_state': 42, 'estimator__shuffle': True, 'estimator__solver': 'adam', 'estimator__tol': 0.0001, 'estimator__validation_fraction': 0.1, 'estimator__verbose': False, 'estimator__warm_start': False, 'estimator': MLPClassifier(hidden_layer_sizes=100, max_iter=10000, random_state=42), 'n_jobs': None}"
class_data-11.csv,none,10,140,0.07142857142857142,8,1.833972085491973e+16,0.06736563070204542,18.762613465396864,0.044267603529441105,1390,3,0.037,0.010593499054713802,39.46513318541638,6.220513826515487,0.205312078592625,0.320324060366049,0.1492000969391399,0.444479838352695,2.9119518046094255,0.17850493857372735,1.9982701523858235,0.8898478016282408,0.0,1,nb,0.8166666666666667,0.812044817927171,0.0022940635681152344,0.7670089858793323,"{'estimator__priors': None, 'estimator__var_smoothing': 1e-09, 'estimator': GaussianNB(), 'n_jobs': None}"
class_data-11.csv,none,10,140,0.07142857142857142,8,1.833972085491973e+16,0.06736563070204542,18.762613465396864,0.044267603529441105,1390,3,0.037,0.010593499054713802,39.46513318541638,6.220513826515487,0.205312078592625,0.320324060366049,0.1492000969391399,0.444479838352695,2.9119518046094255,0.17850493857372735,1.9982701523858235,0.8898478016282408,0.0,1,rf,0.85,0.8488765874308043,0.05847811698913574,0.8196405648267009,"{'estimator__bootstrap': True, 'estimator__ccp_alpha': 0.0, 'estimator__class_weight': None, 'estimator__criterion': 'gini', 'estimator__max_depth': None, 'estimator__max_features': 'sqrt', 'estimator__max_leaf_nodes': None, 'estimator__max_samples': None, 'estimator__min_impurity_decrease': 0.0, 'estimator__min_samples_leaf': 1, 'estimator__min_samples_split': 2, 'estimator__min_weight_fraction_leaf': 0.0, 'estimator__monotonic_cst': None, 'estimator__n_estimators': 100, 'estimator__n_jobs': None, 'estimator__oob_score': False, 'estimator__random_state': 42, 'estimator__verbose': 0, 'estimator__warm_start': False, 'estimator': RandomForestClassifier(random_state=42), 'n_jobs': None}"
class_data-11.csv,none,10,140,0.07142857142857142,8,1.833972085491973e+16,0.06736563070204542,18.762613465396864,0.044267603529441105,1390,3,0.037,0.010593499054713802,39.46513318541638,6.220513826515487,0.205312078592625,0.320324060366049,0.1492000969391399,0.444479838352695,2.9119518046094255,0.17850493857372735,1.9982701523858235,0.8898478016282408,0.0,1,svc,0.6833333333333333,0.5547854785478548,0.003033161163330078,0.5,"{'estimator__C': 0.01, 'estimator__break_ties': False, 'estimator__cache_size': 200, 'estimator__class_weight': None, 'estimator__coef0': 0.0, 'estimator__decision_function_shape': 'ovr', 'estimator__degree': 3, 'estimator__gamma': 0.1, 'estimator__kernel': 'linear', 'estimator__max_iter': -1, 'estimator__probability': False, 'estimator__random_state': 42, 'estimator__shrinking': True, 'estimator__tol': 0.001, 'estimator__verbose': False, 'estimator': SVC(C=0.01, gamma=0.1, kernel='linear', probability=False, random_state=42), 'n_jobs': None}"
class_data-11.csv,pca,3,140,0.02142857142857143,3,1.7986576422741691,0.06513276397827122,1.2434497875801753e-14,0.03511388567546662,420,1,0.08,0.05291502622129182,8.697420399230648e+16,1.5131764102158957e+17,0.27488443059445944,0.38674505731351544,0.02325325852220835,0.34383676101957195,-0.28758781586019777,0.052075156010861594,1.9941947169077503,0.8898478016282408,0.0,2,dt,0.75,0.738244514106583,0.0026497840881347656,0.6758664955070603,"{'estimator__ccp_alpha': 0.0, 'estimator__class_weight': None, 'estimator__criterion': 'gini', 'estimator__max_depth': None, 'estimator__max_features': None, 'estimator__max_leaf_nodes': None, 'estimator__min_impurity_decrease': 0.0, 'estimator__min_samples_leaf': 1, 'estimator__min_samples_split': 2, 'estimator__min_weight_fraction_leaf': 0.0, 'estimator__monotonic_cst': None, 'estimator__random_state': 42, 'estimator__splitter': 'best', 'estimator': DecisionTreeClassifier(random_state=42), 'n_jobs': None}"
class_data-11.csv,pca,3,140,0.02142857142857143,3,1.7986576422741691,0.06513276397827122,1.2434497875801753e-14,0.03511388567546662,420,1,0.08,0.05291502622129182,8.697420399230648e+16,1.5131764102158957e+17,0.27488443059445944,0.38674505731351544,0.02325325852220835,0.34383676101957195,-0.28758781586019777,0.052075156010861594,1.9941947169077503,0.8898478016282408,0.0,2,lr,0.7,0.592,0.003134012222290039,0.5263157894736843,"{'estimator__C': 1.0, 'estimator__class_weight': None, 'estimator__dual': False, 'estimator__fit_intercept': True, 'estimator__intercept_scaling': 1, 'estimator__l1_ratio': None, 'estimator__max_iter': 10000, 'estimator__n_jobs': None, 'estimator__penalty': 'l2', 'estimator__random_state': 42, 'estimator__solver': 'saga', 'estimator__tol': 0.0001, 'estimator__verbose': 0, 'estimator__warm_start': False, 'estimator': LogisticRegression(l1_ratio=None, max_iter=10000, penalty='l2', random_state=42,
                   solver='saga'), 'n_jobs': None}"
class_data-11.csv,pca,3,140,0.02142857142857143,3,1.7986576422741691,0.06513276397827122,1.2434497875801753e-14,0.03511388567546662,420,1,0.08,0.05291502622129182,8.697420399230648e+16,1.5131764102158957e+17,0.27488443059445944,0.38674505731351544,0.02325325852220835,0.34383676101957195,-0.28758781586019777,0.052075156010861594,1.9941947169077503,0.8898478016282408,0.0,2,mlp,0.7666666666666667,0.7376811594202899,0.07276296615600586,0.6598202824133504,"{'estimator__activation': 'relu', 'estimator__alpha': 0.0001, 'estimator__batch_size': 'auto', 'estimator__beta_1': 0.9, 'estimator__beta_2': 0.999, 'estimator__early_stopping': False, 'estimator__epsilon': 1e-08, 'estimator__hidden_layer_sizes': 100, 'estimator__learning_rate': 'constant', 'estimator__learning_rate_init': 0.001, 'estimator__max_fun': 15000, 'estimator__max_iter': 10000, 'estimator__momentum': 0.9, 'estimator__n_iter_no_change': 10, 'estimator__nesterovs_momentum': True, 'estimator__power_t': 0.5, 'estimator__random_state': 42, 'estimator__shuffle': True, 'estimator__solver': 'adam', 'estimator__tol': 0.0001, 'estimator__validation_fraction': 0.1, 'estimator__verbose': False, 'estimator__warm_start': False, 'estimator': MLPClassifier(hidden_layer_sizes=100, max_iter=10000, random_state=42), 'n_jobs': None}"
class_data-11.csv,pca,3,140,0.02142857142857143,3,1.7986576422741691,0.06513276397827122,1.2434497875801753e-14,0.03511388567546662,420,1,0.08,0.05291502622129182,8.697420399230648e+16,1.5131764102158957e+17,0.27488443059445944,0.38674505731351544,0.02325325852220835,0.34383676101957195,-0.28758781586019777,0.052075156010861594,1.9941947169077503,0.8898478016282408,0.0,2,nb,0.6833333333333333,0.5823472823472823,0.002647876739501953,0.5141206675224647,"{'estimator__priors': None, 'estimator__var_smoothing': 1e-09, 'estimator': GaussianNB(), 'n_jobs': None}"
class_data-11.csv,pca,3,140,0.02142857142857143,3,1.7986576422741691,0.06513276397827122,1.2434497875801753e-14,0.03511388567546662,420,1,0.08,0.05291502622129182,8.697420399230648e+16,1.5131764102158957e+17,0.27488443059445944,0.38674505731351544,0.02325325852220835,0.34383676101957195,-0.28758781586019777,0.052075156010861594,1.9941947169077503,0.8898478016282408,0.0,2,rf,0.7333333333333333,0.7238486092111264,0.0639190673828125,0.6636713735558408,"{'estimator__bootstrap': True, 'estimator__ccp_alpha': 0.0, 'estimator__class_weight': None, 'estimator__criterion': 'gini', 'estimator__max_depth': None, 'estimator__max_features': 'sqrt', 'estimator__max_leaf_nodes': None, 'estimator__max_samples': None, 'estimator__min_impurity_decrease': 0.0, 'estimator__min_samples_leaf': 1, 'estimator__min_samples_split': 2, 'estimator__min_weight_fraction_leaf': 0.0, 'estimator__monotonic_cst': None, 'estimator__n_estimators': 100, 'estimator__n_jobs': None, 'estimator__oob_score': False, 'estimator__random_state': 42, 'estimator__verbose': 0, 'estimator__warm_start': False, 'estimator': RandomForestClassifier(random_state=42), 'n_jobs': None}"
class_data-11.csv,pca,3,140,0.02142857142857143,3,1.7986576422741691,0.06513276397827122,1.2434497875801753e-14,0.03511388567546662,420,1,0.08,0.05291502622129182,8.697420399230648e+16,1.5131764102158957e+17,0.27488443059445944,0.38674505731351544,0.02325325852220835,0.34383676101957195,-0.28758781586019777,0.052075156010861594,1.9941947169077503,0.8898478016282408,0.0,2,svc,0.6833333333333333,0.5547854785478548,0.0029909610748291016,0.5,"{'estimator__C': 0.01, 'estimator__break_ties': False, 'estimator__cache_size': 200, 'estimator__class_weight': None, 'estimator__coef0': 0.0, 'estimator__decision_function_shape': 'ovr', 'estimator__degree': 3, 'estimator__gamma': 0.1, 'estimator__kernel': 'linear', 'estimator__max_iter': -1, 'estimator__probability': False, 'estimator__random_state': 42, 'estimator__shrinking': True, 'estimator__tol': 0.001, 'estimator__verbose': False, 'estimator': SVC(C=0.01, gamma=0.1, kernel='linear', probability=False, random_state=42), 'n_jobs': None}"
class_data-11.csv,nmf,3,140,0.02142857142857143,3,4.016727813471255,0.04221733470426915,2.184965268016171,0.041207315889119744,409,1,0.013333333333333334,0.005773502691896258,53.65009188990732,15.667047041732953,0.29326830287935374,0.49493952833355614,-0.26749037145032384,0.25713628804163396,1.3126217300835377,0.004978928515092569,1.9941947169077503,0.8898478016282408,0.0,2,dt,0.7,0.70375,0.002852201461791992,0.6675224646983312,"{'estimator__ccp_alpha': 0.0, 'estimator__class_weight': None, 'estimator__criterion': 'gini', 'estimator__max_depth': None, 'estimator__max_features': None, 'estimator__max_leaf_nodes': None, 'estimator__min_impurity_decrease': 0.0, 'estimator__min_samples_leaf': 1, 'estimator__min_samples_split': 2, 'estimator__min_weight_fraction_leaf': 0.0, 'estimator__monotonic_cst': None, 'estimator__random_state': 42, 'estimator__splitter': 'best', 'estimator': DecisionTreeClassifier(random_state=42), 'n_jobs': None}"
class_data-11.csv,nmf,3,140,0.02142857142857143,3,4.016727813471255,0.04221733470426915,2.184965268016171,0.041207315889119744,409,1,0.013333333333333334,0.005773502691896258,53.65009188990732,15.667047041732953,0.29326830287935374,0.49493952833355614,-0.26749037145032384,0.25713628804163396,1.3126217300835377,0.004978928515092569,1.9941947169077503,0.8898478016282408,0.0,2,lr,0.6833333333333333,0.5547854785478548,0.002807140350341797,0.5,"{'estimator__C': 1.0, 'estimator__class_weight': None, 'estimator__dual': False, 'estimator__fit_intercept': True, 'estimator__intercept_scaling': 1, 'estimator__l1_ratio': None, 'estimator__max_iter': 10000, 'estimator__n_jobs': None, 'estimator__penalty': 'l2', 'estimator__random_state': 42, 'estimator__solver': 'saga', 'estimator__tol': 0.0001, 'estimator__verbose': 0, 'estimator__warm_start': False, 'estimator': LogisticRegression(l1_ratio=None, max_iter=10000, penalty='l2', random_state=42,
                   solver='saga'), 'n_jobs': None}"
class_data-11.csv,nmf,3,140,0.02142857142857143,3,4.016727813471255,0.04221733470426915,2.184965268016171,0.041207315889119744,409,1,0.013333333333333334,0.005773502691896258,53.65009188990732,15.667047041732953,0.29326830287935374,0.49493952833355614,-0.26749037145032384,0.25713628804163396,1.3126217300835377,0.004978928515092569,1.9941947169077503,0.8898478016282408,0.0,2,mlp,0.7,0.634375,0.09096789360046387,0.5545571245186136,"{'estimator__activation': 'relu', 'estimator__alpha': 0.0001, 'estimator__batch_size': 'auto', 'estimator__beta_1': 0.9, 'estimator__beta_2': 0.999, 'estimator__early_stopping': False, 'estimator__epsilon': 1e-08, 'estimator__hidden_layer_sizes': 100, 'estimator__learning_rate': 'constant', 'estimator__learning_rate_init': 0.001, 'estimator__max_fun': 15000, 'estimator__max_iter': 10000, 'estimator__momentum': 0.9, 'estimator__n_iter_no_change': 10, 'estimator__nesterovs_momentum': True, 'estimator__power_t': 0.5, 'estimator__random_state': 42, 'estimator__shuffle': True, 'estimator__solver': 'adam', 'estimator__tol': 0.0001, 'estimator__validation_fraction': 0.1, 'estimator__verbose': False, 'estimator__warm_start': False, 'estimator': MLPClassifier(hidden_layer_sizes=100, max_iter=10000, random_state=42), 'n_jobs': None}"
class_data-11.csv,nmf,3,140,0.02142857142857143,3,4.016727813471255,0.04221733470426915,2.184965268016171,0.041207315889119744,409,1,0.013333333333333334,0.005773502691896258,53.65009188990732,15.667047041732953,0.29326830287935374,0.49493952833355614,-0.26749037145032384,0.25713628804163396,1.3126217300835377,0.004978928515092569,1.9941947169077503,0.8898478016282408,0.0,2,nb,0.7,0.634375,0.00263214111328125,0.5545571245186136,"{'estimator__priors': None, 'estimator__var_smoothing': 1e-09, 'estimator': GaussianNB(), 'n_jobs': None}"
class_data-11.csv,nmf,3,140,0.02142857142857143,3,4.016727813471255,0.04221733470426915,2.184965268016171,0.041207315889119744,409,1,0.013333333333333334,0.005773502691896258,53.65009188990732,15.667047041732953,0.29326830287935374,0.49493952833355614,-0.26749037145032384,0.25713628804163396,1.3126217300835377,0.004978928515092569,1.9941947169077503,0.8898478016282408,0.0,2,rf,0.7833333333333333,0.7817106262889395,0.06168508529663086,0.7426187419768934,"{'estimator__bootstrap': True, 'estimator__ccp_alpha': 0.0, 'estimator__class_weight': None, 'estimator__criterion': 'gini', 'estimator__max_depth': None, 'estimator__max_features': 'sqrt', 'estimator__max_leaf_nodes': None, 'estimator__max_samples': None, 'estimator__min_impurity_decrease': 0.0, 'estimator__min_samples_leaf': 1, 'estimator__min_samples_split': 2, 'estimator__min_weight_fraction_leaf': 0.0, 'estimator__monotonic_cst': None, 'estimator__n_estimators': 100, 'estimator__n_jobs': None, 'estimator__oob_score': False, 'estimator__random_state': 42, 'estimator__verbose': 0, 'estimator__warm_start': False, 'estimator': RandomForestClassifier(random_state=42), 'n_jobs': None}"
class_data-11.csv,nmf,3,140,0.02142857142857143,3,4.016727813471255,0.04221733470426915,2.184965268016171,0.041207315889119744,409,1,0.013333333333333334,0.005773502691896258,53.65009188990732,15.667047041732953,0.29326830287935374,0.49493952833355614,-0.26749037145032384,0.25713628804163396,1.3126217300835377,0.004978928515092569,1.9941947169077503,0.8898478016282408,0.0,2,svc,0.6833333333333333,0.5547854785478548,0.0031020641326904297,0.5,"{'estimator__C': 0.01, 'estimator__break_ties': False, 'estimator__cache_size': 200, 'estimator__class_weight': None, 'estimator__coef0': 0.0, 'estimator__decision_function_shape': 'ovr', 'estimator__degree': 3, 'estimator__gamma': 0.1, 'estimator__kernel': 'linear', 'estimator__max_iter': -1, 'estimator__probability': False, 'estimator__random_state': 42, 'estimator__shrinking': True, 'estimator__tol': 0.001, 'estimator__verbose': False, 'estimator': SVC(C=0.01, gamma=0.1, kernel='linear', probability=False, random_state=42), 'n_jobs': None}"
class_data-11.csv,none,10,140,0.07142857142857142,8,1.8341938718995696e+16,0.07023642462581187,20.191245401448377,0.03374930662662299,1390,3,0.03600000000000001,0.006992058987801013,40.61724881846056,4.972651837838005,0.21564488115924602,0.280986406604899,-0.01593116266787713,0.40628556944551075,2.897514462532733,0.16788528067992178,1.9982675245760129,0.8898478016282408,0.0,2,dt,0.7833333333333333,0.7673915669928718,0.002487659454345703,0.7002567394094994,"{'estimator__ccp_alpha': 0.0, 'estimator__class_weight': None, 'estimator__criterion': 'gini', 'estimator__max_depth': None, 'estimator__max_features': None, 'estimator__max_leaf_nodes': None, 'estimator__min_impurity_decrease': 0.0, 'estimator__min_samples_leaf': 1, 'estimator__min_samples_split': 2, 'estimator__min_weight_fraction_leaf': 0.0, 'estimator__monotonic_cst': None, 'estimator__random_state': 42, 'estimator__splitter': 'best', 'estimator': DecisionTreeClassifier(random_state=42), 'n_jobs': None}"
class_data-11.csv,none,10,140,0.07142857142857142,8,1.8341938718995696e+16,0.07023642462581187,20.191245401448377,0.03374930662662299,1390,3,0.03600000000000001,0.006992058987801013,40.61724881846056,4.972651837838005,0.21564488115924602,0.280986406604899,-0.01593116266787713,0.40628556944551075,2.897514462532733,0.16788528067992178,1.9982675245760129,0.8898478016282408,0.0,2,lr,0.75,0.6878081577767817,0.0031528472900390625,0.6052631578947368,"{'estimator__C': 1.0, 'estimator__class_weight': None, 'estimator__dual': False, 'estimator__fit_intercept': True, 'estimator__intercept_scaling': 1, 'estimator__l1_ratio': None, 'estimator__max_iter': 10000, 'estimator__n_jobs': None, 'estimator__penalty': 'l2', 'estimator__random_state': 42, 'estimator__solver': 'saga', 'estimator__tol': 0.0001, 'estimator__verbose': 0, 'estimator__warm_start': False, 'estimator': LogisticRegression(l1_ratio=None, max_iter=10000, penalty='l2', random_state=42,
                   solver='saga'), 'n_jobs': None}"
class_data-11.csv,none,10,140,0.07142857142857142,8,1.8341938718995696e+16,0.07023642462581187,20.191245401448377,0.03374930662662299,1390,3,0.03600000000000001,0.006992058987801013,40.61724881846056,4.972651837838005,0.21564488115924602,0.280986406604899,-0.01593116266787713,0.40628556944551075,2.897514462532733,0.16788528067992178,1.9982675245760129,0.8898478016282408,0.0,2,mlp,0.85,0.8488765874308043,0.28587818145751953,0.8196405648267009,"{'estimator__activation': 'relu', 'estimator__alpha': 0.0001, 'estimator__batch_size': 'auto', 'estimator__beta_1': 0.9, 'estimator__beta_2': 0.999, 'estimator__early_stopping': False, 'estimator__epsilon': 1e-08, 'estimator__hidden_layer_sizes': 100, 'estimator__learning_rate': 'constant', 'estimator__learning_rate_init': 0.001, 'estimator__max_fun': 15000, 'estimator__max_iter': 10000, 'estimator__momentum': 0.9, 'estimator__n_iter_no_change': 10, 'estimator__nesterovs_momentum': True, 'estimator__power_t': 0.5, 'estimator__random_state': 42, 'estimator__shuffle': True, 'estimator__solver': 'adam', 'estimator__tol': 0.0001, 'estimator__validation_fraction': 0.1, 'estimator__verbose': False, 'estimator__warm_start': False, 'estimator': MLPClassifier(hidden_layer_sizes=100, max_iter=10000, random_state=42), 'n_jobs': None}"
class_data-11.csv,none,10,140,0.07142857142857142,8,1.8341938718995696e+16,0.07023642462581187,20.191245401448377,0.03374930662662299,1390,3,0.03600000000000001,0.006992058987801013,40.61724881846056,4.972651837838005,0.21564488115924602,0.280986406604899,-0.01593116266787713,0.40628556944551075,2.897514462532733,0.16788528067992178,1.9982675245760129,0.8898478016282408,0.0,2,nb,0.7166666666666667,0.7185501741057296,0.0027360916137695312,0.6797175866495507,"{'estimator__priors': None, 'estimator__var_smoothing': 1e-09, 'estimator': GaussianNB(), 'n_jobs': None}"
class_data-11.csv,none,10,140,0.07142857142857142,8,1.8341938718995696e+16,0.07023642462581187,20.191245401448377,0.03374930662662299,1390,3,0.03600000000000001,0.006992058987801013,40.61724881846056,4.972651837838005,0.21564488115924602,0.280986406604899,-0.01593116266787713,0.40628556944551075,2.897514462532733,0.16788528067992178,1.9982675245760129,0.8898478016282408,0.0,2,rf,0.85,0.8429467084639499,0.05530405044555664,0.7913992297817714,"{'estimator__bootstrap': True, 'estimator__ccp_alpha': 0.0, 'estimator__class_weight': None, 'estimator__criterion': 'gini', 'estimator__max_depth': None, 'estimator__max_features': 'sqrt', 'estimator__max_leaf_nodes': None, 'estimator__max_samples': None, 'estimator__min_impurity_decrease': 0.0, 'estimator__min_samples_leaf': 1, 'estimator__min_samples_split': 2, 'estimator__min_weight_fraction_leaf': 0.0, 'estimator__monotonic_cst': None, 'estimator__n_estimators': 100, 'estimator__n_jobs': None, 'estimator__oob_score': False, 'estimator__random_state': 42, 'estimator__verbose': 0, 'estimator__warm_start': False, 'estimator': RandomForestClassifier(random_state=42), 'n_jobs': None}"
class_data-11.csv,none,10,140,0.07142857142857142,8,1.8341938718995696e+16,0.07023642462581187,20.191245401448377,0.03374930662662299,1390,3,0.03600000000000001,0.006992058987801013,40.61724881846056,4.972651837838005,0.21564488115924602,0.280986406604899,-0.01593116266787713,0.40628556944551075,2.897514462532733,0.16788528067992178,1.9982675245760129,0.8898478016282408,0.0,2,svc,0.6833333333333333,0.5547854785478548,0.003245830535888672,0.5,"{'estimator__C': 0.01, 'estimator__break_ties': False, 'estimator__cache_size': 200, 'estimator__class_weight': None, 'estimator__coef0': 0.0, 'estimator__decision_function_shape': 'ovr', 'estimator__degree': 3, 'estimator__gamma': 0.1, 'estimator__kernel': 'linear', 'estimator__max_iter': -1, 'estimator__probability': False, 'estimator__random_state': 42, 'estimator__shrinking': True, 'estimator__tol': 0.001, 'estimator__verbose': False, 'estimator': SVC(C=0.01, gamma=0.1, kernel='linear', probability=False, random_state=42), 'n_jobs': None}"
class_data-12.csv,pca,3,140,0.02142857142857143,3,1.6678482098655512,0.1686818585560105,3.552713678800501e-15,0.053829808283153056,420,1,0.07333333333333333,0.041633319989322654,-3.753098015561539e+17,6.352857341269495e+17,0.2790518123293659,0.6580658888412614,0.5197051911185455,0.4680908107768778,-0.24089721916960083,0.05701372593831935,1.9941947169077492,0.9998527812126373,0.0,1,dt,0.6666666666666666,0.6659226190476191,0.0022258758544921875,0.6651835372636263,"{'estimator__ccp_alpha': 0.0, 'estimator__class_weight': None, 'estimator__criterion': 'gini', 'estimator__max_depth': None, 'estimator__max_features': None, 'estimator__max_leaf_nodes': None, 'estimator__min_impurity_decrease': 0.0, 'estimator__min_samples_leaf': 1, 'estimator__min_samples_split': 2, 'estimator__min_weight_fraction_leaf': 0.0, 'estimator__monotonic_cst': None, 'estimator__random_state': 42, 'estimator__splitter': 'best', 'estimator': DecisionTreeClassifier(random_state=42), 'n_jobs': None}"
class_data-12.csv,pca,3,140,0.02142857142857143,3,1.6678482098655512,0.1686818585560105,3.552713678800501e-15,0.053829808283153056,420,1,0.07333333333333333,0.041633319989322654,-3.753098015561539e+17,6.352857341269495e+17,0.2790518123293659,0.6580658888412614,0.5197051911185455,0.4680908107768778,-0.24089721916960083,0.05701372593831935,1.9941947169077492,0.9998527812126373,0.0,1,lr,0.6333333333333333,0.624952380952381,0.0027060508728027344,0.6284760845383759,"{'estimator__C': 1.0, 'estimator__class_weight': None, 'estimator__dual': False, 'estimator__fit_intercept': True, 'estimator__intercept_scaling': 1, 'estimator__l1_ratio': None, 'estimator__max_iter': 10000, 'estimator__n_jobs': None, 'estimator__penalty': 'l2', 'estimator__random_state': 42, 'estimator__solver': 'saga', 'estimator__tol': 0.0001, 'estimator__verbose': 0, 'estimator__warm_start': False, 'estimator': LogisticRegression(l1_ratio=None, max_iter=10000, penalty='l2', random_state=42,
                   solver='saga'), 'n_jobs': None}"
class_data-12.csv,pca,3,140,0.02142857142857143,3,1.6678482098655512,0.1686818585560105,3.552713678800501e-15,0.053829808283153056,420,1,0.07333333333333333,0.041633319989322654,-3.753098015561539e+17,6.352857341269495e+17,0.2790518123293659,0.6580658888412614,0.5197051911185455,0.4680908107768778,-0.24089721916960083,0.05701372593831935,1.9941947169077492,0.9998527812126373,0.0,1,mlp,0.6833333333333333,0.6743221232154833,0.05825185775756836,0.6779755283648499,"{'estimator__activation': 'relu', 'estimator__alpha': 0.0001, 'estimator__batch_size': 'auto', 'estimator__beta_1': 0.9, 'estimator__beta_2': 0.999, 'estimator__early_stopping': False, 'estimator__epsilon': 1e-08, 'estimator__hidden_layer_sizes': 100, 'estimator__learning_rate': 'constant', 'estimator__learning_rate_init': 0.001, 'estimator__max_fun': 15000, 'estimator__max_iter': 10000, 'estimator__momentum': 0.9, 'estimator__n_iter_no_change': 10, 'estimator__nesterovs_momentum': True, 'estimator__power_t': 0.5, 'estimator__random_state': 42, 'estimator__shuffle': True, 'estimator__solver': 'adam', 'estimator__tol': 0.0001, 'estimator__validation_fraction': 0.1, 'estimator__verbose': False, 'estimator__warm_start': False, 'estimator': MLPClassifier(hidden_layer_sizes=100, max_iter=10000, random_state=42), 'n_jobs': None}"
class_data-12.csv,pca,3,140,0.02142857142857143,3,1.6678482098655512,0.1686818585560105,3.552713678800501e-15,0.053829808283153056,420,1,0.07333333333333333,0.041633319989322654,-3.753098015561539e+17,6.352857341269495e+17,0.2790518123293659,0.6580658888412614,0.5197051911185455,0.4680908107768778,-0.24089721916960083,0.05701372593831935,1.9941947169077492,0.9998527812126373,0.0,1,nb,0.6166666666666667,0.6098039215686274,0.002137899398803711,0.6123470522803115,"{'estimator__priors': None, 'estimator__var_smoothing': 1e-09, 'estimator': GaussianNB(), 'n_jobs': None}"
class_data-12.csv,pca,3,140,0.02142857142857143,3,1.6678482098655512,0.1686818585560105,3.552713678800501e-15,0.053829808283153056,420,1,0.07333333333333333,0.041633319989322654,-3.753098015561539e+17,6.352857341269495e+17,0.2790518123293659,0.6580658888412614,0.5197051911185455,0.4680908107768778,-0.24089721916960083,0.05701372593831935,1.9941947169077492,0.9998527812126373,0.0,1,rf,0.6666666666666666,0.6621417797888386,0.057756900787353516,0.6629588431590656,"{'estimator__bootstrap': True, 'estimator__ccp_alpha': 0.0, 'estimator__class_weight': None, 'estimator__criterion': 'gini', 'estimator__max_depth': None, 'estimator__max_features': 'sqrt', 'estimator__max_leaf_nodes': None, 'estimator__max_samples': None, 'estimator__min_impurity_decrease': 0.0, 'estimator__min_samples_leaf': 1, 'estimator__min_samples_split': 2, 'estimator__min_weight_fraction_leaf': 0.0, 'estimator__monotonic_cst': None, 'estimator__n_estimators': 100, 'estimator__n_jobs': None, 'estimator__oob_score': False, 'estimator__random_state': 42, 'estimator__verbose': 0, 'estimator__warm_start': False, 'estimator': RandomForestClassifier(random_state=42), 'n_jobs': None}"
class_data-12.csv,pca,3,140,0.02142857142857143,3,1.6678482098655512,0.1686818585560105,3.552713678800501e-15,0.053829808283153056,420,1,0.07333333333333333,0.041633319989322654,-3.753098015561539e+17,6.352857341269495e+17,0.2790518123293659,0.6580658888412614,0.5197051911185455,0.4680908107768778,-0.24089721916960083,0.05701372593831935,1.9941947169077492,0.9998527812126373,0.0,1,svc,0.5166666666666667,0.352014652014652,0.002835988998413086,0.5,"{'estimator__C': 0.01, 'estimator__break_ties': False, 'estimator__cache_size': 200, 'estimator__class_weight': None, 'estimator__coef0': 0.0, 'estimator__decision_function_shape': 'ovr', 'estimator__degree': 3, 'estimator__gamma': 0.1, 'estimator__kernel': 'linear', 'estimator__max_iter': -1, 'estimator__probability': False, 'estimator__random_state': 42, 'estimator__shrinking': True, 'estimator__tol': 0.001, 'estimator__verbose': False, 'estimator': SVC(C=0.01, gamma=0.1, kernel='linear', probability=False, random_state=42), 'n_jobs': None}"
class_data-12.csv,nmf,3,140,0.02142857142857143,3,4.609201020867098,0.21832659383701847,2.0822155218537493,0.05031859675844822,414,1,0.013333333333333334,0.011547005383792516,46.73123370961243,8.626094127273936,0.37678618234310063,0.5724197256065667,0.4039186528272339,0.5781329938013806,1.2688900949251727,0.00405718693885739,1.9941947169077492,0.9998527812126373,0.0,1,dt,0.5666666666666667,0.5657026325546904,0.0023980140686035156,0.5684093437152391,"{'estimator__ccp_alpha': 0.0, 'estimator__class_weight': None, 'estimator__criterion': 'gini', 'estimator__max_depth': None, 'estimator__max_features': None, 'estimator__max_leaf_nodes': None, 'estimator__min_impurity_decrease': 0.0, 'estimator__min_samples_leaf': 1, 'estimator__min_samples_split': 2, 'estimator__min_weight_fraction_leaf': 0.0, 'estimator__monotonic_cst': None, 'estimator__random_state': 42, 'estimator__splitter': 'best', 'estimator': DecisionTreeClassifier(random_state=42), 'n_jobs': None}"
class_data-12.csv,nmf,3,140,0.02142857142857143,3,4.609201020867098,0.21832659383701847,2.0822155218537493,0.05031859675844822,414,1,0.013333333333333334,0.011547005383792516,46.73123370961243,8.626094127273936,0.37678618234310063,0.5724197256065667,0.4039186528272339,0.5781329938013806,1.2688900949251727,0.00405718693885739,1.9941947169077492,0.9998527812126373,0.0,1,lr,0.65,0.6400402414486922,0.0028519630432128906,0.6446051167964405,"{'estimator__C': 1.0, 'estimator__class_weight': None, 'estimator__dual': False, 'estimator__fit_intercept': True, 'estimator__intercept_scaling': 1, 'estimator__l1_ratio': None, 'estimator__max_iter': 10000, 'estimator__n_jobs': None, 'estimator__penalty': 'l2', 'estimator__random_state': 42, 'estimator__solver': 'saga', 'estimator__tol': 0.0001, 'estimator__verbose': 0, 'estimator__warm_start': False, 'estimator': LogisticRegression(l1_ratio=None, max_iter=10000, penalty='l2', random_state=42,
                   solver='saga'), 'n_jobs': None}"
class_data-12.csv,nmf,3,140,0.02142857142857143,3,4.609201020867098,0.21832659383701847,2.0822155218537493,0.05031859675844822,414,1,0.013333333333333334,0.011547005383792516,46.73123370961243,8.626094127273936,0.37678618234310063,0.5724197256065667,0.4039186528272339,0.5781329938013806,1.2688900949251727,0.00405718693885739,1.9941947169077492,0.9998527812126373,0.0,1,mlp,0.6833333333333333,0.6701350432332653,0.05064892768859863,0.6768631813125696,"{'estimator__activation': 'relu', 'estimator__alpha': 0.0001, 'estimator__batch_size': 'auto', 'estimator__beta_1': 0.9, 'estimator__beta_2': 0.999, 'estimator__early_stopping': False, 'estimator__epsilon': 1e-08, 'estimator__hidden_layer_sizes': 100, 'estimator__learning_rate': 'constant', 'estimator__learning_rate_init': 0.001, 'estimator__max_fun': 15000, 'estimator__max_iter': 10000, 'estimator__momentum': 0.9, 'estimator__n_iter_no_change': 10, 'estimator__nesterovs_momentum': True, 'estimator__power_t': 0.5, 'estimator__random_state': 42, 'estimator__shuffle': True, 'estimator__solver': 'adam', 'estimator__tol': 0.0001, 'estimator__validation_fraction': 0.1, 'estimator__verbose': False, 'estimator__warm_start': False, 'estimator': MLPClassifier(hidden_layer_sizes=100, max_iter=10000, random_state=42), 'n_jobs': None}"
class_data-12.csv,nmf,3,140,0.02142857142857143,3,4.609201020867098,0.21832659383701847,2.0822155218537493,0.05031859675844822,414,1,0.013333333333333334,0.011547005383792516,46.73123370961243,8.626094127273936,0.37678618234310063,0.5724197256065667,0.4039186528272339,0.5781329938013806,1.2688900949251727,0.00405718693885739,1.9941947169077492,0.9998527812126373,0.0,1,nb,0.7,0.6851938895417156,0.002827882766723633,0.6929922135706341,"{'estimator__priors': None, 'estimator__var_smoothing': 1e-09, 'estimator': GaussianNB(), 'n_jobs': None}"
class_data-12.csv,nmf,3,140,0.02142857142857143,3,4.609201020867098,0.21832659383701847,2.0822155218537493,0.05031859675844822,414,1,0.013333333333333334,0.011547005383792516,46.73123370961243,8.626094127273936,0.37678618234310063,0.5724197256065667,0.4039186528272339,0.5781329938013806,1.2688900949251727,0.00405718693885739,1.9941947169077492,0.9998527812126373,0.0,1,rf,0.6666666666666666,0.6666666666666666,0.06339788436889648,0.6674082313681869,"{'estimator__bootstrap': True, 'estimator__ccp_alpha': 0.0, 'estimator__class_weight': None, 'estimator__criterion': 'gini', 'estimator__max_depth': None, 'estimator__max_features': 'sqrt', 'estimator__max_leaf_nodes': None, 'estimator__max_samples': None, 'estimator__min_impurity_decrease': 0.0, 'estimator__min_samples_leaf': 1, 'estimator__min_samples_split': 2, 'estimator__min_weight_fraction_leaf': 0.0, 'estimator__monotonic_cst': None, 'estimator__n_estimators': 100, 'estimator__n_jobs': None, 'estimator__oob_score': False, 'estimator__random_state': 42, 'estimator__verbose': 0, 'estimator__warm_start': False, 'estimator': RandomForestClassifier(random_state=42), 'n_jobs': None}"
class_data-12.csv,nmf,3,140,0.02142857142857143,3,4.609201020867098,0.21832659383701847,2.0822155218537493,0.05031859675844822,414,1,0.013333333333333334,0.011547005383792516,46.73123370961243,8.626094127273936,0.37678618234310063,0.5724197256065667,0.4039186528272339,0.5781329938013806,1.2688900949251727,0.00405718693885739,1.9941947169077492,0.9998527812126373,0.0,1,svc,0.5166666666666667,0.352014652014652,0.0030498504638671875,0.5,"{'estimator__C': 0.01, 'estimator__break_ties': False, 'estimator__cache_size': 200, 'estimator__class_weight': None, 'estimator__coef0': 0.0, 'estimator__decision_function_shape': 'ovr', 'estimator__degree': 3, 'estimator__gamma': 0.1, 'estimator__kernel': 'linear', 'estimator__max_iter': -1, 'estimator__probability': False, 'estimator__random_state': 42, 'estimator__shrinking': True, 'estimator__tol': 0.001, 'estimator__verbose': False, 'estimator': SVC(C=0.01, gamma=0.1, kernel='linear', probability=False, random_state=42), 'n_jobs': None}"
class_data-12.csv,none,10,140,0.07142857142857142,8,1.3459538563628064e+16,0.12715704140700257,18.66843708797383,0.06418592247667336,1390,3,0.037,0.00483045891539648,39.4250084037396,4.4449564086379345,0.1064994714709683,0.17101152843273454,-0.016663192423434746,0.32938253463280326,2.882830611538233,0.17716016607974158,1.9982715843769387,0.9998527812126373,0.0,1,dt,0.7166666666666667,0.7154778554778555,0.003047943115234375,0.7146829810901001,"{'estimator__ccp_alpha': 0.0, 'estimator__class_weight': None, 'estimator__criterion': 'gini', 'estimator__max_depth': None, 'estimator__max_features': None, 'estimator__max_leaf_nodes': None, 'estimator__min_impurity_decrease': 0.0, 'estimator__min_samples_leaf': 1, 'estimator__min_samples_split': 2, 'estimator__min_weight_fraction_leaf': 0.0, 'estimator__monotonic_cst': None, 'estimator__random_state': 42, 'estimator__splitter': 'best', 'estimator': DecisionTreeClassifier(random_state=42), 'n_jobs': None}"
class_data-12.csv,none,10,140,0.07142857142857142,8,1.3459538563628064e+16,0.12715704140700257,18.66843708797383,0.06418592247667336,1390,3,0.037,0.00483045891539648,39.4250084037396,4.4449564086379345,0.1064994714709683,0.17101152843273454,-0.016663192423434746,0.32938253463280326,2.882830611538233,0.17716016607974158,1.9982715843769387,0.9998527812126373,0.0,1,lr,0.7,0.7,0.0034651756286621094,0.6996662958843161,"{'estimator__C': 1.0, 'estimator__class_weight': None, 'estimator__dual': False, 'estimator__fit_intercept': True, 'estimator__intercept_scaling': 1, 'estimator__l1_ratio': None, 'estimator__max_iter': 10000, 'estimator__n_jobs': None, 'estimator__penalty': 'l2', 'estimator__random_state': 42, 'estimator__solver': 'saga', 'estimator__tol': 0.0001, 'estimator__verbose': 0, 'estimator__warm_start': False, 'estimator': LogisticRegression(l1_ratio=None, max_iter=10000, penalty='l2', random_state=42,
                   solver='saga'), 'n_jobs': None}"
class_data-12.csv,none,10,140,0.07142857142857142,8,1.3459538563628064e+16,0.12715704140700257,18.66843708797383,0.06418592247667336,1390,3,0.037,0.00483045891539648,39.4250084037396,4.4449564086379345,0.1064994714709683,0.17101152843273454,-0.016663192423434746,0.32938253463280326,2.882830611538233,0.17716016607974158,1.9982715843769387,0.9998527812126373,0.0,1,mlp,0.8166666666666667,0.8158974358974359,0.33116793632507324,0.8147942157953282,"{'estimator__activation': 'relu', 'estimator__alpha': 0.0001, 'estimator__batch_size': 'auto', 'estimator__beta_1': 0.9, 'estimator__beta_2': 0.999, 'estimator__early_stopping': False, 'estimator__epsilon': 1e-08, 'estimator__hidden_layer_sizes': 100, 'estimator__learning_rate': 'constant', 'estimator__learning_rate_init': 0.001, 'estimator__max_fun': 15000, 'estimator__max_iter': 10000, 'estimator__momentum': 0.9, 'estimator__n_iter_no_change': 10, 'estimator__nesterovs_momentum': True, 'estimator__power_t': 0.5, 'estimator__random_state': 42, 'estimator__shuffle': True, 'estimator__solver': 'adam', 'estimator__tol': 0.0001, 'estimator__validation_fraction': 0.1, 'estimator__verbose': False, 'estimator__warm_start': False, 'estimator': MLPClassifier(hidden_layer_sizes=100, max_iter=10000, random_state=42), 'n_jobs': None}"
class_data-12.csv,none,10,140,0.07142857142857142,8,1.3459538563628064e+16,0.12715704140700257,18.66843708797383,0.06418592247667336,1390,3,0.037,0.00483045891539648,39.4250084037396,4.4449564086379345,0.1064994714709683,0.17101152843273454,-0.016663192423434746,0.32938253463280326,2.882830611538233,0.17716016607974158,1.9982715843769387,0.9998527812126373,0.0,1,nb,0.6666666666666666,0.6590476190476191,0.0026810169219970703,0.6618464961067853,"{'estimator__priors': None, 'estimator__var_smoothing': 1e-09, 'estimator': GaussianNB(), 'n_jobs': None}"
class_data-12.csv,none,10,140,0.07142857142857142,8,1.3459538563628064e+16,0.12715704140700257,18.66843708797383,0.06418592247667336,1390,3,0.037,0.00483045891539648,39.4250084037396,4.4449564086379345,0.1064994714709683,0.17101152843273454,-0.016663192423434746,0.32938253463280326,2.882830611538233,0.17716016607974158,1.9982715843769387,0.9998527812126373,0.0,1,rf,0.8166666666666667,0.8158974358974359,0.060889244079589844,0.8147942157953282,"{'estimator__bootstrap': True, 'estimator__ccp_alpha': 0.0, 'estimator__class_weight': None, 'estimator__criterion': 'gini', 'estimator__max_depth': None, 'estimator__max_features': 'sqrt', 'estimator__max_leaf_nodes': None, 'estimator__max_samples': None, 'estimator__min_impurity_decrease': 0.0, 'estimator__min_samples_leaf': 1, 'estimator__min_samples_split': 2, 'estimator__min_weight_fraction_leaf': 0.0, 'estimator__monotonic_cst': None, 'estimator__n_estimators': 100, 'estimator__n_jobs': None, 'estimator__oob_score': False, 'estimator__random_state': 42, 'estimator__verbose': 0, 'estimator__warm_start': False, 'estimator': RandomForestClassifier(random_state=42), 'n_jobs': None}"
class_data-12.csv,none,10,140,0.07142857142857142,8,1.3459538563628064e+16,0.12715704140700257,18.66843708797383,0.06418592247667336,1390,3,0.037,0.00483045891539648,39.4250084037396,4.4449564086379345,0.1064994714709683,0.17101152843273454,-0.016663192423434746,0.32938253463280326,2.882830611538233,0.17716016607974158,1.9982715843769387,0.9998527812126373,0.0,1,svc,0.5166666666666667,0.352014652014652,0.003512859344482422,0.5,"{'estimator__C': 0.01, 'estimator__break_ties': False, 'estimator__cache_size': 200, 'estimator__class_weight': None, 'estimator__coef0': 0.0, 'estimator__decision_function_shape': 'ovr', 'estimator__degree': 3, 'estimator__gamma': 0.1, 'estimator__kernel': 'linear', 'estimator__max_iter': -1, 'estimator__probability': False, 'estimator__random_state': 42, 'estimator__shrinking': True, 'estimator__tol': 0.001, 'estimator__verbose': False, 'estimator': SVC(C=0.01, gamma=0.1, kernel='linear', probability=False, random_state=42), 'n_jobs': None}"
class_data-12.csv,pca,3,140,0.02142857142857143,3,1.5394325342199708,0.14862458226648814,7.105427357601002e-15,0.04371451205114781,420,1,0.08,0.03605551275463988,1.6511668061276163e+17,9.032530550941388e+17,0.3637141696149701,0.36483551409223636,0.1374174774943917,0.265764471548907,-0.3503397892682767,0.06379582502853356,1.9941947169077503,0.9998527812126373,0.0,2,dt,0.43333333333333335,0.4256410256410257,0.002238035202026367,0.4293659621802002,"{'estimator__ccp_alpha': 0.0, 'estimator__class_weight': None, 'estimator__criterion': 'gini', 'estimator__max_depth': None, 'estimator__max_features': None, 'estimator__max_leaf_nodes': None, 'estimator__min_impurity_decrease': 0.0, 'estimator__min_samples_leaf': 1, 'estimator__min_samples_split': 2, 'estimator__min_weight_fraction_leaf': 0.0, 'estimator__monotonic_cst': None, 'estimator__random_state': 42, 'estimator__splitter': 'best', 'estimator': DecisionTreeClassifier(random_state=42), 'n_jobs': None}"
class_data-12.csv,pca,3,140,0.02142857142857143,3,1.5394325342199708,0.14862458226648814,7.105427357601002e-15,0.04371451205114781,420,1,0.08,0.03605551275463988,1.6511668061276163e+17,9.032530550941388e+17,0.3637141696149701,0.36483551409223636,0.1374174774943917,0.265764471548907,-0.3503397892682767,0.06379582502853356,1.9941947169077503,0.9998527812126373,0.0,2,lr,0.5166666666666667,0.5162628794207741,0.002351999282836914,0.5155728587319244,"{'estimator__C': 1.0, 'estimator__class_weight': None, 'estimator__dual': False, 'estimator__fit_intercept': True, 'estimator__intercept_scaling': 1, 'estimator__l1_ratio': None, 'estimator__max_iter': 10000, 'estimator__n_jobs': None, 'estimator__penalty': 'l2', 'estimator__random_state': 42, 'estimator__solver': 'saga', 'estimator__tol': 0.0001, 'estimator__verbose': 0, 'estimator__warm_start': False, 'estimator': LogisticRegression(l1_ratio=None, max_iter=10000, penalty='l2', random_state=42,
                   solver='saga'), 'n_jobs': None}"
class_data-12.csv,pca,3,140,0.02142857142857143,3,1.5394325342199708,0.14862458226648814,7.105427357601002e-15,0.04371451205114781,420,1,0.08,0.03605551275463988,1.6511668061276163e+17,9.032530550941388e+17,0.3637141696149701,0.36483551409223636,0.1374174774943917,0.265764471548907,-0.3503397892682767,0.06379582502853356,1.9941947169077503,0.9998527812126373,0.0,2,mlp,0.5666666666666667,0.5637485970819305,0.11708402633666992,0.5639599555061179,"{'estimator__activation': 'relu', 'estimator__alpha': 0.0001, 'estimator__batch_size': 'auto', 'estimator__beta_1': 0.9, 'estimator__beta_2': 0.999, 'estimator__early_stopping': False, 'estimator__epsilon': 1e-08, 'estimator__hidden_layer_sizes': 100, 'estimator__learning_rate': 'constant', 'estimator__learning_rate_init': 0.001, 'estimator__max_fun': 15000, 'estimator__max_iter': 10000, 'estimator__momentum': 0.9, 'estimator__n_iter_no_change': 10, 'estimator__nesterovs_momentum': True, 'estimator__power_t': 0.5, 'estimator__random_state': 42, 'estimator__shuffle': True, 'estimator__solver': 'adam', 'estimator__tol': 0.0001, 'estimator__validation_fraction': 0.1, 'estimator__verbose': False, 'estimator__warm_start': False, 'estimator': MLPClassifier(hidden_layer_sizes=100, max_iter=10000, random_state=42), 'n_jobs': None}"
class_data-12.csv,pca,3,140,0.02142857142857143,3,1.5394325342199708,0.14862458226648814,7.105427357601002e-15,0.04371451205114781,420,1,0.08,0.03605551275463988,1.6511668061276163e+17,9.032530550941388e+17,0.3637141696149701,0.36483551409223636,0.1374174774943917,0.265764471548907,-0.3503397892682767,0.06379582502853356,1.9941947169077503,0.9998527812126373,0.0,2,nb,0.5166666666666667,0.5162637769750856,0.0029480457305908203,0.517797552836485,"{'estimator__priors': None, 'estimator__var_smoothing': 1e-09, 'estimator': GaussianNB(), 'n_jobs': None}"
class_data-12.csv,pca,3,140,0.02142857142857143,3,1.5394325342199708,0.14862458226648814,7.105427357601002e-15,0.04371451205114781,420,1,0.08,0.03605551275463988,1.6511668061276163e+17,9.032530550941388e+17,0.3637141696149701,0.36483551409223636,0.1374174774943917,0.265764471548907,-0.3503397892682767,0.06379582502853356,1.9941947169077503,0.9998527812126373,0.0,2,rf,0.4666666666666667,0.46307519640852973,0.05799722671508789,0.46384872080088985,"{'estimator__bootstrap': True, 'estimator__ccp_alpha': 0.0, 'estimator__class_weight': None, 'estimator__criterion': 'gini', 'estimator__max_depth': None, 'estimator__max_features': 'sqrt', 'estimator__max_leaf_nodes': None, 'estimator__max_samples': None, 'estimator__min_impurity_decrease': 0.0, 'estimator__min_samples_leaf': 1, 'estimator__min_samples_split': 2, 'estimator__min_weight_fraction_leaf': 0.0, 'estimator__monotonic_cst': None, 'estimator__n_estimators': 100, 'estimator__n_jobs': None, 'estimator__oob_score': False, 'estimator__random_state': 42, 'estimator__verbose': 0, 'estimator__warm_start': False, 'estimator': RandomForestClassifier(random_state=42), 'n_jobs': None}"
class_data-12.csv,pca,3,140,0.02142857142857143,3,1.5394325342199708,0.14862458226648814,7.105427357601002e-15,0.04371451205114781,420,1,0.08,0.03605551275463988,1.6511668061276163e+17,9.032530550941388e+17,0.3637141696149701,0.36483551409223636,0.1374174774943917,0.265764471548907,-0.3503397892682767,0.06379582502853356,1.9941947169077503,0.9998527812126373,0.0,2,svc,0.5166666666666667,0.352014652014652,0.0032927989959716797,0.5,"{'estimator__C': 0.01, 'estimator__break_ties': False, 'estimator__cache_size': 200, 'estimator__class_weight': None, 'estimator__coef0': 0.0, 'estimator__decision_function_shape': 'ovr', 'estimator__degree': 3, 'estimator__gamma': 0.1, 'estimator__kernel': 'linear', 'estimator__max_iter': -1, 'estimator__probability': False, 'estimator__random_state': 42, 'estimator__shrinking': True, 'estimator__tol': 0.001, 'estimator__verbose': False, 'estimator': SVC(C=0.01, gamma=0.1, kernel='linear', probability=False, random_state=42), 'n_jobs': None}"
class_data-12.csv,nmf,3,140,0.02142857142857143,3,4.498102435571572,0.19586511758337152,2.142842872361973,0.05401860155599055,412,1,0.013333333333333334,0.005773502691896258,49.03357753832032,9.993967461625301,0.5113891866043849,0.4226287914959495,0.20378575139303243,0.6458096268143039,1.314043258245303,0.004678485514492121,1.99419471690775,0.9998527812126373,0.0,2,dt,0.55,0.5455646296817798,0.0025758743286132812,0.5467185761957731,"{'estimator__ccp_alpha': 0.0, 'estimator__class_weight': None, 'estimator__criterion': 'gini', 'estimator__max_depth': None, 'estimator__max_features': None, 'estimator__max_leaf_nodes': None, 'estimator__min_impurity_decrease': 0.0, 'estimator__min_samples_leaf': 1, 'estimator__min_samples_split': 2, 'estimator__min_weight_fraction_leaf': 0.0, 'estimator__monotonic_cst': None, 'estimator__random_state': 42, 'estimator__splitter': 'best', 'estimator': DecisionTreeClassifier(random_state=42), 'n_jobs': None}"
class_data-12.csv,nmf,3,140,0.02142857142857143,3,4.498102435571572,0.19586511758337152,2.142842872361973,0.05401860155599055,412,1,0.013333333333333334,0.005773502691896258,49.03357753832032,9.993967461625301,0.5113891866043849,0.4226287914959495,0.20378575139303243,0.6458096268143039,1.314043258245303,0.004678485514492121,1.99419471690775,0.9998527812126373,0.0,2,lr,0.6,0.6,0.0029087066650390625,0.5995550611790879,"{'estimator__C': 1.0, 'estimator__class_weight': None, 'estimator__dual': False, 'estimator__fit_intercept': True, 'estimator__intercept_scaling': 1, 'estimator__l1_ratio': None, 'estimator__max_iter': 10000, 'estimator__n_jobs': None, 'estimator__penalty': 'l2', 'estimator__random_state': 42, 'estimator__solver': 'saga', 'estimator__tol': 0.0001, 'estimator__verbose': 0, 'estimator__warm_start': False, 'estimator': LogisticRegression(l1_ratio=None, max_iter=10000, penalty='l2', random_state=42,
                   solver='saga'), 'n_jobs': None}"
class_data-12.csv,nmf,3,140,0.02142857142857143,3,4.498102435571572,0.19586511758337152,2.142842872361973,0.05401860155599055,412,1,0.013333333333333334,0.005773502691896258,49.03357753832032,9.993967461625301,0.5113891866043849,0.4226287914959495,0.20378575139303243,0.6458096268143039,1.314043258245303,0.004678485514492121,1.99419471690775,0.9998527812126373,0.0,2,mlp,0.5,0.4988876529477197,0.056249141693115234,0.5016685205784205,"{'estimator__activation': 'relu', 'estimator__alpha': 0.0001, 'estimator__batch_size': 'auto', 'estimator__beta_1': 0.9, 'estimator__beta_2': 0.999, 'estimator__early_stopping': False, 'estimator__epsilon': 1e-08, 'estimator__hidden_layer_sizes': 100, 'estimator__learning_rate': 'constant', 'estimator__learning_rate_init': 0.001, 'estimator__max_fun': 15000, 'estimator__max_iter': 10000, 'estimator__momentum': 0.9, 'estimator__n_iter_no_change': 10, 'estimator__nesterovs_momentum': True, 'estimator__power_t': 0.5, 'estimator__random_state': 42, 'estimator__shuffle': True, 'estimator__solver': 'adam', 'estimator__tol': 0.0001, 'estimator__validation_fraction': 0.1, 'estimator__verbose': False, 'estimator__warm_start': False, 'estimator': MLPClassifier(hidden_layer_sizes=100, max_iter=10000, random_state=42), 'n_jobs': None}"
class_data-12.csv,nmf,3,140,0.02142857142857143,3,4.498102435571572,0.19586511758337152,2.142842872361973,0.05401860155599055,412,1,0.013333333333333334,0.005773502691896258,49.03357753832032,9.993967461625301,0.5113891866043849,0.4226287914959495,0.20378575139303243,0.6458096268143039,1.314043258245303,0.004678485514492121,1.99419471690775,0.9998527812126373,0.0,2,nb,0.6166666666666667,0.6098039215686274,0.002274036407470703,0.6123470522803115,"{'estimator__priors': None, 'estimator__var_smoothing': 1e-09, 'estimator': GaussianNB(), 'n_jobs': None}"
class_data-12.csv,nmf,3,140,0.02142857142857143,3,4.498102435571572,0.19586511758337152,2.142842872361973,0.05401860155599055,412,1,0.013333333333333334,0.005773502691896258,49.03357753832032,9.993967461625301,0.5113891866043849,0.4226287914959495,0.20378575139303243,0.6458096268143039,1.314043258245303,0.004678485514492121,1.99419471690775,0.9998527812126373,0.0,2,rf,0.6,0.5802585193889541,0.0531010627746582,0.5928809788654059,"{'estimator__bootstrap': True, 'estimator__ccp_alpha': 0.0, 'estimator__class_weight': None, 'estimator__criterion': 'gini', 'estimator__max_depth': None, 'estimator__max_features': 'sqrt', 'estimator__max_leaf_nodes': None, 'estimator__max_samples': None, 'estimator__min_impurity_decrease': 0.0, 'estimator__min_samples_leaf': 1, 'estimator__min_samples_split': 2, 'estimator__min_weight_fraction_leaf': 0.0, 'estimator__monotonic_cst': None, 'estimator__n_estimators': 100, 'estimator__n_jobs': None, 'estimator__oob_score': False, 'estimator__random_state': 42, 'estimator__verbose': 0, 'estimator__warm_start': False, 'estimator': RandomForestClassifier(random_state=42), 'n_jobs': None}"
class_data-12.csv,nmf,3,140,0.02142857142857143,3,4.498102435571572,0.19586511758337152,2.142842872361973,0.05401860155599055,412,1,0.013333333333333334,0.005773502691896258,49.03357753832032,9.993967461625301,0.5113891866043849,0.4226287914959495,0.20378575139303243,0.6458096268143039,1.314043258245303,0.004678485514492121,1.99419471690775,0.9998527812126373,0.0,2,svc,0.5166666666666667,0.352014652014652,0.003186941146850586,0.5,"{'estimator__C': 0.01, 'estimator__break_ties': False, 'estimator__cache_size': 200, 'estimator__class_weight': None, 'estimator__coef0': 0.0, 'estimator__decision_function_shape': 'ovr', 'estimator__degree': 3, 'estimator__gamma': 0.1, 'estimator__kernel': 'linear', 'estimator__max_iter': -1, 'estimator__probability': False, 'estimator__random_state': 42, 'estimator__shrinking': True, 'estimator__tol': 0.001, 'estimator__verbose': False, 'estimator': SVC(C=0.01, gamma=0.1, kernel='linear', probability=False, random_state=42), 'n_jobs': None}"
class_data-12.csv,none,10,140,0.07142857142857142,8,1.912181160208539e+16,0.10355519067102266,19.053863961947457,0.06292372538718145,1390,3,0.037,0.00674948557710553,38.86581936494683,4.110523311295734,0.1583187024160955,0.28851669619109904,0.12403035149162758,0.3373908939486905,2.841139896345239,0.185185345361635,1.9982619968470778,0.9998527812126373,0.0,2,dt,0.8333333333333334,0.8329625509825732,0.0033049583435058594,0.8353726362625139,"{'estimator__ccp_alpha': 0.0, 'estimator__class_weight': None, 'estimator__criterion': 'gini', 'estimator__max_depth': None, 'estimator__max_features': None, 'estimator__max_leaf_nodes': None, 'estimator__min_impurity_decrease': 0.0, 'estimator__min_samples_leaf': 1, 'estimator__min_samples_split': 2, 'estimator__min_weight_fraction_leaf': 0.0, 'estimator__monotonic_cst': None, 'estimator__random_state': 42, 'estimator__splitter': 'best', 'estimator': DecisionTreeClassifier(random_state=42), 'n_jobs': None}"
class_data-12.csv,none,10,140,0.07142857142857142,8,1.912181160208539e+16,0.10355519067102266,19.053863961947457,0.06292372538718145,1390,3,0.037,0.00674948557710553,38.86581936494683,4.110523311295734,0.1583187024160955,0.28851669619109904,0.12403035149162758,0.3373908939486905,2.841139896345239,0.185185345361635,1.9982619968470778,0.9998527812126373,0.0,2,lr,0.6666666666666666,0.6659251019651464,0.003219127655029297,0.6685205784204671,"{'estimator__C': 1.0, 'estimator__class_weight': None, 'estimator__dual': False, 'estimator__fit_intercept': True, 'estimator__intercept_scaling': 1, 'estimator__l1_ratio': None, 'estimator__max_iter': 10000, 'estimator__n_jobs': None, 'estimator__penalty': 'l2', 'estimator__random_state': 42, 'estimator__solver': 'saga', 'estimator__tol': 0.0001, 'estimator__verbose': 0, 'estimator__warm_start': False, 'estimator': LogisticRegression(l1_ratio=None, max_iter=10000, penalty='l2', random_state=42,
                   solver='saga'), 'n_jobs': None}"
class_data-12.csv,none,10,140,0.07142857142857142,8,1.912181160208539e+16,0.10355519067102266,19.053863961947457,0.06292372538718145,1390,3,0.037,0.00674948557710553,38.86581936494683,4.110523311295734,0.1583187024160955,0.28851669619109904,0.12403035149162758,0.3373908939486905,2.841139896345239,0.185185345361635,1.9982619968470778,0.9998527812126373,0.0,2,mlp,0.8833333333333333,0.8833657497452997,0.31807374954223633,0.8837597330367074,"{'estimator__activation': 'relu', 'estimator__alpha': 0.0001, 'estimator__batch_size': 'auto', 'estimator__beta_1': 0.9, 'estimator__beta_2': 0.999, 'estimator__early_stopping': False, 'estimator__epsilon': 1e-08, 'estimator__hidden_layer_sizes': 100, 'estimator__learning_rate': 'constant', 'estimator__learning_rate_init': 0.001, 'estimator__max_fun': 15000, 'estimator__max_iter': 10000, 'estimator__momentum': 0.9, 'estimator__n_iter_no_change': 10, 'estimator__nesterovs_momentum': True, 'estimator__power_t': 0.5, 'estimator__random_state': 42, 'estimator__shuffle': True, 'estimator__solver': 'adam', 'estimator__tol': 0.0001, 'estimator__validation_fraction': 0.1, 'estimator__verbose': False, 'estimator__warm_start': False, 'estimator': MLPClassifier(hidden_layer_sizes=100, max_iter=10000, random_state=42), 'n_jobs': None}"
class_data-12.csv,none,10,140,0.07142857142857142,8,1.912181160208539e+16,0.10355519067102266,19.053863961947457,0.06292372538718145,1390,3,0.037,0.00674948557710553,38.86581936494683,4.110523311295734,0.1583187024160955,0.28851669619109904,0.12403035149162758,0.3373908939486905,2.841139896345239,0.185185345361635,1.9982619968470778,0.9998527812126373,0.0,2,nb,0.6666666666666666,0.6644219977553312,0.0029859542846679688,0.664071190211346,"{'estimator__priors': None, 'estimator__var_smoothing': 1e-09, 'estimator': GaussianNB(), 'n_jobs': None}"
class_data-12.csv,none,10,140,0.07142857142857142,8,1.912181160208539e+16,0.10355519067102266,19.053863961947457,0.06292372538718145,1390,3,0.037,0.00674948557710553,38.86581936494683,4.110523311295734,0.1583187024160955,0.28851669619109904,0.12403035149162758,0.3373908939486905,2.841139896345239,0.185185345361635,1.9982619968470778,0.9998527812126373,0.0,2,rf,0.8666666666666667,0.8666666666666667,0.060272932052612305,0.8676307007786429,"{'estimator__bootstrap': True, 'estimator__ccp_alpha': 0.0, 'estimator__class_weight': None, 'estimator__criterion': 'gini', 'estimator__max_depth': None, 'estimator__max_features': 'sqrt', 'estimator__max_leaf_nodes': None, 'estimator__max_samples': None, 'estimator__min_impurity_decrease': 0.0, 'estimator__min_samples_leaf': 1, 'estimator__min_samples_split': 2, 'estimator__min_weight_fraction_leaf': 0.0, 'estimator__monotonic_cst': None, 'estimator__n_estimators': 100, 'estimator__n_jobs': None, 'estimator__oob_score': False, 'estimator__random_state': 42, 'estimator__verbose': 0, 'estimator__warm_start': False, 'estimator': RandomForestClassifier(random_state=42), 'n_jobs': None}"
class_data-12.csv,none,10,140,0.07142857142857142,8,1.912181160208539e+16,0.10355519067102266,19.053863961947457,0.06292372538718145,1390,3,0.037,0.00674948557710553,38.86581936494683,4.110523311295734,0.1583187024160955,0.28851669619109904,0.12403035149162758,0.3373908939486905,2.841139896345239,0.185185345361635,1.9982619968470778,0.9998527812126373,0.0,2,svc,0.5166666666666667,0.352014652014652,0.003421783447265625,0.5,"{'estimator__C': 0.01, 'estimator__break_ties': False, 'estimator__cache_size': 200, 'estimator__class_weight': None, 'estimator__coef0': 0.0, 'estimator__decision_function_shape': 'ovr', 'estimator__degree': 3, 'estimator__gamma': 0.1, 'estimator__kernel': 'linear', 'estimator__max_iter': -1, 'estimator__probability': False, 'estimator__random_state': 42, 'estimator__shrinking': True, 'estimator__tol': 0.001, 'estimator__verbose': False, 'estimator': SVC(C=0.01, gamma=0.1, kernel='linear', probability=False, random_state=42), 'n_jobs': None}"
class_data-13.csv,pca,3,140,0.02142857142857143,3,1.348898061702756,0.22917376072690276,1.3322676295501878e-15,0.056507838683238276,420,1,0.07,0.02645751311064591,-1.213950371909582e+17,4368777929904527.5,-0.31434370834203545,0.09219229674177415,0.40011186899354856,0.38064880112678645,-0.26306220009958986,0.06737395287953012,1.9941947169077503,0.8980587934501658,0.0,1,dt,0.7166666666666667,0.7239404006845868,0.0027277469635009766,0.70795892169448,"{'estimator__ccp_alpha': 0.0, 'estimator__class_weight': None, 'estimator__criterion': 'gini', 'estimator__max_depth': None, 'estimator__max_features': None, 'estimator__max_leaf_nodes': None, 'estimator__min_impurity_decrease': 0.0, 'estimator__min_samples_leaf': 1, 'estimator__min_samples_split': 2, 'estimator__min_weight_fraction_leaf': 0.0, 'estimator__monotonic_cst': None, 'estimator__random_state': 42, 'estimator__splitter': 'best', 'estimator': DecisionTreeClassifier(random_state=42), 'n_jobs': None}"
class_data-13.csv,pca,3,140,0.02142857142857143,3,1.348898061702756,0.22917376072690276,1.3322676295501878e-15,0.056507838683238276,420,1,0.07,0.02645751311064591,-1.213950371909582e+17,4368777929904527.5,-0.31434370834203545,0.09219229674177415,0.40011186899354856,0.38064880112678645,-0.26306220009958986,0.06737395287953012,1.9941947169077503,0.8980587934501658,0.0,1,lr,0.8666666666666667,0.8548148148148147,0.0032529830932617188,0.7894736842105263,"{'estimator__C': 1.0, 'estimator__class_weight': None, 'estimator__dual': False, 'estimator__fit_intercept': True, 'estimator__intercept_scaling': 1, 'estimator__l1_ratio': None, 'estimator__max_iter': 10000, 'estimator__n_jobs': None, 'estimator__penalty': 'l2', 'estimator__random_state': 42, 'estimator__solver': 'saga', 'estimator__tol': 0.0001, 'estimator__verbose': 0, 'estimator__warm_start': False, 'estimator': LogisticRegression(l1_ratio=None, max_iter=10000, penalty='l2', random_state=42,
                   solver='saga'), 'n_jobs': None}"
class_data-13.csv,pca,3,140,0.02142857142857143,3,1.348898061702756,0.22917376072690276,1.3322676295501878e-15,0.056507838683238276,420,1,0.07,0.02645751311064591,-1.213950371909582e+17,4368777929904527.5,-0.31434370834203545,0.09219229674177415,0.40011186899354856,0.38064880112678645,-0.26306220009958986,0.06737395287953012,1.9941947169077503,0.8980587934501658,0.0,1,mlp,0.8333333333333334,0.8333333333333334,0.05318617820739746,0.8074454428754814,"{'estimator__activation': 'relu', 'estimator__alpha': 0.0001, 'estimator__batch_size': 'auto', 'estimator__beta_1': 0.9, 'estimator__beta_2': 0.999, 'estimator__early_stopping': False, 'estimator__epsilon': 1e-08, 'estimator__hidden_layer_sizes': 100, 'estimator__learning_rate': 'constant', 'estimator__learning_rate_init': 0.001, 'estimator__max_fun': 15000, 'estimator__max_iter': 10000, 'estimator__momentum': 0.9, 'estimator__n_iter_no_change': 10, 'estimator__nesterovs_momentum': True, 'estimator__power_t': 0.5, 'estimator__random_state': 42, 'estimator__shuffle': True, 'estimator__solver': 'adam', 'estimator__tol': 0.0001, 'estimator__validation_fraction': 0.1, 'estimator__verbose': False, 'estimator__warm_start': False, 'estimator': MLPClassifier(hidden_layer_sizes=100, max_iter=10000, random_state=42), 'n_jobs': None}"
class_data-13.csv,pca,3,140,0.02142857142857143,3,1.348898061702756,0.22917376072690276,1.3322676295501878e-15,0.056507838683238276,420,1,0.07,0.02645751311064591,-1.213950371909582e+17,4368777929904527.5,-0.31434370834203545,0.09219229674177415,0.40011186899354856,0.38064880112678645,-0.26306220009958986,0.06737395287953012,1.9941947169077503,0.8980587934501658,0.0,1,nb,0.8666666666666667,0.8619243046055632,0.002519845962524414,0.8177150192554556,"{'estimator__priors': None, 'estimator__var_smoothing': 1e-09, 'estimator': GaussianNB(), 'n_jobs': None}"
class_data-13.csv,pca,3,140,0.02142857142857143,3,1.348898061702756,0.22917376072690276,1.3322676295501878e-15,0.056507838683238276,420,1,0.07,0.02645751311064591,-1.213950371909582e+17,4368777929904527.5,-0.31434370834203545,0.09219229674177415,0.40011186899354856,0.38064880112678645,-0.26306220009958986,0.06737395287953012,1.9941947169077503,0.8980587934501658,0.0,1,rf,0.7833333333333333,0.7817106262889395,0.06031084060668945,0.7426187419768934,"{'estimator__bootstrap': True, 'estimator__ccp_alpha': 0.0, 'estimator__class_weight': None, 'estimator__criterion': 'gini', 'estimator__max_depth': None, 'estimator__max_features': 'sqrt', 'estimator__max_leaf_nodes': None, 'estimator__max_samples': None, 'estimator__min_impurity_decrease': 0.0, 'estimator__min_samples_leaf': 1, 'estimator__min_samples_split': 2, 'estimator__min_weight_fraction_leaf': 0.0, 'estimator__monotonic_cst': None, 'estimator__n_estimators': 100, 'estimator__n_jobs': None, 'estimator__oob_score': False, 'estimator__random_state': 42, 'estimator__verbose': 0, 'estimator__warm_start': False, 'estimator': RandomForestClassifier(random_state=42), 'n_jobs': None}"
class_data-13.csv,pca,3,140,0.02142857142857143,3,1.348898061702756,0.22917376072690276,1.3322676295501878e-15,0.056507838683238276,420,1,0.07,0.02645751311064591,-1.213950371909582e+17,4368777929904527.5,-0.31434370834203545,0.09219229674177415,0.40011186899354856,0.38064880112678645,-0.26306220009958986,0.06737395287953012,1.9941947169077503,0.8980587934501658,0.0,1,svc,0.6833333333333333,0.5547854785478548,0.003412961959838867,0.5,"{'estimator__C': 0.01, 'estimator__break_ties': False, 'estimator__cache_size': 200, 'estimator__class_weight': None, 'estimator__coef0': 0.0, 'estimator__decision_function_shape': 'ovr', 'estimator__degree': 3, 'estimator__gamma': 0.1, 'estimator__kernel': 'linear', 'estimator__max_iter': -1, 'estimator__probability': False, 'estimator__random_state': 42, 'estimator__shrinking': True, 'estimator__tol': 0.001, 'estimator__verbose': False, 'estimator': SVC(C=0.01, gamma=0.1, kernel='linear', probability=False, random_state=42), 'n_jobs': None}"
class_data-13.csv,nmf,3,140,0.02142857142857143,2,4.334656784186209,0.30437841473753485,2.7763307101964276,0.055528640137939046,410,1,0.023333333333333334,0.015275252316519468,49.02479831620497,3.8564625422869256,0.15317517701194774,0.2508775585762959,0.028339239794947495,0.32995738864320545,1.0757325806760594,0.0047679135213413,1.9941947169077496,0.8980587934501658,0.0,1,dt,0.7,0.7104166666666667,0.0026171207427978516,0.72400513478819,"{'estimator__ccp_alpha': 0.0, 'estimator__class_weight': None, 'estimator__criterion': 'gini', 'estimator__max_depth': None, 'estimator__max_features': None, 'estimator__max_leaf_nodes': None, 'estimator__min_impurity_decrease': 0.0, 'estimator__min_samples_leaf': 1, 'estimator__min_samples_split': 2, 'estimator__min_weight_fraction_leaf': 0.0, 'estimator__monotonic_cst': None, 'estimator__random_state': 42, 'estimator__splitter': 'best', 'estimator': DecisionTreeClassifier(random_state=42), 'n_jobs': None}"
class_data-13.csv,nmf,3,140,0.02142857142857143,2,4.334656784186209,0.30437841473753485,2.7763307101964276,0.055528640137939046,410,1,0.023333333333333334,0.015275252316519468,49.02479831620497,3.8564625422869256,0.15317517701194774,0.2508775585762959,0.028339239794947495,0.32995738864320545,1.0757325806760594,0.0047679135213413,1.9941947169077496,0.8980587934501658,0.0,1,lr,0.8,0.7666121112929624,0.0030012130737304688,0.6842105263157895,"{'estimator__C': 1.0, 'estimator__class_weight': None, 'estimator__dual': False, 'estimator__fit_intercept': True, 'estimator__intercept_scaling': 1, 'estimator__l1_ratio': None, 'estimator__max_iter': 10000, 'estimator__n_jobs': None, 'estimator__penalty': 'l2', 'estimator__random_state': 42, 'estimator__solver': 'saga', 'estimator__tol': 0.0001, 'estimator__verbose': 0, 'estimator__warm_start': False, 'estimator': LogisticRegression(l1_ratio=None, max_iter=10000, penalty='l2', random_state=42,
                   solver='saga'), 'n_jobs': None}"
class_data-13.csv,nmf,3,140,0.02142857142857143,2,4.334656784186209,0.30437841473753485,2.7763307101964276,0.055528640137939046,410,1,0.023333333333333334,0.015275252316519468,49.02479831620497,3.8564625422869256,0.15317517701194774,0.2508775585762959,0.028339239794947495,0.32995738864320545,1.0757325806760594,0.0047679135213413,1.9941947169077496,0.8980587934501658,0.0,1,mlp,0.8833333333333333,0.8803921568627452,0.054316043853759766,0.84403080872914,"{'estimator__activation': 'relu', 'estimator__alpha': 0.0001, 'estimator__batch_size': 'auto', 'estimator__beta_1': 0.9, 'estimator__beta_2': 0.999, 'estimator__early_stopping': False, 'estimator__epsilon': 1e-08, 'estimator__hidden_layer_sizes': 100, 'estimator__learning_rate': 'constant', 'estimator__learning_rate_init': 0.001, 'estimator__max_fun': 15000, 'estimator__max_iter': 10000, 'estimator__momentum': 0.9, 'estimator__n_iter_no_change': 10, 'estimator__nesterovs_momentum': True, 'estimator__power_t': 0.5, 'estimator__random_state': 42, 'estimator__shuffle': True, 'estimator__solver': 'adam', 'estimator__tol': 0.0001, 'estimator__validation_fraction': 0.1, 'estimator__verbose': False, 'estimator__warm_start': False, 'estimator': MLPClassifier(hidden_layer_sizes=100, max_iter=10000, random_state=42), 'n_jobs': None}"
class_data-13.csv,nmf,3,140,0.02142857142857143,2,4.334656784186209,0.30437841473753485,2.7763307101964276,0.055528640137939046,410,1,0.023333333333333334,0.015275252316519468,49.02479831620497,3.8564625422869256,0.15317517701194774,0.2508775585762959,0.028339239794947495,0.32995738864320545,1.0757325806760594,0.0047679135213413,1.9941947169077496,0.8980587934501658,0.0,1,nb,0.8333333333333334,0.8333333333333334,0.0024738311767578125,0.8074454428754814,"{'estimator__priors': None, 'estimator__var_smoothing': 1e-09, 'estimator': GaussianNB(), 'n_jobs': None}"
class_data-13.csv,nmf,3,140,0.02142857142857143,2,4.334656784186209,0.30437841473753485,2.7763307101964276,0.055528640137939046,410,1,0.023333333333333334,0.015275252316519468,49.02479831620497,3.8564625422869256,0.15317517701194774,0.2508775585762959,0.028339239794947495,0.32995738864320545,1.0757325806760594,0.0047679135213413,1.9941947169077496,0.8980587934501658,0.0,1,rf,0.7333333333333333,0.7409888357256779,0.0614011287689209,0.7342747111681643,"{'estimator__bootstrap': True, 'estimator__ccp_alpha': 0.0, 'estimator__class_weight': None, 'estimator__criterion': 'gini', 'estimator__max_depth': None, 'estimator__max_features': 'sqrt', 'estimator__max_leaf_nodes': None, 'estimator__max_samples': None, 'estimator__min_impurity_decrease': 0.0, 'estimator__min_samples_leaf': 1, 'estimator__min_samples_split': 2, 'estimator__min_weight_fraction_leaf': 0.0, 'estimator__monotonic_cst': None, 'estimator__n_estimators': 100, 'estimator__n_jobs': None, 'estimator__oob_score': False, 'estimator__random_state': 42, 'estimator__verbose': 0, 'estimator__warm_start': False, 'estimator': RandomForestClassifier(random_state=42), 'n_jobs': None}"
class_data-13.csv,nmf,3,140,0.02142857142857143,2,4.334656784186209,0.30437841473753485,2.7763307101964276,0.055528640137939046,410,1,0.023333333333333334,0.015275252316519468,49.02479831620497,3.8564625422869256,0.15317517701194774,0.2508775585762959,0.028339239794947495,0.32995738864320545,1.0757325806760594,0.0047679135213413,1.9941947169077496,0.8980587934501658,0.0,1,svc,0.6833333333333333,0.5547854785478548,0.0031969547271728516,0.5,"{'estimator__C': 0.01, 'estimator__break_ties': False, 'estimator__cache_size': 200, 'estimator__class_weight': None, 'estimator__coef0': 0.0, 'estimator__decision_function_shape': 'ovr', 'estimator__degree': 3, 'estimator__gamma': 0.1, 'estimator__kernel': 'linear', 'estimator__max_iter': -1, 'estimator__probability': False, 'estimator__random_state': 42, 'estimator__shrinking': True, 'estimator__tol': 0.001, 'estimator__verbose': False, 'estimator': SVC(C=0.01, gamma=0.1, kernel='linear', probability=False, random_state=42), 'n_jobs': None}"
class_data-13.csv,none,20,140,0.14285714285714285,18,2.1439546059000184e+16,0.09961028031064413,31.34880857375765,0.03319616828549303,2780,5,0.03550000000000001,0.005104177855340405,37.78846508452671,5.915576256699034,-0.023089300707223183,0.21021089546905306,-0.0003901361839704576,0.3045669590724235,8.875094544821215,0.627809132294732,1.9991337049188238,0.8980587934501658,0.0,1,dt,0.7666666666666667,0.7666666666666667,0.0034728050231933594,0.7304236200256738,"{'estimator__ccp_alpha': 0.0, 'estimator__class_weight': None, 'estimator__criterion': 'gini', 'estimator__max_depth': None, 'estimator__max_features': None, 'estimator__max_leaf_nodes': None, 'estimator__min_impurity_decrease': 0.0, 'estimator__min_samples_leaf': 1, 'estimator__min_samples_split': 2, 'estimator__min_weight_fraction_leaf': 0.0, 'estimator__monotonic_cst': None, 'estimator__random_state': 42, 'estimator__splitter': 'best', 'estimator': DecisionTreeClassifier(random_state=42), 'n_jobs': None}"
class_data-13.csv,none,20,140,0.14285714285714285,18,2.1439546059000184e+16,0.09961028031064413,31.34880857375765,0.03319616828549303,2780,5,0.03550000000000001,0.005104177855340405,37.78846508452671,5.915576256699034,-0.023089300707223183,0.21021089546905306,-0.0003901361839704576,0.3045669590724235,8.875094544821215,0.627809132294732,1.9991337049188238,0.8980587934501658,0.0,1,lr,0.9333333333333333,0.9322751322751323,0.004225015640258789,0.9088575096277277,"{'estimator__C': 1.0, 'estimator__class_weight': None, 'estimator__dual': False, 'estimator__fit_intercept': True, 'estimator__intercept_scaling': 1, 'estimator__l1_ratio': None, 'estimator__max_iter': 10000, 'estimator__n_jobs': None, 'estimator__penalty': 'l2', 'estimator__random_state': 42, 'estimator__solver': 'saga', 'estimator__tol': 0.0001, 'estimator__verbose': 0, 'estimator__warm_start': False, 'estimator': LogisticRegression(l1_ratio=None, max_iter=10000, penalty='l2', random_state=42,
                   solver='saga'), 'n_jobs': None}"
class_data-13.csv,none,20,140,0.14285714285714285,18,2.1439546059000184e+16,0.09961028031064413,31.34880857375765,0.03319616828549303,2780,5,0.03550000000000001,0.005104177855340405,37.78846508452671,5.915576256699034,-0.023089300707223183,0.21021089546905306,-0.0003901361839704576,0.3045669590724235,8.875094544821215,0.627809132294732,1.9991337049188238,0.8980587934501658,0.0,1,mlp,0.9,0.8984126984126984,0.2815990447998047,0.8703465982028241,"{'estimator__activation': 'relu', 'estimator__alpha': 0.0001, 'estimator__batch_size': 'auto', 'estimator__beta_1': 0.9, 'estimator__beta_2': 0.999, 'estimator__early_stopping': False, 'estimator__epsilon': 1e-08, 'estimator__hidden_layer_sizes': 100, 'estimator__learning_rate': 'constant', 'estimator__learning_rate_init': 0.001, 'estimator__max_fun': 15000, 'estimator__max_iter': 10000, 'estimator__momentum': 0.9, 'estimator__n_iter_no_change': 10, 'estimator__nesterovs_momentum': True, 'estimator__power_t': 0.5, 'estimator__random_state': 42, 'estimator__shuffle': True, 'estimator__solver': 'adam', 'estimator__tol': 0.0001, 'estimator__validation_fraction': 0.1, 'estimator__verbose': False, 'estimator__warm_start': False, 'estimator': MLPClassifier(hidden_layer_sizes=100, max_iter=10000, random_state=42), 'n_jobs': None}"
class_data-13.csv,none,20,140,0.14285714285714285,18,2.1439546059000184e+16,0.09961028031064413,31.34880857375765,0.03319616828549303,2780,5,0.03550000000000001,0.005104177855340405,37.78846508452671,5.915576256699034,-0.023089300707223183,0.21021089546905306,-0.0003901361839704576,0.3045669590724235,8.875094544821215,0.627809132294732,1.9991337049188238,0.8980587934501658,0.0,1,nb,0.9666666666666667,0.9666666666666667,0.00228118896484375,0.9614890885750963,"{'estimator__priors': None, 'estimator__var_smoothing': 1e-09, 'estimator': GaussianNB(), 'n_jobs': None}"
class_data-13.csv,none,20,140,0.14285714285714285,18,2.1439546059000184e+16,0.09961028031064413,31.34880857375765,0.03319616828549303,2780,5,0.03550000000000001,0.005104177855340405,37.78846508452671,5.915576256699034,-0.023089300707223183,0.21021089546905306,-0.0003901361839704576,0.3045669590724235,8.875094544821215,0.627809132294732,1.9991337049188238,0.8980587934501658,0.0,1,rf,0.9666666666666667,0.9666666666666667,0.06643819808959961,0.9614890885750963,"{'estimator__bootstrap': True, 'estimator__ccp_alpha': 0.0, 'estimator__class_weight': None, 'estimator__criterion': 'gini', 'estimator__max_depth': None, 'estimator__max_features': 'sqrt', 'estimator__max_leaf_nodes': None, 'estimator__max_samples': None, 'estimator__min_impurity_decrease': 0.0, 'estimator__min_samples_leaf': 1, 'estimator__min_samples_split': 2, 'estimator__min_weight_fraction_leaf': 0.0, 'estimator__monotonic_cst': None, 'estimator__n_estimators': 100, 'estimator__n_jobs': None, 'estimator__oob_score': False, 'estimator__random_state': 42, 'estimator__verbose': 0, 'estimator__warm_start': False, 'estimator': RandomForestClassifier(random_state=42), 'n_jobs': None}"
class_data-13.csv,none,20,140,0.14285714285714285,18,2.1439546059000184e+16,0.09961028031064413,31.34880857375765,0.03319616828549303,2780,5,0.03550000000000001,0.005104177855340405,37.78846508452671,5.915576256699034,-0.023089300707223183,0.21021089546905306,-0.0003901361839704576,0.3045669590724235,8.875094544821215,0.627809132294732,1.9991337049188238,0.8980587934501658,0.0,1,svc,0.6833333333333333,0.5547854785478548,0.0031991004943847656,0.5,"{'estimator__C': 0.01, 'estimator__break_ties': False, 'estimator__cache_size': 200, 'estimator__class_weight': None, 'estimator__coef0': 0.0, 'estimator__decision_function_shape': 'ovr', 'estimator__degree': 3, 'estimator__gamma': 0.1, 'estimator__kernel': 'linear', 'estimator__max_iter': -1, 'estimator__probability': False, 'estimator__random_state': 42, 'estimator__shrinking': True, 'estimator__tol': 0.001, 'estimator__verbose': False, 'estimator': SVC(C=0.01, gamma=0.1, kernel='linear', probability=False, random_state=42), 'n_jobs': None}"
class_data-13.csv,pca,3,140,0.02142857142857143,3,1.640483789889071,0.3236563767308127,0.0,0.07639706665558554,420,1,0.10000000000000002,0.060827625302982205,-3.130630596251008e+17,1.3616644332546445e+18,0.15630455497176446,0.04833745911459029,-0.4399939187401811,0.792850484666081,-0.6254195920657036,0.07589377510451366,1.9941947169077499,0.8980587934501658,0.0,2,dt,0.75,0.751661918328585,0.003078937530517578,0.7182284980744544,"{'estimator__ccp_alpha': 0.0, 'estimator__class_weight': None, 'estimator__criterion': 'gini', 'estimator__max_depth': None, 'estimator__max_features': None, 'estimator__max_leaf_nodes': None, 'estimator__min_impurity_decrease': 0.0, 'estimator__min_samples_leaf': 1, 'estimator__min_samples_split': 2, 'estimator__min_weight_fraction_leaf': 0.0, 'estimator__monotonic_cst': None, 'estimator__random_state': 42, 'estimator__splitter': 'best', 'estimator': DecisionTreeClassifier(random_state=42), 'n_jobs': None}"
class_data-13.csv,pca,3,140,0.02142857142857143,3,1.640483789889071,0.3236563767308127,0.0,0.07639706665558554,420,1,0.10000000000000002,0.060827625302982205,-3.130630596251008e+17,1.3616644332546445e+18,0.15630455497176446,0.04833745911459029,-0.4399939187401811,0.792850484666081,-0.6254195920657036,0.07589377510451366,1.9941947169077499,0.8980587934501658,0.0,2,lr,0.8666666666666667,0.8619243046055632,0.002878904342651367,0.8177150192554556,"{'estimator__C': 1.0, 'estimator__class_weight': None, 'estimator__dual': False, 'estimator__fit_intercept': True, 'estimator__intercept_scaling': 1, 'estimator__l1_ratio': None, 'estimator__max_iter': 10000, 'estimator__n_jobs': None, 'estimator__penalty': 'l2', 'estimator__random_state': 42, 'estimator__solver': 'saga', 'estimator__tol': 0.0001, 'estimator__verbose': 0, 'estimator__warm_start': False, 'estimator': LogisticRegression(l1_ratio=None, max_iter=10000, penalty='l2', random_state=42,
                   solver='saga'), 'n_jobs': None}"
class_data-13.csv,pca,3,140,0.02142857142857143,3,1.640483789889071,0.3236563767308127,0.0,0.07639706665558554,420,1,0.10000000000000002,0.060827625302982205,-3.130630596251008e+17,1.3616644332546445e+18,0.15630455497176446,0.04833745911459029,-0.4399939187401811,0.792850484666081,-0.6254195920657036,0.07589377510451366,1.9941947169077499,0.8980587934501658,0.0,2,mlp,0.8666666666666667,0.8645502645502645,0.05182218551635742,0.8318356867779204,"{'estimator__activation': 'relu', 'estimator__alpha': 0.0001, 'estimator__batch_size': 'auto', 'estimator__beta_1': 0.9, 'estimator__beta_2': 0.999, 'estimator__early_stopping': False, 'estimator__epsilon': 1e-08, 'estimator__hidden_layer_sizes': 100, 'estimator__learning_rate': 'constant', 'estimator__learning_rate_init': 0.001, 'estimator__max_fun': 15000, 'estimator__max_iter': 10000, 'estimator__momentum': 0.9, 'estimator__n_iter_no_change': 10, 'estimator__nesterovs_momentum': True, 'estimator__power_t': 0.5, 'estimator__random_state': 42, 'estimator__shuffle': True, 'estimator__solver': 'adam', 'estimator__tol': 0.0001, 'estimator__validation_fraction': 0.1, 'estimator__verbose': False, 'estimator__warm_start': False, 'estimator': MLPClassifier(hidden_layer_sizes=100, max_iter=10000, random_state=42), 'n_jobs': None}"
class_data-13.csv,pca,3,140,0.02142857142857143,3,1.640483789889071,0.3236563767308127,0.0,0.07639706665558554,420,1,0.10000000000000002,0.060827625302982205,-3.130630596251008e+17,1.3616644332546445e+18,0.15630455497176446,0.04833745911459029,-0.4399939187401811,0.792850484666081,-0.6254195920657036,0.07589377510451366,1.9941947169077499,0.8980587934501658,0.0,2,nb,0.8166666666666667,0.8080459770114942,0.0025877952575683594,0.7528883183568678,"{'estimator__priors': None, 'estimator__var_smoothing': 1e-09, 'estimator': GaussianNB(), 'n_jobs': None}"
class_data-13.csv,pca,3,140,0.02142857142857143,3,1.640483789889071,0.3236563767308127,0.0,0.07639706665558554,420,1,0.10000000000000002,0.060827625302982205,-3.130630596251008e+17,1.3616644332546445e+18,0.15630455497176446,0.04833745911459029,-0.4399939187401811,0.792850484666081,-0.6254195920657036,0.07589377510451366,1.9941947169077499,0.8980587934501658,0.0,2,rf,0.8666666666666667,0.8645502645502645,0.052086830139160156,0.8318356867779204,"{'estimator__bootstrap': True, 'estimator__ccp_alpha': 0.0, 'estimator__class_weight': None, 'estimator__criterion': 'gini', 'estimator__max_depth': None, 'estimator__max_features': 'sqrt', 'estimator__max_leaf_nodes': None, 'estimator__max_samples': None, 'estimator__min_impurity_decrease': 0.0, 'estimator__min_samples_leaf': 1, 'estimator__min_samples_split': 2, 'estimator__min_weight_fraction_leaf': 0.0, 'estimator__monotonic_cst': None, 'estimator__n_estimators': 100, 'estimator__n_jobs': None, 'estimator__oob_score': False, 'estimator__random_state': 42, 'estimator__verbose': 0, 'estimator__warm_start': False, 'estimator': RandomForestClassifier(random_state=42), 'n_jobs': None}"
class_data-13.csv,pca,3,140,0.02142857142857143,3,1.640483789889071,0.3236563767308127,0.0,0.07639706665558554,420,1,0.10000000000000002,0.060827625302982205,-3.130630596251008e+17,1.3616644332546445e+18,0.15630455497176446,0.04833745911459029,-0.4399939187401811,0.792850484666081,-0.6254195920657036,0.07589377510451366,1.9941947169077499,0.8980587934501658,0.0,2,svc,0.6833333333333333,0.5547854785478548,0.003400087356567383,0.5,"{'estimator__C': 0.01, 'estimator__break_ties': False, 'estimator__cache_size': 200, 'estimator__class_weight': None, 'estimator__coef0': 0.0, 'estimator__decision_function_shape': 'ovr', 'estimator__degree': 3, 'estimator__gamma': 0.1, 'estimator__kernel': 'linear', 'estimator__max_iter': -1, 'estimator__probability': False, 'estimator__random_state': 42, 'estimator__shrinking': True, 'estimator__tol': 0.001, 'estimator__verbose': False, 'estimator': SVC(C=0.01, gamma=0.1, kernel='linear', probability=False, random_state=42), 'n_jobs': None}"
class_data-13.csv,nmf,3,140,0.02142857142857143,2,5.405217767523742,0.3702317114891707,3.4820263649479113,0.05398270371353594,408,1,0.023333333333333334,0.011547005383792514,54.1138528599214,3.241263840178047,0.005097442452649631,0.08559296567544632,-0.7652741771463397,0.23869507616829377,1.1486698250974516,0.003180264433258164,1.9941947169077499,0.8980587934501658,0.0,2,dt,0.6833333333333333,0.6931851851851852,0.002706289291381836,0.6835686777920412,"{'estimator__ccp_alpha': 0.0, 'estimator__class_weight': None, 'estimator__criterion': 'gini', 'estimator__max_depth': None, 'estimator__max_features': None, 'estimator__max_leaf_nodes': None, 'estimator__min_impurity_decrease': 0.0, 'estimator__min_samples_leaf': 1, 'estimator__min_samples_split': 2, 'estimator__min_weight_fraction_leaf': 0.0, 'estimator__monotonic_cst': None, 'estimator__random_state': 42, 'estimator__splitter': 'best', 'estimator': DecisionTreeClassifier(random_state=42), 'n_jobs': None}"
class_data-13.csv,nmf,3,140,0.02142857142857143,2,5.405217767523742,0.3702317114891707,3.4820263649479113,0.05398270371353594,408,1,0.023333333333333334,0.011547005383792514,54.1138528599214,3.241263840178047,0.005097442452649631,0.08559296567544632,-0.7652741771463397,0.23869507616829377,1.1486698250974516,0.003180264433258164,1.9941947169077499,0.8980587934501658,0.0,2,lr,0.8,0.7666121112929624,0.0030829906463623047,0.6842105263157895,"{'estimator__C': 1.0, 'estimator__class_weight': None, 'estimator__dual': False, 'estimator__fit_intercept': True, 'estimator__intercept_scaling': 1, 'estimator__l1_ratio': None, 'estimator__max_iter': 10000, 'estimator__n_jobs': None, 'estimator__penalty': 'l2', 'estimator__random_state': 42, 'estimator__solver': 'saga', 'estimator__tol': 0.0001, 'estimator__verbose': 0, 'estimator__warm_start': False, 'estimator': LogisticRegression(l1_ratio=None, max_iter=10000, penalty='l2', random_state=42,
                   solver='saga'), 'n_jobs': None}"
class_data-13.csv,nmf,3,140,0.02142857142857143,2,5.405217767523742,0.3702317114891707,3.4820263649479113,0.05398270371353594,408,1,0.023333333333333334,0.011547005383792514,54.1138528599214,3.241263840178047,0.005097442452649631,0.08559296567544632,-0.7652741771463397,0.23869507616829377,1.1486698250974516,0.003180264433258164,1.9941947169077499,0.8980587934501658,0.0,2,mlp,0.8,0.7968253968253968,0.05467391014099121,0.754813863928113,"{'estimator__activation': 'relu', 'estimator__alpha': 0.0001, 'estimator__batch_size': 'auto', 'estimator__beta_1': 0.9, 'estimator__beta_2': 0.999, 'estimator__early_stopping': False, 'estimator__epsilon': 1e-08, 'estimator__hidden_layer_sizes': 100, 'estimator__learning_rate': 'constant', 'estimator__learning_rate_init': 0.001, 'estimator__max_fun': 15000, 'estimator__max_iter': 10000, 'estimator__momentum': 0.9, 'estimator__n_iter_no_change': 10, 'estimator__nesterovs_momentum': True, 'estimator__power_t': 0.5, 'estimator__random_state': 42, 'estimator__shuffle': True, 'estimator__solver': 'adam', 'estimator__tol': 0.0001, 'estimator__validation_fraction': 0.1, 'estimator__verbose': False, 'estimator__warm_start': False, 'estimator': MLPClassifier(hidden_layer_sizes=100, max_iter=10000, random_state=42), 'n_jobs': None}"
class_data-13.csv,nmf,3,140,0.02142857142857143,2,5.405217767523742,0.3702317114891707,3.4820263649479113,0.05398270371353594,408,1,0.023333333333333334,0.011547005383792514,54.1138528599214,3.241263840178047,0.005097442452649631,0.08559296567544632,-0.7652741771463397,0.23869507616829377,1.1486698250974516,0.003180264433258164,1.9941947169077499,0.8980587934501658,0.0,2,nb,0.7833333333333333,0.7817106262889395,0.002095937728881836,0.7426187419768934,"{'estimator__priors': None, 'estimator__var_smoothing': 1e-09, 'estimator': GaussianNB(), 'n_jobs': None}"
class_data-13.csv,nmf,3,140,0.02142857142857143,2,5.405217767523742,0.3702317114891707,3.4820263649479113,0.05398270371353594,408,1,0.023333333333333334,0.011547005383792514,54.1138528599214,3.241263840178047,0.005097442452649631,0.08559296567544632,-0.7652741771463397,0.23869507616829377,1.1486698250974516,0.003180264433258164,1.9941947169077499,0.8980587934501658,0.0,2,rf,0.7833333333333333,0.7871462385509932,0.05735921859741211,0.7708600770218229,"{'estimator__bootstrap': True, 'estimator__ccp_alpha': 0.0, 'estimator__class_weight': None, 'estimator__criterion': 'gini', 'estimator__max_depth': None, 'estimator__max_features': 'sqrt', 'estimator__max_leaf_nodes': None, 'estimator__max_samples': None, 'estimator__min_impurity_decrease': 0.0, 'estimator__min_samples_leaf': 1, 'estimator__min_samples_split': 2, 'estimator__min_weight_fraction_leaf': 0.0, 'estimator__monotonic_cst': None, 'estimator__n_estimators': 100, 'estimator__n_jobs': None, 'estimator__oob_score': False, 'estimator__random_state': 42, 'estimator__verbose': 0, 'estimator__warm_start': False, 'estimator': RandomForestClassifier(random_state=42), 'n_jobs': None}"
class_data-13.csv,nmf,3,140,0.02142857142857143,2,5.405217767523742,0.3702317114891707,3.4820263649479113,0.05398270371353594,408,1,0.023333333333333334,0.011547005383792514,54.1138528599214,3.241263840178047,0.005097442452649631,0.08559296567544632,-0.7652741771463397,0.23869507616829377,1.1486698250974516,0.003180264433258164,1.9941947169077499,0.8980587934501658,0.0,2,svc,0.6833333333333333,0.5547854785478548,0.0030438899993896484,0.5,"{'estimator__C': 0.01, 'estimator__break_ties': False, 'estimator__cache_size': 200, 'estimator__class_weight': None, 'estimator__coef0': 0.0, 'estimator__decision_function_shape': 'ovr', 'estimator__degree': 3, 'estimator__gamma': 0.1, 'estimator__kernel': 'linear', 'estimator__max_iter': -1, 'estimator__probability': False, 'estimator__random_state': 42, 'estimator__shrinking': True, 'estimator__tol': 0.001, 'estimator__verbose': False, 'estimator': SVC(C=0.01, gamma=0.1, kernel='linear', probability=False, random_state=42), 'n_jobs': None}"
class_data-13.csv,none,20,140,0.14285714285714285,18,9736965185974496.0,0.1385324895842338,33.32984445737653,0.030800479007771997,2780,6,0.0405,0.00998683343734455,39.1191772015169,5.7065520012791175,-0.029908403477317304,0.1865224969768733,-0.10917497501657047,0.4239035650983891,8.872787122295263,0.6648457502536855,1.999133392205635,0.8980587934501658,0.0,2,dt,0.8166666666666667,0.8178854067742957,0.0032579898834228516,0.795250320924262,"{'estimator__ccp_alpha': 0.0, 'estimator__class_weight': None, 'estimator__criterion': 'gini', 'estimator__max_depth': None, 'estimator__max_features': None, 'estimator__max_leaf_nodes': None, 'estimator__min_impurity_decrease': 0.0, 'estimator__min_samples_leaf': 1, 'estimator__min_samples_split': 2, 'estimator__min_weight_fraction_leaf': 0.0, 'estimator__monotonic_cst': None, 'estimator__random_state': 42, 'estimator__splitter': 'best', 'estimator': DecisionTreeClassifier(random_state=42), 'n_jobs': None}"
class_data-13.csv,none,20,140,0.14285714285714285,18,9736965185974496.0,0.1385324895842338,33.32984445737653,0.030800479007771997,2780,6,0.0405,0.00998683343734455,39.1191772015169,5.7065520012791175,-0.029908403477317304,0.1865224969768733,-0.10917497501657047,0.4239035650983891,8.872787122295263,0.6648457502536855,1.999133392205635,0.8980587934501658,0.0,2,lr,0.8833333333333333,0.8778474399164053,0.0035200119018554688,0.8299101412066752,"{'estimator__C': 1.0, 'estimator__class_weight': None, 'estimator__dual': False, 'estimator__fit_intercept': True, 'estimator__intercept_scaling': 1, 'estimator__l1_ratio': None, 'estimator__max_iter': 10000, 'estimator__n_jobs': None, 'estimator__penalty': 'l2', 'estimator__random_state': 42, 'estimator__solver': 'saga', 'estimator__tol': 0.0001, 'estimator__verbose': 0, 'estimator__warm_start': False, 'estimator': LogisticRegression(l1_ratio=None, max_iter=10000, penalty='l2', random_state=42,
                   solver='saga'), 'n_jobs': None}"
class_data-13.csv,none,20,140,0.14285714285714285,18,9736965185974496.0,0.1385324895842338,33.32984445737653,0.030800479007771997,2780,6,0.0405,0.00998683343734455,39.1191772015169,5.7065520012791175,-0.029908403477317304,0.1865224969768733,-0.10917497501657047,0.4239035650983891,8.872787122295263,0.6648457502536855,1.999133392205635,0.8980587934501658,0.0,2,mlp,0.8166666666666667,0.8198929710816095,0.2620248794555664,0.8093709884467265,"{'estimator__activation': 'relu', 'estimator__alpha': 0.0001, 'estimator__batch_size': 'auto', 'estimator__beta_1': 0.9, 'estimator__beta_2': 0.999, 'estimator__early_stopping': False, 'estimator__epsilon': 1e-08, 'estimator__hidden_layer_sizes': 100, 'estimator__learning_rate': 'constant', 'estimator__learning_rate_init': 0.001, 'estimator__max_fun': 15000, 'estimator__max_iter': 10000, 'estimator__momentum': 0.9, 'estimator__n_iter_no_change': 10, 'estimator__nesterovs_momentum': True, 'estimator__power_t': 0.5, 'estimator__random_state': 42, 'estimator__shuffle': True, 'estimator__solver': 'adam', 'estimator__tol': 0.0001, 'estimator__validation_fraction': 0.1, 'estimator__verbose': False, 'estimator__warm_start': False, 'estimator': MLPClassifier(hidden_layer_sizes=100, max_iter=10000, random_state=42), 'n_jobs': None}"
class_data-13.csv,none,20,140,0.14285714285714285,18,9736965185974496.0,0.1385324895842338,33.32984445737653,0.030800479007771997,2780,6,0.0405,0.00998683343734455,39.1191772015169,5.7065520012791175,-0.029908403477317304,0.1865224969768733,-0.10917497501657047,0.4239035650983891,8.872787122295263,0.6648457502536855,1.999133392205635,0.8980587934501658,0.0,2,nb,0.8833333333333333,0.8824595680017367,0.0024819374084472656,0.8581514762516046,"{'estimator__priors': None, 'estimator__var_smoothing': 1e-09, 'estimator': GaussianNB(), 'n_jobs': None}"
class_data-13.csv,none,20,140,0.14285714285714285,18,9736965185974496.0,0.1385324895842338,33.32984445737653,0.030800479007771997,2780,6,0.0405,0.00998683343734455,39.1191772015169,5.7065520012791175,-0.029908403477317304,0.1865224969768733,-0.10917497501657047,0.4239035650983891,8.872787122295263,0.6648457502536855,1.999133392205635,0.8980587934501658,0.0,2,rf,0.8833333333333333,0.8841088952200064,0.06135296821594238,0.8722721437740693,"{'estimator__bootstrap': True, 'estimator__ccp_alpha': 0.0, 'estimator__class_weight': None, 'estimator__criterion': 'gini', 'estimator__max_depth': None, 'estimator__max_features': 'sqrt', 'estimator__max_leaf_nodes': None, 'estimator__max_samples': None, 'estimator__min_impurity_decrease': 0.0, 'estimator__min_samples_leaf': 1, 'estimator__min_samples_split': 2, 'estimator__min_weight_fraction_leaf': 0.0, 'estimator__monotonic_cst': None, 'estimator__n_estimators': 100, 'estimator__n_jobs': None, 'estimator__oob_score': False, 'estimator__random_state': 42, 'estimator__verbose': 0, 'estimator__warm_start': False, 'estimator': RandomForestClassifier(random_state=42), 'n_jobs': None}"
class_data-13.csv,none,20,140,0.14285714285714285,18,9736965185974496.0,0.1385324895842338,33.32984445737653,0.030800479007771997,2780,6,0.0405,0.00998683343734455,39.1191772015169,5.7065520012791175,-0.029908403477317304,0.1865224969768733,-0.10917497501657047,0.4239035650983891,8.872787122295263,0.6648457502536855,1.999133392205635,0.8980587934501658,0.0,2,svc,0.6833333333333333,0.5547854785478548,0.003217935562133789,0.5,"{'estimator__C': 0.01, 'estimator__break_ties': False, 'estimator__cache_size': 200, 'estimator__class_weight': None, 'estimator__coef0': 0.0, 'estimator__decision_function_shape': 'ovr', 'estimator__degree': 3, 'estimator__gamma': 0.1, 'estimator__kernel': 'linear', 'estimator__max_iter': -1, 'estimator__probability': False, 'estimator__random_state': 42, 'estimator__shrinking': True, 'estimator__tol': 0.001, 'estimator__verbose': False, 'estimator': SVC(C=0.01, gamma=0.1, kernel='linear', probability=False, random_state=42), 'n_jobs': None}"
class_data-14.csv,pca,3,140,0.02142857142857143,3,1.390781291928866,0.3998760061560635,1.7763568394002505e-15,0.10009592621036141,420,1,0.07666666666666666,0.02886751345948129,2.9980302052643052e+16,2.0540676632050826e+17,0.008341689758113594,0.24210956967625344,-0.09195732459123669,0.2823912194964066,-0.3770957322206445,0.07446061008538561,1.9941947169077499,0.9998527812126373,0.0,1,dt,0.6666666666666666,0.6644345238095238,0.0031969547271728516,0.6696329254727474,"{'estimator__ccp_alpha': 0.0, 'estimator__class_weight': None, 'estimator__criterion': 'gini', 'estimator__max_depth': None, 'estimator__max_features': None, 'estimator__max_leaf_nodes': None, 'estimator__min_impurity_decrease': 0.0, 'estimator__min_samples_leaf': 1, 'estimator__min_samples_split': 2, 'estimator__min_weight_fraction_leaf': 0.0, 'estimator__monotonic_cst': None, 'estimator__random_state': 42, 'estimator__splitter': 'best', 'estimator': DecisionTreeClassifier(random_state=42), 'n_jobs': None}"
class_data-14.csv,pca,3,140,0.02142857142857143,3,1.390781291928866,0.3998760061560635,1.7763568394002505e-15,0.10009592621036141,420,1,0.07666666666666666,0.02886751345948129,2.9980302052643052e+16,2.0540676632050826e+17,0.008341689758113594,0.24210956967625344,-0.09195732459123669,0.2823912194964066,-0.3770957322206445,0.07446061008538561,1.9941947169077499,0.9998527812126373,0.0,1,lr,0.8,0.7973063973063973,0.0027229785919189453,0.8042269187986653,"{'estimator__C': 1.0, 'estimator__class_weight': None, 'estimator__dual': False, 'estimator__fit_intercept': True, 'estimator__intercept_scaling': 1, 'estimator__l1_ratio': None, 'estimator__max_iter': 10000, 'estimator__n_jobs': None, 'estimator__penalty': 'l2', 'estimator__random_state': 42, 'estimator__solver': 'saga', 'estimator__tol': 0.0001, 'estimator__verbose': 0, 'estimator__warm_start': False, 'estimator': LogisticRegression(l1_ratio=None, max_iter=10000, penalty='l2', random_state=42,
                   solver='saga'), 'n_jobs': None}"
class_data-14.csv,pca,3,140,0.02142857142857143,3,1.390781291928866,0.3998760061560635,1.7763568394002505e-15,0.10009592621036141,420,1,0.07666666666666666,0.02886751345948129,2.9980302052643052e+16,2.0540676632050826e+17,0.008341689758113594,0.24210956967625344,-0.09195732459123669,0.2823912194964066,-0.3770957322206445,0.07446061008538561,1.9941947169077499,0.9998527812126373,0.0,1,mlp,0.8,0.7986607142857144,0.07914900779724121,0.803114571746385,"{'estimator__activation': 'relu', 'estimator__alpha': 0.0001, 'estimator__batch_size': 'auto', 'estimator__beta_1': 0.9, 'estimator__beta_2': 0.999, 'estimator__early_stopping': False, 'estimator__epsilon': 1e-08, 'estimator__hidden_layer_sizes': 100, 'estimator__learning_rate': 'constant', 'estimator__learning_rate_init': 0.001, 'estimator__max_fun': 15000, 'estimator__max_iter': 10000, 'estimator__momentum': 0.9, 'estimator__n_iter_no_change': 10, 'estimator__nesterovs_momentum': True, 'estimator__power_t': 0.5, 'estimator__random_state': 42, 'estimator__shuffle': True, 'estimator__solver': 'adam', 'estimator__tol': 0.0001, 'estimator__validation_fraction': 0.1, 'estimator__verbose': False, 'estimator__warm_start': False, 'estimator': MLPClassifier(hidden_layer_sizes=100, max_iter=10000, random_state=42), 'n_jobs': None}"
class_data-14.csv,pca,3,140,0.02142857142857143,3,1.390781291928866,0.3998760061560635,1.7763568394002505e-15,0.10009592621036141,420,1,0.07666666666666666,0.02886751345948129,2.9980302052643052e+16,2.0540676632050826e+17,0.008341689758113594,0.24210956967625344,-0.09195732459123669,0.2823912194964066,-0.3770957322206445,0.07446061008538561,1.9941947169077499,0.9998527812126373,0.0,1,nb,0.8,0.7995550611790879,0.0025641918182373047,0.8020022246941045,"{'estimator__priors': None, 'estimator__var_smoothing': 1e-09, 'estimator': GaussianNB(), 'n_jobs': None}"
class_data-14.csv,pca,3,140,0.02142857142857143,3,1.390781291928866,0.3998760061560635,1.7763568394002505e-15,0.10009592621036141,420,1,0.07666666666666666,0.02886751345948129,2.9980302052643052e+16,2.0540676632050826e+17,0.008341689758113594,0.24210956967625344,-0.09195732459123669,0.2823912194964066,-0.3770957322206445,0.07446061008538561,1.9941947169077499,0.9998527812126373,0.0,1,rf,0.75,0.7489557226399332,0.05858588218688965,0.7525027808676307,"{'estimator__bootstrap': True, 'estimator__ccp_alpha': 0.0, 'estimator__class_weight': None, 'estimator__criterion': 'gini', 'estimator__max_depth': None, 'estimator__max_features': 'sqrt', 'estimator__max_leaf_nodes': None, 'estimator__max_samples': None, 'estimator__min_impurity_decrease': 0.0, 'estimator__min_samples_leaf': 1, 'estimator__min_samples_split': 2, 'estimator__min_weight_fraction_leaf': 0.0, 'estimator__monotonic_cst': None, 'estimator__n_estimators': 100, 'estimator__n_jobs': None, 'estimator__oob_score': False, 'estimator__random_state': 42, 'estimator__verbose': 0, 'estimator__warm_start': False, 'estimator': RandomForestClassifier(random_state=42), 'n_jobs': None}"
class_data-14.csv,pca,3,140,0.02142857142857143,3,1.390781291928866,0.3998760061560635,1.7763568394002505e-15,0.10009592621036141,420,1,0.07666666666666666,0.02886751345948129,2.9980302052643052e+16,2.0540676632050826e+17,0.008341689758113594,0.24210956967625344,-0.09195732459123669,0.2823912194964066,-0.3770957322206445,0.07446061008538561,1.9941947169077499,0.9998527812126373,0.0,1,svc,0.5166666666666667,0.352014652014652,0.0031621456146240234,0.5,"{'estimator__C': 0.01, 'estimator__break_ties': False, 'estimator__cache_size': 200, 'estimator__class_weight': None, 'estimator__coef0': 0.0, 'estimator__decision_function_shape': 'ovr', 'estimator__degree': 3, 'estimator__gamma': 0.1, 'estimator__kernel': 'linear', 'estimator__max_iter': -1, 'estimator__probability': False, 'estimator__random_state': 42, 'estimator__shrinking': True, 'estimator__tol': 0.001, 'estimator__verbose': False, 'estimator': SVC(C=0.01, gamma=0.1, kernel='linear', probability=False, random_state=42), 'n_jobs': None}"
class_data-14.csv,nmf,3,140,0.02142857142857143,2,5.1537718709478515,0.36335591190491007,2.6919336872823605,0.07122012509159233,407,1,0.02,0.017320508075688773,46.87292957429793,4.80048334617012,-0.009977985279784884,0.09975540907355147,-0.29813043861077065,0.11151604270450713,1.2128691209285938,0.003219808732092642,1.9941947169077496,0.9998527812126373,0.0,1,dt,0.6833333333333333,0.682010582010582,0.002401113510131836,0.685761957730812,"{'estimator__ccp_alpha': 0.0, 'estimator__class_weight': None, 'estimator__criterion': 'gini', 'estimator__max_depth': None, 'estimator__max_features': None, 'estimator__max_leaf_nodes': None, 'estimator__min_impurity_decrease': 0.0, 'estimator__min_samples_leaf': 1, 'estimator__min_samples_split': 2, 'estimator__min_weight_fraction_leaf': 0.0, 'estimator__monotonic_cst': None, 'estimator__random_state': 42, 'estimator__splitter': 'best', 'estimator': DecisionTreeClassifier(random_state=42), 'n_jobs': None}"
class_data-14.csv,nmf,3,140,0.02142857142857143,2,5.1537718709478515,0.36335591190491007,2.6919336872823605,0.07122012509159233,407,1,0.02,0.017320508075688773,46.87292957429793,4.80048334617012,-0.009977985279784884,0.09975540907355147,-0.29813043861077065,0.11151604270450713,1.2128691209285938,0.003219808732092642,1.9941947169077496,0.9998527812126373,0.0,1,lr,0.65,0.640153452685422,0.0028848648071289062,0.6557285873192435,"{'estimator__C': 1.0, 'estimator__class_weight': None, 'estimator__dual': False, 'estimator__fit_intercept': True, 'estimator__intercept_scaling': 1, 'estimator__l1_ratio': None, 'estimator__max_iter': 10000, 'estimator__n_jobs': None, 'estimator__penalty': 'l2', 'estimator__random_state': 42, 'estimator__solver': 'saga', 'estimator__tol': 0.0001, 'estimator__verbose': 0, 'estimator__warm_start': False, 'estimator': LogisticRegression(l1_ratio=None, max_iter=10000, penalty='l2', random_state=42,
                   solver='saga'), 'n_jobs': None}"
class_data-14.csv,nmf,3,140,0.02142857142857143,2,5.1537718709478515,0.36335591190491007,2.6919336872823605,0.07122012509159233,407,1,0.02,0.017320508075688773,46.87292957429793,4.80048334617012,-0.009977985279784884,0.09975540907355147,-0.29813043861077065,0.11151604270450713,1.2128691209285938,0.003219808732092642,1.9941947169077496,0.9998527812126373,0.0,1,mlp,0.6333333333333333,0.6207619047619047,0.05897021293640137,0.639599555061179,"{'estimator__activation': 'relu', 'estimator__alpha': 0.0001, 'estimator__batch_size': 'auto', 'estimator__beta_1': 0.9, 'estimator__beta_2': 0.999, 'estimator__early_stopping': False, 'estimator__epsilon': 1e-08, 'estimator__hidden_layer_sizes': 100, 'estimator__learning_rate': 'constant', 'estimator__learning_rate_init': 0.001, 'estimator__max_fun': 15000, 'estimator__max_iter': 10000, 'estimator__momentum': 0.9, 'estimator__n_iter_no_change': 10, 'estimator__nesterovs_momentum': True, 'estimator__power_t': 0.5, 'estimator__random_state': 42, 'estimator__shuffle': True, 'estimator__solver': 'adam', 'estimator__tol': 0.0001, 'estimator__validation_fraction': 0.1, 'estimator__verbose': False, 'estimator__warm_start': False, 'estimator': MLPClassifier(hidden_layer_sizes=100, max_iter=10000, random_state=42), 'n_jobs': None}"
class_data-14.csv,nmf,3,140,0.02142857142857143,2,5.1537718709478515,0.36335591190491007,2.6919336872823605,0.07122012509159233,407,1,0.02,0.017320508075688773,46.87292957429793,4.80048334617012,-0.009977985279784884,0.09975540907355147,-0.29813043861077065,0.11151604270450713,1.2128691209285938,0.003219808732092642,1.9941947169077496,0.9998527812126373,0.0,1,nb,0.6333333333333333,0.6207619047619047,0.0028350353240966797,0.639599555061179,"{'estimator__priors': None, 'estimator__var_smoothing': 1e-09, 'estimator': GaussianNB(), 'n_jobs': None}"
class_data-14.csv,nmf,3,140,0.02142857142857143,2,5.1537718709478515,0.36335591190491007,2.6919336872823605,0.07122012509159233,407,1,0.02,0.017320508075688773,46.87292957429793,4.80048334617012,-0.009977985279784884,0.09975540907355147,-0.29813043861077065,0.11151604270450713,1.2128691209285938,0.003219808732092642,1.9941947169077496,0.9998527812126373,0.0,1,rf,0.65,0.6356136820925553,0.06336832046508789,0.6568409343715239,"{'estimator__bootstrap': True, 'estimator__ccp_alpha': 0.0, 'estimator__class_weight': None, 'estimator__criterion': 'gini', 'estimator__max_depth': None, 'estimator__max_features': 'sqrt', 'estimator__max_leaf_nodes': None, 'estimator__max_samples': None, 'estimator__min_impurity_decrease': 0.0, 'estimator__min_samples_leaf': 1, 'estimator__min_samples_split': 2, 'estimator__min_weight_fraction_leaf': 0.0, 'estimator__monotonic_cst': None, 'estimator__n_estimators': 100, 'estimator__n_jobs': None, 'estimator__oob_score': False, 'estimator__random_state': 42, 'estimator__verbose': 0, 'estimator__warm_start': False, 'estimator': RandomForestClassifier(random_state=42), 'n_jobs': None}"
class_data-14.csv,nmf,3,140,0.02142857142857143,2,5.1537718709478515,0.36335591190491007,2.6919336872823605,0.07122012509159233,407,1,0.02,0.017320508075688773,46.87292957429793,4.80048334617012,-0.009977985279784884,0.09975540907355147,-0.29813043861077065,0.11151604270450713,1.2128691209285938,0.003219808732092642,1.9941947169077496,0.9998527812126373,0.0,1,svc,0.5166666666666667,0.352014652014652,0.0031328201293945312,0.5,"{'estimator__C': 0.01, 'estimator__break_ties': False, 'estimator__cache_size': 200, 'estimator__class_weight': None, 'estimator__coef0': 0.0, 'estimator__decision_function_shape': 'ovr', 'estimator__degree': 3, 'estimator__gamma': 0.1, 'estimator__kernel': 'linear', 'estimator__max_iter': -1, 'estimator__probability': False, 'estimator__random_state': 42, 'estimator__shrinking': True, 'estimator__tol': 0.001, 'estimator__verbose': False, 'estimator': SVC(C=0.01, gamma=0.1, kernel='linear', probability=False, random_state=42), 'n_jobs': None}"
class_data-14.csv,none,20,140,0.14285714285714285,18,1.440278799346136e+16,0.12095923490107528,31.57117268910561,0.04641141595216834,2780,6,0.03650000000000001,0.007451598203705947,38.96355598817337,5.753204716187957,-0.04078371086592321,0.19213893933798695,-0.09881990514720211,0.30836996295668384,8.874552236479197,0.6714280742036894,1.9991336229766035,0.9998527812126373,0.0,1,dt,0.7833333333333333,0.7812121212121212,0.003467082977294922,0.7869855394883204,"{'estimator__ccp_alpha': 0.0, 'estimator__class_weight': None, 'estimator__criterion': 'gini', 'estimator__max_depth': None, 'estimator__max_features': None, 'estimator__max_leaf_nodes': None, 'estimator__min_impurity_decrease': 0.0, 'estimator__min_samples_leaf': 1, 'estimator__min_samples_split': 2, 'estimator__min_weight_fraction_leaf': 0.0, 'estimator__monotonic_cst': None, 'estimator__random_state': 42, 'estimator__splitter': 'best', 'estimator': DecisionTreeClassifier(random_state=42), 'n_jobs': None}"
class_data-14.csv,none,20,140,0.14285714285714285,18,1.440278799346136e+16,0.12095923490107528,31.57117268910561,0.04641141595216834,2780,6,0.03650000000000001,0.007451598203705947,38.96355598817337,5.753204716187957,-0.04078371086592321,0.19213893933798695,-0.09881990514720211,0.30836996295668384,8.874552236479197,0.6714280742036894,1.9991336229766035,0.9998527812126373,0.0,1,lr,0.7666666666666667,0.7635241301907968,0.004332065582275391,0.7708565072302558,"{'estimator__C': 1.0, 'estimator__class_weight': None, 'estimator__dual': False, 'estimator__fit_intercept': True, 'estimator__intercept_scaling': 1, 'estimator__l1_ratio': None, 'estimator__max_iter': 10000, 'estimator__n_jobs': None, 'estimator__penalty': 'l2', 'estimator__random_state': 42, 'estimator__solver': 'saga', 'estimator__tol': 0.0001, 'estimator__verbose': 0, 'estimator__warm_start': False, 'estimator': LogisticRegression(l1_ratio=None, max_iter=10000, penalty='l2', random_state=42,
                   solver='saga'), 'n_jobs': None}"
class_data-14.csv,none,20,140,0.14285714285714285,18,1.440278799346136e+16,0.12095923490107528,31.57117268910561,0.04641141595216834,2780,6,0.03650000000000001,0.007451598203705947,38.96355598817337,5.753204716187957,-0.04078371086592321,0.19213893933798695,-0.09881990514720211,0.30836996295668384,8.874552236479197,0.6714280742036894,1.9991336229766035,0.9998527812126373,0.0,1,mlp,0.7,0.6932126696832579,0.2776758670806885,0.7052280311457174,"{'estimator__activation': 'relu', 'estimator__alpha': 0.0001, 'estimator__batch_size': 'auto', 'estimator__beta_1': 0.9, 'estimator__beta_2': 0.999, 'estimator__early_stopping': False, 'estimator__epsilon': 1e-08, 'estimator__hidden_layer_sizes': 100, 'estimator__learning_rate': 'constant', 'estimator__learning_rate_init': 0.001, 'estimator__max_fun': 15000, 'estimator__max_iter': 10000, 'estimator__momentum': 0.9, 'estimator__n_iter_no_change': 10, 'estimator__nesterovs_momentum': True, 'estimator__power_t': 0.5, 'estimator__random_state': 42, 'estimator__shuffle': True, 'estimator__solver': 'adam', 'estimator__tol': 0.0001, 'estimator__validation_fraction': 0.1, 'estimator__verbose': False, 'estimator__warm_start': False, 'estimator': MLPClassifier(hidden_layer_sizes=100, max_iter=10000, random_state=42), 'n_jobs': None}"
class_data-14.csv,none,20,140,0.14285714285714285,18,1.440278799346136e+16,0.12095923490107528,31.57117268910561,0.04641141595216834,2780,6,0.03650000000000001,0.007451598203705947,38.96355598817337,5.753204716187957,-0.04078371086592321,0.19213893933798695,-0.09881990514720211,0.30836996295668384,8.874552236479197,0.6714280742036894,1.9991336229766035,0.9998527812126373,0.0,1,nb,0.7833333333333333,0.7772378516624041,0.002563953399658203,0.789210233592881,"{'estimator__priors': None, 'estimator__var_smoothing': 1e-09, 'estimator': GaussianNB(), 'n_jobs': None}"
class_data-14.csv,none,20,140,0.14285714285714285,18,1.440278799346136e+16,0.12095923490107528,31.57117268910561,0.04641141595216834,2780,6,0.03650000000000001,0.007451598203705947,38.96355598817337,5.753204716187957,-0.04078371086592321,0.19213893933798695,-0.09881990514720211,0.30836996295668384,8.874552236479197,0.6714280742036894,1.9991336229766035,0.9998527812126373,0.0,1,rf,0.8833333333333333,0.8832360840974345,0.058680057525634766,0.8848720800889878,"{'estimator__bootstrap': True, 'estimator__ccp_alpha': 0.0, 'estimator__class_weight': None, 'estimator__criterion': 'gini', 'estimator__max_depth': None, 'estimator__max_features': 'sqrt', 'estimator__max_leaf_nodes': None, 'estimator__max_samples': None, 'estimator__min_impurity_decrease': 0.0, 'estimator__min_samples_leaf': 1, 'estimator__min_samples_split': 2, 'estimator__min_weight_fraction_leaf': 0.0, 'estimator__monotonic_cst': None, 'estimator__n_estimators': 100, 'estimator__n_jobs': None, 'estimator__oob_score': False, 'estimator__random_state': 42, 'estimator__verbose': 0, 'estimator__warm_start': False, 'estimator': RandomForestClassifier(random_state=42), 'n_jobs': None}"
class_data-14.csv,none,20,140,0.14285714285714285,18,1.440278799346136e+16,0.12095923490107528,31.57117268910561,0.04641141595216834,2780,6,0.03650000000000001,0.007451598203705947,38.96355598817337,5.753204716187957,-0.04078371086592321,0.19213893933798695,-0.09881990514720211,0.30836996295668384,8.874552236479197,0.6714280742036894,1.9991336229766035,0.9998527812126373,0.0,1,svc,0.5166666666666667,0.352014652014652,0.003415822982788086,0.5,"{'estimator__C': 0.01, 'estimator__break_ties': False, 'estimator__cache_size': 200, 'estimator__class_weight': None, 'estimator__coef0': 0.0, 'estimator__decision_function_shape': 'ovr', 'estimator__degree': 3, 'estimator__gamma': 0.1, 'estimator__kernel': 'linear', 'estimator__max_iter': -1, 'estimator__probability': False, 'estimator__random_state': 42, 'estimator__shrinking': True, 'estimator__tol': 0.001, 'estimator__verbose': False, 'estimator': SVC(C=0.01, gamma=0.1, kernel='linear', probability=False, random_state=42), 'n_jobs': None}"
class_data-14.csv,pca,3,140,0.02142857142857143,3,1.2568063762036337,0.16630681316840315,3.552713678800501e-15,0.02707753226738374,420,1,0.08,0.017320508075688773,4.397168693791093e+17,7.19788488571343e+17,-0.03872408884551659,0.2167281162502053,-0.13006887430847133,0.07505370929349212,-0.4688941466142065,0.08071343327857013,1.9941947169077492,0.9998527812126373,0.0,2,dt,0.6166666666666667,0.6150654413812309,0.0025789737701416016,0.6190211345939933,"{'estimator__ccp_alpha': 0.0, 'estimator__class_weight': None, 'estimator__criterion': 'gini', 'estimator__max_depth': None, 'estimator__max_features': None, 'estimator__max_leaf_nodes': None, 'estimator__min_impurity_decrease': 0.0, 'estimator__min_samples_leaf': 1, 'estimator__min_samples_split': 2, 'estimator__min_weight_fraction_leaf': 0.0, 'estimator__monotonic_cst': None, 'estimator__random_state': 42, 'estimator__splitter': 'best', 'estimator': DecisionTreeClassifier(random_state=42), 'n_jobs': None}"
class_data-14.csv,pca,3,140,0.02142857142857143,3,1.2568063762036337,0.16630681316840315,3.552713678800501e-15,0.02707753226738374,420,1,0.08,0.017320508075688773,4.397168693791093e+17,7.19788488571343e+17,-0.03872408884551659,0.2167281162502053,-0.13006887430847133,0.07505370929349212,-0.4688941466142065,0.08071343327857013,1.9941947169077492,0.9998527812126373,0.0,2,lr,0.7,0.6993303571428572,0.002746105194091797,0.6985539488320356,"{'estimator__C': 1.0, 'estimator__class_weight': None, 'estimator__dual': False, 'estimator__fit_intercept': True, 'estimator__intercept_scaling': 1, 'estimator__l1_ratio': None, 'estimator__max_iter': 10000, 'estimator__n_jobs': None, 'estimator__penalty': 'l2', 'estimator__random_state': 42, 'estimator__solver': 'saga', 'estimator__tol': 0.0001, 'estimator__verbose': 0, 'estimator__warm_start': False, 'estimator': LogisticRegression(l1_ratio=None, max_iter=10000, penalty='l2', random_state=42,
                   solver='saga'), 'n_jobs': None}"
class_data-14.csv,pca,3,140,0.02142857142857143,3,1.2568063762036337,0.16630681316840315,3.552713678800501e-15,0.02707753226738374,420,1,0.08,0.017320508075688773,4.397168693791093e+17,7.19788488571343e+17,-0.03872408884551659,0.2167281162502053,-0.13006887430847133,0.07505370929349212,-0.4688941466142065,0.08071343327857013,1.9941947169077492,0.9998527812126373,0.0,2,mlp,0.6833333333333333,0.6834213207372418,0.04449200630187988,0.6835372636262514,"{'estimator__activation': 'relu', 'estimator__alpha': 0.0001, 'estimator__batch_size': 'auto', 'estimator__beta_1': 0.9, 'estimator__beta_2': 0.999, 'estimator__early_stopping': False, 'estimator__epsilon': 1e-08, 'estimator__hidden_layer_sizes': 100, 'estimator__learning_rate': 'constant', 'estimator__learning_rate_init': 0.001, 'estimator__max_fun': 15000, 'estimator__max_iter': 10000, 'estimator__momentum': 0.9, 'estimator__n_iter_no_change': 10, 'estimator__nesterovs_momentum': True, 'estimator__power_t': 0.5, 'estimator__random_state': 42, 'estimator__shuffle': True, 'estimator__solver': 'adam', 'estimator__tol': 0.0001, 'estimator__validation_fraction': 0.1, 'estimator__verbose': False, 'estimator__warm_start': False, 'estimator': MLPClassifier(hidden_layer_sizes=100, max_iter=10000, random_state=42), 'n_jobs': None}"
class_data-14.csv,pca,3,140,0.02142857142857143,3,1.2568063762036337,0.16630681316840315,3.552713678800501e-15,0.02707753226738374,420,1,0.08,0.017320508075688773,4.397168693791093e+17,7.19788488571343e+17,-0.03872408884551659,0.2167281162502053,-0.13006887430847133,0.07505370929349212,-0.4688941466142065,0.08071343327857013,1.9941947169077492,0.9998527812126373,0.0,2,nb,0.6833333333333333,0.6834213207372418,0.002614736557006836,0.6835372636262514,"{'estimator__priors': None, 'estimator__var_smoothing': 1e-09, 'estimator': GaussianNB(), 'n_jobs': None}"
class_data-14.csv,pca,3,140,0.02142857142857143,3,1.2568063762036337,0.16630681316840315,3.552713678800501e-15,0.02707753226738374,420,1,0.08,0.017320508075688773,4.397168693791093e+17,7.19788488571343e+17,-0.03872408884551659,0.2167281162502053,-0.13006887430847133,0.07505370929349212,-0.4688941466142065,0.08071343327857013,1.9941947169077492,0.9998527812126373,0.0,2,rf,0.5833333333333334,0.5829860146336946,0.06130623817443848,0.5845383759733036,"{'estimator__bootstrap': True, 'estimator__ccp_alpha': 0.0, 'estimator__class_weight': None, 'estimator__criterion': 'gini', 'estimator__max_depth': None, 'estimator__max_features': 'sqrt', 'estimator__max_leaf_nodes': None, 'estimator__max_samples': None, 'estimator__min_impurity_decrease': 0.0, 'estimator__min_samples_leaf': 1, 'estimator__min_samples_split': 2, 'estimator__min_weight_fraction_leaf': 0.0, 'estimator__monotonic_cst': None, 'estimator__n_estimators': 100, 'estimator__n_jobs': None, 'estimator__oob_score': False, 'estimator__random_state': 42, 'estimator__verbose': 0, 'estimator__warm_start': False, 'estimator': RandomForestClassifier(random_state=42), 'n_jobs': None}"
class_data-14.csv,pca,3,140,0.02142857142857143,3,1.2568063762036337,0.16630681316840315,3.552713678800501e-15,0.02707753226738374,420,1,0.08,0.017320508075688773,4.397168693791093e+17,7.19788488571343e+17,-0.03872408884551659,0.2167281162502053,-0.13006887430847133,0.07505370929349212,-0.4688941466142065,0.08071343327857013,1.9941947169077492,0.9998527812126373,0.0,2,svc,0.5166666666666667,0.352014652014652,0.003055095672607422,0.5,"{'estimator__C': 0.01, 'estimator__break_ties': False, 'estimator__cache_size': 200, 'estimator__class_weight': None, 'estimator__coef0': 0.0, 'estimator__decision_function_shape': 'ovr', 'estimator__degree': 3, 'estimator__gamma': 0.1, 'estimator__kernel': 'linear', 'estimator__max_iter': -1, 'estimator__probability': False, 'estimator__random_state': 42, 'estimator__shrinking': True, 'estimator__tol': 0.001, 'estimator__verbose': False, 'estimator': SVC(C=0.01, gamma=0.1, kernel='linear', probability=False, random_state=42), 'n_jobs': None}"
class_data-14.csv,nmf,3,140,0.02142857142857143,2,4.770668706810592,0.2639154043283972,2.701234157715355,0.045930302438896474,412,1,0.016666666666666666,0.011547005383792514,47.89799089710082,1.3084392589736409,-0.0068746316740332936,0.14131211338845678,-0.44512466858311983,0.0636749981908679,1.2676610926146037,0.003141217005700407,1.9941947169077499,0.9998527812126373,0.0,2,dt,0.5833333333333334,0.5834491062332129,0.0029218196868896484,0.5834260289210232,"{'estimator__ccp_alpha': 0.0, 'estimator__class_weight': None, 'estimator__criterion': 'gini', 'estimator__max_depth': None, 'estimator__max_features': None, 'estimator__max_leaf_nodes': None, 'estimator__min_impurity_decrease': 0.0, 'estimator__min_samples_leaf': 1, 'estimator__min_samples_split': 2, 'estimator__min_weight_fraction_leaf': 0.0, 'estimator__monotonic_cst': None, 'estimator__random_state': 42, 'estimator__splitter': 'best', 'estimator': DecisionTreeClassifier(random_state=42), 'n_jobs': None}"
class_data-14.csv,nmf,3,140,0.02142857142857143,2,4.770668706810592,0.2639154043283972,2.701234157715355,0.045930302438896474,412,1,0.016666666666666666,0.011547005383792514,47.89799089710082,1.3084392589736409,-0.0068746316740332936,0.14131211338845678,-0.44512466858311983,0.0636749981908679,1.2676610926146037,0.003141217005700407,1.9941947169077499,0.9998527812126373,0.0,2,lr,0.6333333333333333,0.6308641975308641,0.0028040409088134766,0.6307007786429366,"{'estimator__C': 1.0, 'estimator__class_weight': None, 'estimator__dual': False, 'estimator__fit_intercept': True, 'estimator__intercept_scaling': 1, 'estimator__l1_ratio': None, 'estimator__max_iter': 10000, 'estimator__n_jobs': None, 'estimator__penalty': 'l2', 'estimator__random_state': 42, 'estimator__solver': 'saga', 'estimator__tol': 0.0001, 'estimator__verbose': 0, 'estimator__warm_start': False, 'estimator': LogisticRegression(l1_ratio=None, max_iter=10000, penalty='l2', random_state=42,
                   solver='saga'), 'n_jobs': None}"
class_data-14.csv,nmf,3,140,0.02142857142857143,2,4.770668706810592,0.2639154043283972,2.701234157715355,0.045930302438896474,412,1,0.016666666666666666,0.011547005383792514,47.89799089710082,1.3084392589736409,-0.0068746316740332936,0.14131211338845678,-0.44512466858311983,0.0636749981908679,1.2676610926146037,0.003141217005700407,1.9941947169077499,0.9998527812126373,0.0,2,mlp,0.6333333333333333,0.6308641975308641,0.03934621810913086,0.6307007786429366,"{'estimator__activation': 'relu', 'estimator__alpha': 0.0001, 'estimator__batch_size': 'auto', 'estimator__beta_1': 0.9, 'estimator__beta_2': 0.999, 'estimator__early_stopping': False, 'estimator__epsilon': 1e-08, 'estimator__hidden_layer_sizes': 100, 'estimator__learning_rate': 'constant', 'estimator__learning_rate_init': 0.001, 'estimator__max_fun': 15000, 'estimator__max_iter': 10000, 'estimator__momentum': 0.9, 'estimator__n_iter_no_change': 10, 'estimator__nesterovs_momentum': True, 'estimator__power_t': 0.5, 'estimator__random_state': 42, 'estimator__shuffle': True, 'estimator__solver': 'adam', 'estimator__tol': 0.0001, 'estimator__validation_fraction': 0.1, 'estimator__verbose': False, 'estimator__warm_start': False, 'estimator': MLPClassifier(hidden_layer_sizes=100, max_iter=10000, random_state=42), 'n_jobs': None}"
class_data-14.csv,nmf,3,140,0.02142857142857143,2,4.770668706810592,0.2639154043283972,2.701234157715355,0.045930302438896474,412,1,0.016666666666666666,0.011547005383792514,47.89799089710082,1.3084392589736409,-0.0068746316740332936,0.14131211338845678,-0.44512466858311983,0.0636749981908679,1.2676610926146037,0.003141217005700407,1.9941947169077499,0.9998527812126373,0.0,2,nb,0.7,0.7,0.0026023387908935547,0.6996662958843161,"{'estimator__priors': None, 'estimator__var_smoothing': 1e-09, 'estimator': GaussianNB(), 'n_jobs': None}"
class_data-14.csv,nmf,3,140,0.02142857142857143,2,4.770668706810592,0.2639154043283972,2.701234157715355,0.045930302438896474,412,1,0.016666666666666666,0.011547005383792514,47.89799089710082,1.3084392589736409,-0.0068746316740332936,0.14131211338845678,-0.44512466858311983,0.0636749981908679,1.2676610926146037,0.003141217005700407,1.9941947169077499,0.9998527812126373,0.0,2,rf,0.6333333333333333,0.628395061728395,0.056082963943481445,0.6373748609566184,"{'estimator__bootstrap': True, 'estimator__ccp_alpha': 0.0, 'estimator__class_weight': None, 'estimator__criterion': 'gini', 'estimator__max_depth': None, 'estimator__max_features': 'sqrt', 'estimator__max_leaf_nodes': None, 'estimator__max_samples': None, 'estimator__min_impurity_decrease': 0.0, 'estimator__min_samples_leaf': 1, 'estimator__min_samples_split': 2, 'estimator__min_weight_fraction_leaf': 0.0, 'estimator__monotonic_cst': None, 'estimator__n_estimators': 100, 'estimator__n_jobs': None, 'estimator__oob_score': False, 'estimator__random_state': 42, 'estimator__verbose': 0, 'estimator__warm_start': False, 'estimator': RandomForestClassifier(random_state=42), 'n_jobs': None}"
class_data-14.csv,nmf,3,140,0.02142857142857143,2,4.770668706810592,0.2639154043283972,2.701234157715355,0.045930302438896474,412,1,0.016666666666666666,0.011547005383792514,47.89799089710082,1.3084392589736409,-0.0068746316740332936,0.14131211338845678,-0.44512466858311983,0.0636749981908679,1.2676610926146037,0.003141217005700407,1.9941947169077499,0.9998527812126373,0.0,2,svc,0.5166666666666667,0.352014652014652,0.0030641555786132812,0.5,"{'estimator__C': 0.01, 'estimator__break_ties': False, 'estimator__cache_size': 200, 'estimator__class_weight': None, 'estimator__coef0': 0.0, 'estimator__decision_function_shape': 'ovr', 'estimator__degree': 3, 'estimator__gamma': 0.1, 'estimator__kernel': 'linear', 'estimator__max_iter': -1, 'estimator__probability': False, 'estimator__random_state': 42, 'estimator__shrinking': True, 'estimator__tol': 0.001, 'estimator__verbose': False, 'estimator': SVC(C=0.01, gamma=0.1, kernel='linear', probability=False, random_state=42), 'n_jobs': None}"
class_data-14.csv,none,20,140,0.14285714285714285,18,2.584168340973698e+16,0.09871607085360268,32.18523972458105,0.046986772405564856,2780,6,0.03800000000000001,0.007677718959499144,38.2660413557494,5.368566986429118,-0.033245057863508246,0.13577333804635378,-0.1605579526981149,0.27789839017466483,8.872966673053392,0.6469428488702038,1.9991351434733513,0.9998527812126373,0.0,2,dt,0.8666666666666667,0.8666666666666667,0.0032100677490234375,0.8676307007786429,"{'estimator__ccp_alpha': 0.0, 'estimator__class_weight': None, 'estimator__criterion': 'gini', 'estimator__max_depth': None, 'estimator__max_features': None, 'estimator__max_leaf_nodes': None, 'estimator__min_impurity_decrease': 0.0, 'estimator__min_samples_leaf': 1, 'estimator__min_samples_split': 2, 'estimator__min_weight_fraction_leaf': 0.0, 'estimator__monotonic_cst': None, 'estimator__random_state': 42, 'estimator__splitter': 'best', 'estimator': DecisionTreeClassifier(random_state=42), 'n_jobs': None}"
class_data-14.csv,none,20,140,0.14285714285714285,18,2.584168340973698e+16,0.09871607085360268,32.18523972458105,0.046986772405564856,2780,6,0.03800000000000001,0.007677718959499144,38.2660413557494,5.368566986429118,-0.033245057863508246,0.13577333804635378,-0.1605579526981149,0.27789839017466483,8.872966673053392,0.6469428488702038,1.9991351434733513,0.9998527812126373,0.0,2,lr,0.85,0.8500416782439566,0.0038170814514160156,0.8503893214682982,"{'estimator__C': 1.0, 'estimator__class_weight': None, 'estimator__dual': False, 'estimator__fit_intercept': True, 'estimator__intercept_scaling': 1, 'estimator__l1_ratio': None, 'estimator__max_iter': 10000, 'estimator__n_jobs': None, 'estimator__penalty': 'l2', 'estimator__random_state': 42, 'estimator__solver': 'saga', 'estimator__tol': 0.0001, 'estimator__verbose': 0, 'estimator__warm_start': False, 'estimator': LogisticRegression(l1_ratio=None, max_iter=10000, penalty='l2', random_state=42,
                   solver='saga'), 'n_jobs': None}"
class_data-14.csv,none,20,140,0.14285714285714285,18,2.584168340973698e+16,0.09871607085360268,32.18523972458105,0.046986772405564856,2780,6,0.03800000000000001,0.007677718959499144,38.2660413557494,5.368566986429118,-0.033245057863508246,0.13577333804635378,-0.1605579526981149,0.27789839017466483,8.872966673053392,0.6469428488702038,1.9991351434733513,0.9998527812126373,0.0,2,mlp,0.8333333333333334,0.8329625509825732,0.2932460308074951,0.8353726362625139,"{'estimator__activation': 'relu', 'estimator__alpha': 0.0001, 'estimator__batch_size': 'auto', 'estimator__beta_1': 0.9, 'estimator__beta_2': 0.999, 'estimator__early_stopping': False, 'estimator__epsilon': 1e-08, 'estimator__hidden_layer_sizes': 100, 'estimator__learning_rate': 'constant', 'estimator__learning_rate_init': 0.001, 'estimator__max_fun': 15000, 'estimator__max_iter': 10000, 'estimator__momentum': 0.9, 'estimator__n_iter_no_change': 10, 'estimator__nesterovs_momentum': True, 'estimator__power_t': 0.5, 'estimator__random_state': 42, 'estimator__shuffle': True, 'estimator__solver': 'adam', 'estimator__tol': 0.0001, 'estimator__validation_fraction': 0.1, 'estimator__verbose': False, 'estimator__warm_start': False, 'estimator': MLPClassifier(hidden_layer_sizes=100, max_iter=10000, random_state=42), 'n_jobs': None}"
class_data-14.csv,none,20,140,0.14285714285714285,18,2.584168340973698e+16,0.09871607085360268,32.18523972458105,0.046986772405564856,2780,6,0.03800000000000001,0.007677718959499144,38.2660413557494,5.368566986429118,-0.033245057863508246,0.13577333804635378,-0.1605579526981149,0.27789839017466483,8.872966673053392,0.6469428488702038,1.9991351434733513,0.9998527812126373,0.0,2,nb,0.85,0.84987496526813,0.0024640560150146484,0.8515016685205784,"{'estimator__priors': None, 'estimator__var_smoothing': 1e-09, 'estimator': GaussianNB(), 'n_jobs': None}"
class_data-14.csv,none,20,140,0.14285714285714285,18,2.584168340973698e+16,0.09871607085360268,32.18523972458105,0.046986772405564856,2780,6,0.03800000000000001,0.007677718959499144,38.2660413557494,5.368566986429118,-0.033245057863508246,0.13577333804635378,-0.1605579526981149,0.27789839017466483,8.872966673053392,0.6469428488702038,1.9991351434733513,0.9998527812126373,0.0,2,rf,0.8666666666666667,0.8666666666666667,0.06815791130065918,0.8676307007786429,"{'estimator__bootstrap': True, 'estimator__ccp_alpha': 0.0, 'estimator__class_weight': None, 'estimator__criterion': 'gini', 'estimator__max_depth': None, 'estimator__max_features': 'sqrt', 'estimator__max_leaf_nodes': None, 'estimator__max_samples': None, 'estimator__min_impurity_decrease': 0.0, 'estimator__min_samples_leaf': 1, 'estimator__min_samples_split': 2, 'estimator__min_weight_fraction_leaf': 0.0, 'estimator__monotonic_cst': None, 'estimator__n_estimators': 100, 'estimator__n_jobs': None, 'estimator__oob_score': False, 'estimator__random_state': 42, 'estimator__verbose': 0, 'estimator__warm_start': False, 'estimator': RandomForestClassifier(random_state=42), 'n_jobs': None}"
class_data-14.csv,none,20,140,0.14285714285714285,18,2.584168340973698e+16,0.09871607085360268,32.18523972458105,0.046986772405564856,2780,6,0.03800000000000001,0.007677718959499144,38.2660413557494,5.368566986429118,-0.033245057863508246,0.13577333804635378,-0.1605579526981149,0.27789839017466483,8.872966673053392,0.6469428488702038,1.9991351434733513,0.9998527812126373,0.0,2,svc,0.5166666666666667,0.352014652014652,0.003495931625366211,0.5,"{'estimator__C': 0.01, 'estimator__break_ties': False, 'estimator__cache_size': 200, 'estimator__class_weight': None, 'estimator__coef0': 0.0, 'estimator__decision_function_shape': 'ovr', 'estimator__degree': 3, 'estimator__gamma': 0.1, 'estimator__kernel': 'linear', 'estimator__max_iter': -1, 'estimator__probability': False, 'estimator__random_state': 42, 'estimator__shrinking': True, 'estimator__tol': 0.001, 'estimator__verbose': False, 'estimator': SVC(C=0.01, gamma=0.1, kernel='linear', probability=False, random_state=42), 'n_jobs': None}"
class_data-15.csv,pca,3,140,0.02142857142857143,3,1.5117401943402593,0.07027175578888226,1.3322676295501878e-15,0.005017832407458493,420,1,0.09333333333333334,0.04163331998932267,1.831586540033119e+17,6.127028891619743e+17,0.4292879322688561,0.2999880424867928,0.3082866947374788,0.26507095094041117,-0.49837620014364453,0.07564794478210611,1.99419471690775,0.8898478016282408,0.0,1,dt,0.6666666666666666,0.675,0.002624034881591797,0.6349206349206349,"{'estimator__ccp_alpha': 0.0, 'estimator__class_weight': None, 'estimator__criterion': 'gini', 'estimator__max_depth': None, 'estimator__max_features': None, 'estimator__max_leaf_nodes': None, 'estimator__min_impurity_decrease': 0.0, 'estimator__min_samples_leaf': 1, 'estimator__min_samples_split': 2, 'estimator__min_weight_fraction_leaf': 0.0, 'estimator__monotonic_cst': None, 'estimator__random_state': 42, 'estimator__splitter': 'best', 'estimator': DecisionTreeClassifier(random_state=42), 'n_jobs': None}"
class_data-15.csv,pca,3,140,0.02142857142857143,3,1.5117401943402593,0.07027175578888226,1.3322676295501878e-15,0.005017832407458493,420,1,0.09333333333333334,0.04163331998932267,1.831586540033119e+17,6.127028891619743e+17,0.4292879322688561,0.2999880424867928,0.3082866947374788,0.26507095094041117,-0.49837620014364453,0.07564794478210611,1.99419471690775,0.8898478016282408,0.0,1,lr,0.7166666666666667,0.6137571651902031,0.003202199935913086,0.5277777777777778,"{'estimator__C': 1.0, 'estimator__class_weight': None, 'estimator__dual': False, 'estimator__fit_intercept': True, 'estimator__intercept_scaling': 1, 'estimator__l1_ratio': None, 'estimator__max_iter': 10000, 'estimator__n_jobs': None, 'estimator__penalty': 'l2', 'estimator__random_state': 42, 'estimator__solver': 'saga', 'estimator__tol': 0.0001, 'estimator__verbose': 0, 'estimator__warm_start': False, 'estimator': LogisticRegression(l1_ratio=None, max_iter=10000, penalty='l2', random_state=42,
                   solver='saga'), 'n_jobs': None}"
class_data-15.csv,pca,3,140,0.02142857142857143,3,1.5117401943402593,0.07027175578888226,1.3322676295501878e-15,0.005017832407458493,420,1,0.09333333333333334,0.04163331998932267,1.831586540033119e+17,6.127028891619743e+17,0.4292879322688561,0.2999880424867928,0.3082866947374788,0.26507095094041117,-0.49837620014364453,0.07564794478210611,1.99419471690775,0.8898478016282408,0.0,1,mlp,0.7833333333333333,0.7719463573758608,0.17737507820129395,0.7023809523809523,"{'estimator__activation': 'relu', 'estimator__alpha': 0.0001, 'estimator__batch_size': 'auto', 'estimator__beta_1': 0.9, 'estimator__beta_2': 0.999, 'estimator__early_stopping': False, 'estimator__epsilon': 1e-08, 'estimator__hidden_layer_sizes': 100, 'estimator__learning_rate': 'constant', 'estimator__learning_rate_init': 0.001, 'estimator__max_fun': 15000, 'estimator__max_iter': 10000, 'estimator__momentum': 0.9, 'estimator__n_iter_no_change': 10, 'estimator__nesterovs_momentum': True, 'estimator__power_t': 0.5, 'estimator__random_state': 42, 'estimator__shuffle': True, 'estimator__solver': 'adam', 'estimator__tol': 0.0001, 'estimator__validation_fraction': 0.1, 'estimator__verbose': False, 'estimator__warm_start': False, 'estimator': MLPClassifier(hidden_layer_sizes=100, max_iter=10000, random_state=42), 'n_jobs': None}"
class_data-15.csv,pca,3,140,0.02142857142857143,3,1.5117401943402593,0.07027175578888226,1.3322676295501878e-15,0.005017832407458493,420,1,0.09333333333333334,0.04163331998932267,1.831586540033119e+17,6.127028891619743e+17,0.4292879322688561,0.2999880424867928,0.3082866947374788,0.26507095094041117,-0.49837620014364453,0.07564794478210611,1.99419471690775,0.8898478016282408,0.0,1,nb,0.7,0.5764705882352941,0.0024650096893310547,0.5,"{'estimator__priors': None, 'estimator__var_smoothing': 1e-09, 'estimator': GaussianNB(), 'n_jobs': None}"
class_data-15.csv,pca,3,140,0.02142857142857143,3,1.5117401943402593,0.07027175578888226,1.3322676295501878e-15,0.005017832407458493,420,1,0.09333333333333334,0.04163331998932267,1.831586540033119e+17,6.127028891619743e+17,0.4292879322688561,0.2999880424867928,0.3082866947374788,0.26507095094041117,-0.49837620014364453,0.07564794478210611,1.99419471690775,0.8898478016282408,0.0,1,rf,0.7833333333333333,0.7655172413793103,0.06557202339172363,0.6865079365079365,"{'estimator__bootstrap': True, 'estimator__ccp_alpha': 0.0, 'estimator__class_weight': None, 'estimator__criterion': 'gini', 'estimator__max_depth': None, 'estimator__max_features': 'sqrt', 'estimator__max_leaf_nodes': None, 'estimator__max_samples': None, 'estimator__min_impurity_decrease': 0.0, 'estimator__min_samples_leaf': 1, 'estimator__min_samples_split': 2, 'estimator__min_weight_fraction_leaf': 0.0, 'estimator__monotonic_cst': None, 'estimator__n_estimators': 100, 'estimator__n_jobs': None, 'estimator__oob_score': False, 'estimator__random_state': 42, 'estimator__verbose': 0, 'estimator__warm_start': False, 'estimator': RandomForestClassifier(random_state=42), 'n_jobs': None}"
class_data-15.csv,pca,3,140,0.02142857142857143,3,1.5117401943402593,0.07027175578888226,1.3322676295501878e-15,0.005017832407458493,420,1,0.09333333333333334,0.04163331998932267,1.831586540033119e+17,6.127028891619743e+17,0.4292879322688561,0.2999880424867928,0.3082866947374788,0.26507095094041117,-0.49837620014364453,0.07564794478210611,1.99419471690775,0.8898478016282408,0.0,1,svc,0.7,0.5764705882352941,0.0032401084899902344,0.5,"{'estimator__C': 0.01, 'estimator__break_ties': False, 'estimator__cache_size': 200, 'estimator__class_weight': None, 'estimator__coef0': 0.0, 'estimator__decision_function_shape': 'ovr', 'estimator__degree': 3, 'estimator__gamma': 0.1, 'estimator__kernel': 'linear', 'estimator__max_iter': -1, 'estimator__probability': False, 'estimator__random_state': 42, 'estimator__shrinking': True, 'estimator__tol': 0.001, 'estimator__verbose': False, 'estimator': SVC(C=0.01, gamma=0.1, kernel='linear', probability=False, random_state=42), 'n_jobs': None}"
class_data-15.csv,nmf,3,140,0.02142857142857143,3,5.221051884594915,0.033277967967986814,2.4510280076842106,0.04748554259254808,414,1,0.013333333333333334,0.005773502691896258,46.81768087057433,12.667012881930498,0.16211473358378733,0.6026093155455973,0.26898977950136915,0.2610928989183194,1.3197488875484344,0.0037710975977208803,1.9941947169077499,0.8898478016282408,0.0,1,dt,0.5333333333333333,0.5399229781771503,0.0025153160095214844,0.46031746031746035,"{'estimator__ccp_alpha': 0.0, 'estimator__class_weight': None, 'estimator__criterion': 'gini', 'estimator__max_depth': None, 'estimator__max_features': None, 'estimator__max_leaf_nodes': None, 'estimator__min_impurity_decrease': 0.0, 'estimator__min_samples_leaf': 1, 'estimator__min_samples_split': 2, 'estimator__min_weight_fraction_leaf': 0.0, 'estimator__monotonic_cst': None, 'estimator__random_state': 42, 'estimator__splitter': 'best', 'estimator': DecisionTreeClassifier(random_state=42), 'n_jobs': None}"
class_data-15.csv,nmf,3,140,0.02142857142857143,3,5.221051884594915,0.033277967967986814,2.4510280076842106,0.04748554259254808,414,1,0.013333333333333334,0.005773502691896258,46.81768087057433,12.667012881930498,0.16211473358378733,0.6026093155455973,0.26898977950136915,0.2610928989183194,1.3197488875484344,0.0037710975977208803,1.9941947169077499,0.8898478016282408,0.0,1,lr,0.7,0.5764705882352941,0.0032701492309570312,0.5,"{'estimator__C': 1.0, 'estimator__class_weight': None, 'estimator__dual': False, 'estimator__fit_intercept': True, 'estimator__intercept_scaling': 1, 'estimator__l1_ratio': None, 'estimator__max_iter': 10000, 'estimator__n_jobs': None, 'estimator__penalty': 'l2', 'estimator__random_state': 42, 'estimator__solver': 'saga', 'estimator__tol': 0.0001, 'estimator__verbose': 0, 'estimator__warm_start': False, 'estimator': LogisticRegression(l1_ratio=None, max_iter=10000, penalty='l2', random_state=42,
                   solver='saga'), 'n_jobs': None}"
class_data-15.csv,nmf,3,140,0.02142857142857143,3,5.221051884594915,0.033277967967986814,2.4510280076842106,0.04748554259254808,414,1,0.013333333333333334,0.005773502691896258,46.81768087057433,12.667012881930498,0.16211473358378733,0.6026093155455973,0.26898977950136915,0.2610928989183194,1.3197488875484344,0.0037710975977208803,1.9941947169077499,0.8898478016282408,0.0,1,mlp,0.7,0.5764705882352941,0.046156883239746094,0.5,"{'estimator__activation': 'relu', 'estimator__alpha': 0.0001, 'estimator__batch_size': 'auto', 'estimator__beta_1': 0.9, 'estimator__beta_2': 0.999, 'estimator__early_stopping': False, 'estimator__epsilon': 1e-08, 'estimator__hidden_layer_sizes': 100, 'estimator__learning_rate': 'constant', 'estimator__learning_rate_init': 0.001, 'estimator__max_fun': 15000, 'estimator__max_iter': 10000, 'estimator__momentum': 0.9, 'estimator__n_iter_no_change': 10, 'estimator__nesterovs_momentum': True, 'estimator__power_t': 0.5, 'estimator__random_state': 42, 'estimator__shuffle': True, 'estimator__solver': 'adam', 'estimator__tol': 0.0001, 'estimator__validation_fraction': 0.1, 'estimator__verbose': False, 'estimator__warm_start': False, 'estimator': MLPClassifier(hidden_layer_sizes=100, max_iter=10000, random_state=42), 'n_jobs': None}"
class_data-15.csv,nmf,3,140,0.02142857142857143,3,5.221051884594915,0.033277967967986814,2.4510280076842106,0.04748554259254808,414,1,0.013333333333333334,0.005773502691896258,46.81768087057433,12.667012881930498,0.16211473358378733,0.6026093155455973,0.26898977950136915,0.2610928989183194,1.3197488875484344,0.0037710975977208803,1.9941947169077499,0.8898478016282408,0.0,1,nb,0.7166666666666667,0.6555804571940833,0.0026149749755859375,0.5595238095238094,"{'estimator__priors': None, 'estimator__var_smoothing': 1e-09, 'estimator': GaussianNB(), 'n_jobs': None}"
class_data-15.csv,nmf,3,140,0.02142857142857143,3,5.221051884594915,0.033277967967986814,2.4510280076842106,0.04748554259254808,414,1,0.013333333333333334,0.005773502691896258,46.81768087057433,12.667012881930498,0.16211473358378733,0.6026093155455973,0.26898977950136915,0.2610928989183194,1.3197488875484344,0.0037710975977208803,1.9941947169077499,0.8898478016282408,0.0,1,rf,0.6666666666666666,0.6202945990180032,0.05257081985473633,0.5238095238095238,"{'estimator__bootstrap': True, 'estimator__ccp_alpha': 0.0, 'estimator__class_weight': None, 'estimator__criterion': 'gini', 'estimator__max_depth': None, 'estimator__max_features': 'sqrt', 'estimator__max_leaf_nodes': None, 'estimator__max_samples': None, 'estimator__min_impurity_decrease': 0.0, 'estimator__min_samples_leaf': 1, 'estimator__min_samples_split': 2, 'estimator__min_weight_fraction_leaf': 0.0, 'estimator__monotonic_cst': None, 'estimator__n_estimators': 100, 'estimator__n_jobs': None, 'estimator__oob_score': False, 'estimator__random_state': 42, 'estimator__verbose': 0, 'estimator__warm_start': False, 'estimator': RandomForestClassifier(random_state=42), 'n_jobs': None}"
class_data-15.csv,nmf,3,140,0.02142857142857143,3,5.221051884594915,0.033277967967986814,2.4510280076842106,0.04748554259254808,414,1,0.013333333333333334,0.005773502691896258,46.81768087057433,12.667012881930498,0.16211473358378733,0.6026093155455973,0.26898977950136915,0.2610928989183194,1.3197488875484344,0.0037710975977208803,1.9941947169077499,0.8898478016282408,0.0,1,svc,0.7,0.5764705882352941,0.0029511451721191406,0.5,"{'estimator__C': 0.01, 'estimator__break_ties': False, 'estimator__cache_size': 200, 'estimator__class_weight': None, 'estimator__coef0': 0.0, 'estimator__decision_function_shape': 'ovr', 'estimator__degree': 3, 'estimator__gamma': 0.1, 'estimator__kernel': 'linear', 'estimator__max_iter': -1, 'estimator__probability': False, 'estimator__random_state': 42, 'estimator__shrinking': True, 'estimator__tol': 0.001, 'estimator__verbose': False, 'estimator': SVC(C=0.01, gamma=0.1, kernel='linear', probability=False, random_state=42), 'n_jobs': None}"
class_data-15.csv,none,20,140,0.14285714285714285,18,2.7698289189933988e+16,0.03723596872237796,41.41528312385299,0.02726492484839512,2780,5,0.039000000000000014,0.006407232755171877,39.7191369011274,5.5855610783398655,0.0773020889839963,0.2689719661309305,-0.07807079770934851,0.3142550804922679,8.8757822708955,0.5691744645239849,1.9991340911412148,0.8898478016282408,0.0,1,dt,0.7666666666666667,0.769961489088575,0.0033979415893554688,0.7380952380952381,"{'estimator__ccp_alpha': 0.0, 'estimator__class_weight': None, 'estimator__criterion': 'gini', 'estimator__max_depth': None, 'estimator__max_features': None, 'estimator__max_leaf_nodes': None, 'estimator__min_impurity_decrease': 0.0, 'estimator__min_samples_leaf': 1, 'estimator__min_samples_split': 2, 'estimator__min_weight_fraction_leaf': 0.0, 'estimator__monotonic_cst': None, 'estimator__random_state': 42, 'estimator__splitter': 'best', 'estimator': DecisionTreeClassifier(random_state=42), 'n_jobs': None}"
class_data-15.csv,none,20,140,0.14285714285714285,18,2.7698289189933988e+16,0.03723596872237796,41.41528312385299,0.02726492484839512,2780,5,0.039000000000000014,0.006407232755171877,39.7191369011274,5.5855610783398655,0.0773020889839963,0.2689719661309305,-0.07807079770934851,0.3142550804922679,8.8757822708955,0.5691744645239849,1.9991340911412148,0.8898478016282408,0.0,1,lr,0.75,0.6796536796536796,0.004015922546386719,0.5833333333333333,"{'estimator__C': 1.0, 'estimator__class_weight': None, 'estimator__dual': False, 'estimator__fit_intercept': True, 'estimator__intercept_scaling': 1, 'estimator__l1_ratio': None, 'estimator__max_iter': 10000, 'estimator__n_jobs': None, 'estimator__penalty': 'l2', 'estimator__random_state': 42, 'estimator__solver': 'saga', 'estimator__tol': 0.0001, 'estimator__verbose': 0, 'estimator__warm_start': False, 'estimator': LogisticRegression(l1_ratio=None, max_iter=10000, penalty='l2', random_state=42,
                   solver='saga'), 'n_jobs': None}"
class_data-15.csv,none,20,140,0.14285714285714285,18,2.7698289189933988e+16,0.03723596872237796,41.41528312385299,0.02726492484839512,2780,5,0.039000000000000014,0.006407232755171877,39.7191369011274,5.5855610783398655,0.0773020889839963,0.2689719661309305,-0.07807079770934851,0.3142550804922679,8.8757822708955,0.5691744645239849,1.9991340911412148,0.8898478016282408,0.0,1,mlp,0.8166666666666667,0.8151260504201681,0.23063898086547852,0.773809523809524,"{'estimator__activation': 'relu', 'estimator__alpha': 0.0001, 'estimator__batch_size': 'auto', 'estimator__beta_1': 0.9, 'estimator__beta_2': 0.999, 'estimator__early_stopping': False, 'estimator__epsilon': 1e-08, 'estimator__hidden_layer_sizes': 100, 'estimator__learning_rate': 'constant', 'estimator__learning_rate_init': 0.001, 'estimator__max_fun': 15000, 'estimator__max_iter': 10000, 'estimator__momentum': 0.9, 'estimator__n_iter_no_change': 10, 'estimator__nesterovs_momentum': True, 'estimator__power_t': 0.5, 'estimator__random_state': 42, 'estimator__shuffle': True, 'estimator__solver': 'adam', 'estimator__tol': 0.0001, 'estimator__validation_fraction': 0.1, 'estimator__verbose': False, 'estimator__warm_start': False, 'estimator': MLPClassifier(hidden_layer_sizes=100, max_iter=10000, random_state=42), 'n_jobs': None}"
class_data-15.csv,none,20,140,0.14285714285714285,18,2.7698289189933988e+16,0.03723596872237796,41.41528312385299,0.02726492484839512,2780,5,0.039000000000000014,0.006407232755171877,39.7191369011274,5.5855610783398655,0.0773020889839963,0.2689719661309305,-0.07807079770934851,0.3142550804922679,8.8757822708955,0.5691744645239849,1.9991340911412148,0.8898478016282408,0.0,1,nb,0.7,0.7075,0.0025370121002197266,0.6746031746031746,"{'estimator__priors': None, 'estimator__var_smoothing': 1e-09, 'estimator': GaussianNB(), 'n_jobs': None}"
class_data-15.csv,none,20,140,0.14285714285714285,18,2.7698289189933988e+16,0.03723596872237796,41.41528312385299,0.02726492484839512,2780,5,0.039000000000000014,0.006407232755171877,39.7191369011274,5.5855610783398655,0.0773020889839963,0.2689719661309305,-0.07807079770934851,0.3142550804922679,8.8757822708955,0.5691744645239849,1.9991340911412148,0.8898478016282408,0.0,1,rf,0.8333333333333334,0.8167701863354038,0.06951284408569336,0.7380952380952381,"{'estimator__bootstrap': True, 'estimator__ccp_alpha': 0.0, 'estimator__class_weight': None, 'estimator__criterion': 'gini', 'estimator__max_depth': None, 'estimator__max_features': 'sqrt', 'estimator__max_leaf_nodes': None, 'estimator__max_samples': None, 'estimator__min_impurity_decrease': 0.0, 'estimator__min_samples_leaf': 1, 'estimator__min_samples_split': 2, 'estimator__min_weight_fraction_leaf': 0.0, 'estimator__monotonic_cst': None, 'estimator__n_estimators': 100, 'estimator__n_jobs': None, 'estimator__oob_score': False, 'estimator__random_state': 42, 'estimator__verbose': 0, 'estimator__warm_start': False, 'estimator': RandomForestClassifier(random_state=42), 'n_jobs': None}"
class_data-15.csv,none,20,140,0.14285714285714285,18,2.7698289189933988e+16,0.03723596872237796,41.41528312385299,0.02726492484839512,2780,5,0.039000000000000014,0.006407232755171877,39.7191369011274,5.5855610783398655,0.0773020889839963,0.2689719661309305,-0.07807079770934851,0.3142550804922679,8.8757822708955,0.5691744645239849,1.9991340911412148,0.8898478016282408,0.0,1,svc,0.7,0.5764705882352941,0.003299713134765625,0.5,"{'estimator__C': 0.01, 'estimator__break_ties': False, 'estimator__cache_size': 200, 'estimator__class_weight': None, 'estimator__coef0': 0.0, 'estimator__decision_function_shape': 'ovr', 'estimator__degree': 3, 'estimator__gamma': 0.1, 'estimator__kernel': 'linear', 'estimator__max_iter': -1, 'estimator__probability': False, 'estimator__random_state': 42, 'estimator__shrinking': True, 'estimator__tol': 0.001, 'estimator__verbose': False, 'estimator': SVC(C=0.01, gamma=0.1, kernel='linear', probability=False, random_state=42), 'n_jobs': None}"
class_data-15.csv,pca,3,140,0.02142857142857143,3,1.4327704001189177,0.1493091497275675,8.881784197001252e-16,0.06311055772936418,420,1,0.08333333333333333,0.03214550253664318,-8.558776220171387e+16,2.126615237231577e+17,0.4539920950548726,0.21914142584237906,0.34822615761359704,0.5107596527889945,-0.40667844338339837,0.06967103608470876,1.9941947169077499,0.8898478016282408,0.0,2,dt,0.5833333333333334,0.5715778474399165,0.002741098403930664,0.4801587301587301,"{'estimator__ccp_alpha': 0.0, 'estimator__class_weight': None, 'estimator__criterion': 'gini', 'estimator__max_depth': None, 'estimator__max_features': None, 'estimator__max_leaf_nodes': None, 'estimator__min_impurity_decrease': 0.0, 'estimator__min_samples_leaf': 1, 'estimator__min_samples_split': 2, 'estimator__min_weight_fraction_leaf': 0.0, 'estimator__monotonic_cst': None, 'estimator__random_state': 42, 'estimator__splitter': 'best', 'estimator': DecisionTreeClassifier(random_state=42), 'n_jobs': None}"
class_data-15.csv,pca,3,140,0.02142857142857143,3,1.4327704001189177,0.1493091497275675,8.881784197001252e-16,0.06311055772936418,420,1,0.08333333333333333,0.03214550253664318,-8.558776220171387e+16,2.126615237231577e+17,0.4539920950548726,0.21914142584237906,0.34822615761359704,0.5107596527889945,-0.40667844338339837,0.06967103608470876,1.9941947169077499,0.8898478016282408,0.0,2,lr,0.6666666666666666,0.5844155844155844,0.0030698776245117188,0.4920634920634921,"{'estimator__C': 1.0, 'estimator__class_weight': None, 'estimator__dual': False, 'estimator__fit_intercept': True, 'estimator__intercept_scaling': 1, 'estimator__l1_ratio': None, 'estimator__max_iter': 10000, 'estimator__n_jobs': None, 'estimator__penalty': 'l2', 'estimator__random_state': 42, 'estimator__solver': 'saga', 'estimator__tol': 0.0001, 'estimator__verbose': 0, 'estimator__warm_start': False, 'estimator': LogisticRegression(l1_ratio=None, max_iter=10000, penalty='l2', random_state=42,
                   solver='saga'), 'n_jobs': None}"
class_data-15.csv,pca,3,140,0.02142857142857143,3,1.4327704001189177,0.1493091497275675,8.881784197001252e-16,0.06311055772936418,420,1,0.08333333333333333,0.03214550253664318,-8.558776220171387e+16,2.126615237231577e+17,0.4539920950548726,0.21914142584237906,0.34822615761359704,0.5107596527889945,-0.40667844338339837,0.06967103608470876,1.9941947169077499,0.8898478016282408,0.0,2,mlp,0.6833333333333333,0.6572944297082228,0.11262798309326172,0.5674603174603174,"{'estimator__activation': 'relu', 'estimator__alpha': 0.0001, 'estimator__batch_size': 'auto', 'estimator__beta_1': 0.9, 'estimator__beta_2': 0.999, 'estimator__early_stopping': False, 'estimator__epsilon': 1e-08, 'estimator__hidden_layer_sizes': 100, 'estimator__learning_rate': 'constant', 'estimator__learning_rate_init': 0.001, 'estimator__max_fun': 15000, 'estimator__max_iter': 10000, 'estimator__momentum': 0.9, 'estimator__n_iter_no_change': 10, 'estimator__nesterovs_momentum': True, 'estimator__power_t': 0.5, 'estimator__random_state': 42, 'estimator__shuffle': True, 'estimator__solver': 'adam', 'estimator__tol': 0.0001, 'estimator__validation_fraction': 0.1, 'estimator__verbose': False, 'estimator__warm_start': False, 'estimator': MLPClassifier(hidden_layer_sizes=100, max_iter=10000, random_state=42), 'n_jobs': None}"
class_data-15.csv,pca,3,140,0.02142857142857143,3,1.4327704001189177,0.1493091497275675,8.881784197001252e-16,0.06311055772936418,420,1,0.08333333333333333,0.03214550253664318,-8.558776220171387e+16,2.126615237231577e+17,0.4539920950548726,0.21914142584237906,0.34822615761359704,0.5107596527889945,-0.40667844338339837,0.06967103608470876,1.9941947169077499,0.8898478016282408,0.0,2,nb,0.6833333333333333,0.5942279942279942,0.002486705780029297,0.503968253968254,"{'estimator__priors': None, 'estimator__var_smoothing': 1e-09, 'estimator': GaussianNB(), 'n_jobs': None}"
class_data-15.csv,pca,3,140,0.02142857142857143,3,1.4327704001189177,0.1493091497275675,8.881784197001252e-16,0.06311055772936418,420,1,0.08333333333333333,0.03214550253664318,-8.558776220171387e+16,2.126615237231577e+17,0.4539920950548726,0.21914142584237906,0.34822615761359704,0.5107596527889945,-0.40667844338339837,0.06967103608470876,1.9941947169077499,0.8898478016282408,0.0,2,rf,0.5833333333333334,0.5614353026458861,0.05726909637451172,0.4642857142857142,"{'estimator__bootstrap': True, 'estimator__ccp_alpha': 0.0, 'estimator__class_weight': None, 'estimator__criterion': 'gini', 'estimator__max_depth': None, 'estimator__max_features': 'sqrt', 'estimator__max_leaf_nodes': None, 'estimator__max_samples': None, 'estimator__min_impurity_decrease': 0.0, 'estimator__min_samples_leaf': 1, 'estimator__min_samples_split': 2, 'estimator__min_weight_fraction_leaf': 0.0, 'estimator__monotonic_cst': None, 'estimator__n_estimators': 100, 'estimator__n_jobs': None, 'estimator__oob_score': False, 'estimator__random_state': 42, 'estimator__verbose': 0, 'estimator__warm_start': False, 'estimator': RandomForestClassifier(random_state=42), 'n_jobs': None}"
class_data-15.csv,pca,3,140,0.02142857142857143,3,1.4327704001189177,0.1493091497275675,8.881784197001252e-16,0.06311055772936418,420,1,0.08333333333333333,0.03214550253664318,-8.558776220171387e+16,2.126615237231577e+17,0.4539920950548726,0.21914142584237906,0.34822615761359704,0.5107596527889945,-0.40667844338339837,0.06967103608470876,1.9941947169077499,0.8898478016282408,0.0,2,svc,0.7,0.5764705882352941,0.003036975860595703,0.5,"{'estimator__C': 0.01, 'estimator__break_ties': False, 'estimator__cache_size': 200, 'estimator__class_weight': None, 'estimator__coef0': 0.0, 'estimator__decision_function_shape': 'ovr', 'estimator__degree': 3, 'estimator__gamma': 0.1, 'estimator__kernel': 'linear', 'estimator__max_iter': -1, 'estimator__probability': False, 'estimator__random_state': 42, 'estimator__shrinking': True, 'estimator__tol': 0.001, 'estimator__verbose': False, 'estimator': SVC(C=0.01, gamma=0.1, kernel='linear', probability=False, random_state=42), 'n_jobs': None}"
class_data-15.csv,nmf,3,140,0.02142857142857143,3,5.079536503606452,0.09331360740256886,2.4991140131016225,0.03304950414972874,414,1,0.013333333333333334,0.005773502691896258,43.61072461235787,9.388375848287366,0.19353534872858455,0.38921987514166345,-0.027112518660838376,0.18645693000941935,1.3699544161920187,0.003177530100954595,1.9941947169077503,0.8898478016282408,0.0,2,dt,0.48333333333333334,0.5019027484143763,0.0024907588958740234,0.4404761904761905,"{'estimator__ccp_alpha': 0.0, 'estimator__class_weight': None, 'estimator__criterion': 'gini', 'estimator__max_depth': None, 'estimator__max_features': None, 'estimator__max_leaf_nodes': None, 'estimator__min_impurity_decrease': 0.0, 'estimator__min_samples_leaf': 1, 'estimator__min_samples_split': 2, 'estimator__min_weight_fraction_leaf': 0.0, 'estimator__monotonic_cst': None, 'estimator__random_state': 42, 'estimator__splitter': 'best', 'estimator': DecisionTreeClassifier(random_state=42), 'n_jobs': None}"
class_data-15.csv,nmf,3,140,0.02142857142857143,3,5.079536503606452,0.09331360740256886,2.4991140131016225,0.03304950414972874,414,1,0.013333333333333334,0.005773502691896258,43.61072461235787,9.388375848287366,0.19353534872858455,0.38921987514166345,-0.027112518660838376,0.18645693000941935,1.3699544161920187,0.003177530100954595,1.9941947169077503,0.8898478016282408,0.0,2,lr,0.7,0.5764705882352941,0.0024230480194091797,0.5,"{'estimator__C': 1.0, 'estimator__class_weight': None, 'estimator__dual': False, 'estimator__fit_intercept': True, 'estimator__intercept_scaling': 1, 'estimator__l1_ratio': None, 'estimator__max_iter': 10000, 'estimator__n_jobs': None, 'estimator__penalty': 'l2', 'estimator__random_state': 42, 'estimator__solver': 'saga', 'estimator__tol': 0.0001, 'estimator__verbose': 0, 'estimator__warm_start': False, 'estimator': LogisticRegression(l1_ratio=None, max_iter=10000, penalty='l2', random_state=42,
                   solver='saga'), 'n_jobs': None}"
class_data-15.csv,nmf,3,140,0.02142857142857143,3,5.079536503606452,0.09331360740256886,2.4991140131016225,0.03304950414972874,414,1,0.013333333333333334,0.005773502691896258,43.61072461235787,9.388375848287366,0.19353534872858455,0.38921987514166345,-0.027112518660838376,0.18645693000941935,1.3699544161920187,0.003177530100954595,1.9941947169077503,0.8898478016282408,0.0,2,mlp,0.5833333333333334,0.5340501792114696,0.059889793395996094,0.43253968253968256,"{'estimator__activation': 'relu', 'estimator__alpha': 0.0001, 'estimator__batch_size': 'auto', 'estimator__beta_1': 0.9, 'estimator__beta_2': 0.999, 'estimator__early_stopping': False, 'estimator__epsilon': 1e-08, 'estimator__hidden_layer_sizes': 100, 'estimator__learning_rate': 'constant', 'estimator__learning_rate_init': 0.001, 'estimator__max_fun': 15000, 'estimator__max_iter': 10000, 'estimator__momentum': 0.9, 'estimator__n_iter_no_change': 10, 'estimator__nesterovs_momentum': True, 'estimator__power_t': 0.5, 'estimator__random_state': 42, 'estimator__shuffle': True, 'estimator__solver': 'adam', 'estimator__tol': 0.0001, 'estimator__validation_fraction': 0.1, 'estimator__verbose': False, 'estimator__warm_start': False, 'estimator': MLPClassifier(hidden_layer_sizes=100, max_iter=10000, random_state=42), 'n_jobs': None}"
class_data-15.csv,nmf,3,140,0.02142857142857143,3,5.079536503606452,0.09331360740256886,2.4991140131016225,0.03304950414972874,414,1,0.013333333333333334,0.005773502691896258,43.61072461235787,9.388375848287366,0.19353534872858455,0.38921987514166345,-0.027112518660838376,0.18645693000941935,1.3699544161920187,0.003177530100954595,1.9941947169077503,0.8898478016282408,0.0,2,nb,0.5833333333333334,0.5490716180371353,0.0023822784423828125,0.44841269841269843,"{'estimator__priors': None, 'estimator__var_smoothing': 1e-09, 'estimator': GaussianNB(), 'n_jobs': None}"
class_data-15.csv,nmf,3,140,0.02142857142857143,3,5.079536503606452,0.09331360740256886,2.4991140131016225,0.03304950414972874,414,1,0.013333333333333334,0.005773502691896258,43.61072461235787,9.388375848287366,0.19353534872858455,0.38921987514166345,-0.027112518660838376,0.18645693000941935,1.3699544161920187,0.003177530100954595,1.9941947169077503,0.8898478016282408,0.0,2,rf,0.5166666666666667,0.5202865516118528,0.05195188522338867,0.43253968253968256,"{'estimator__bootstrap': True, 'estimator__ccp_alpha': 0.0, 'estimator__class_weight': None, 'estimator__criterion': 'gini', 'estimator__max_depth': None, 'estimator__max_features': 'sqrt', 'estimator__max_leaf_nodes': None, 'estimator__max_samples': None, 'estimator__min_impurity_decrease': 0.0, 'estimator__min_samples_leaf': 1, 'estimator__min_samples_split': 2, 'estimator__min_weight_fraction_leaf': 0.0, 'estimator__monotonic_cst': None, 'estimator__n_estimators': 100, 'estimator__n_jobs': None, 'estimator__oob_score': False, 'estimator__random_state': 42, 'estimator__verbose': 0, 'estimator__warm_start': False, 'estimator': RandomForestClassifier(random_state=42), 'n_jobs': None}"
class_data-15.csv,nmf,3,140,0.02142857142857143,3,5.079536503606452,0.09331360740256886,2.4991140131016225,0.03304950414972874,414,1,0.013333333333333334,0.005773502691896258,43.61072461235787,9.388375848287366,0.19353534872858455,0.38921987514166345,-0.027112518660838376,0.18645693000941935,1.3699544161920187,0.003177530100954595,1.9941947169077503,0.8898478016282408,0.0,2,svc,0.7,0.5764705882352941,0.003197908401489258,0.5,"{'estimator__C': 0.01, 'estimator__break_ties': False, 'estimator__cache_size': 200, 'estimator__class_weight': None, 'estimator__coef0': 0.0, 'estimator__decision_function_shape': 'ovr', 'estimator__degree': 3, 'estimator__gamma': 0.1, 'estimator__kernel': 'linear', 'estimator__max_iter': -1, 'estimator__probability': False, 'estimator__random_state': 42, 'estimator__shrinking': True, 'estimator__tol': 0.001, 'estimator__verbose': False, 'estimator': SVC(C=0.01, gamma=0.1, kernel='linear', probability=False, random_state=42), 'n_jobs': None}"
class_data-15.csv,none,20,140,0.14285714285714285,18,2.601825178529613e+16,0.06557385193210473,39.40205111784088,0.03189878256108616,2780,7,0.03500000000000001,0.006069769786668841,38.376648156714694,5.956515576528036,0.09211017118662981,0.20260976176952294,-0.003753865008953827,0.2944084342378068,8.879397983348976,0.526022509054307,1.9991358195897615,0.8898478016282408,0.0,2,dt,0.8,0.7964432284541724,0.003367185592651367,0.746031746031746,"{'estimator__ccp_alpha': 0.0, 'estimator__class_weight': None, 'estimator__criterion': 'gini', 'estimator__max_depth': None, 'estimator__max_features': None, 'estimator__max_leaf_nodes': None, 'estimator__min_impurity_decrease': 0.0, 'estimator__min_samples_leaf': 1, 'estimator__min_samples_split': 2, 'estimator__min_weight_fraction_leaf': 0.0, 'estimator__monotonic_cst': None, 'estimator__random_state': 42, 'estimator__splitter': 'best', 'estimator': DecisionTreeClassifier(random_state=42), 'n_jobs': None}"
class_data-15.csv,none,20,140,0.14285714285714285,18,2.601825178529613e+16,0.06557385193210473,39.40205111784088,0.03189878256108616,2780,7,0.03500000000000001,0.006069769786668841,38.376648156714694,5.956515576528036,0.09211017118662981,0.20260976176952294,-0.003753865008953827,0.2944084342378068,8.879397983348976,0.526022509054307,1.9991358195897615,0.8898478016282408,0.0,2,lr,0.7,0.6039999999999999,0.003690958023071289,0.5158730158730158,"{'estimator__C': 1.0, 'estimator__class_weight': None, 'estimator__dual': False, 'estimator__fit_intercept': True, 'estimator__intercept_scaling': 1, 'estimator__l1_ratio': None, 'estimator__max_iter': 10000, 'estimator__n_jobs': None, 'estimator__penalty': 'l2', 'estimator__random_state': 42, 'estimator__solver': 'saga', 'estimator__tol': 0.0001, 'estimator__verbose': 0, 'estimator__warm_start': False, 'estimator': LogisticRegression(l1_ratio=None, max_iter=10000, penalty='l2', random_state=42,
                   solver='saga'), 'n_jobs': None}"
class_data-15.csv,none,20,140,0.14285714285714285,18,2.601825178529613e+16,0.06557385193210473,39.40205111784088,0.03189878256108616,2780,7,0.03500000000000001,0.006069769786668841,38.376648156714694,5.956515576528036,0.09211017118662981,0.20260976176952294,-0.003753865008953827,0.2944084342378068,8.879397983348976,0.526022509054307,1.9991358195897615,0.8898478016282408,0.0,2,mlp,0.7666666666666667,0.7511111111111112,0.26426076889038086,0.6746031746031746,"{'estimator__activation': 'relu', 'estimator__alpha': 0.0001, 'estimator__batch_size': 'auto', 'estimator__beta_1': 0.9, 'estimator__beta_2': 0.999, 'estimator__early_stopping': False, 'estimator__epsilon': 1e-08, 'estimator__hidden_layer_sizes': 100, 'estimator__learning_rate': 'constant', 'estimator__learning_rate_init': 0.001, 'estimator__max_fun': 15000, 'estimator__max_iter': 10000, 'estimator__momentum': 0.9, 'estimator__n_iter_no_change': 10, 'estimator__nesterovs_momentum': True, 'estimator__power_t': 0.5, 'estimator__random_state': 42, 'estimator__shuffle': True, 'estimator__solver': 'adam', 'estimator__tol': 0.0001, 'estimator__validation_fraction': 0.1, 'estimator__verbose': False, 'estimator__warm_start': False, 'estimator': MLPClassifier(hidden_layer_sizes=100, max_iter=10000, random_state=42), 'n_jobs': None}"
class_data-15.csv,none,20,140,0.14285714285714285,18,2.601825178529613e+16,0.06557385193210473,39.40205111784088,0.03189878256108616,2780,7,0.03500000000000001,0.006069769786668841,38.376648156714694,5.956515576528036,0.09211017118662981,0.20260976176952294,-0.003753865008953827,0.2944084342378068,8.879397983348976,0.526022509054307,1.9991358195897615,0.8898478016282408,0.0,2,nb,0.6,0.6131868131868131,0.00238800048828125,0.5714285714285714,"{'estimator__priors': None, 'estimator__var_smoothing': 1e-09, 'estimator': GaussianNB(), 'n_jobs': None}"
class_data-15.csv,none,20,140,0.14285714285714285,18,2.601825178529613e+16,0.06557385193210473,39.40205111784088,0.03189878256108616,2780,7,0.03500000000000001,0.006069769786668841,38.376648156714694,5.956515576528036,0.09211017118662981,0.20260976176952294,-0.003753865008953827,0.2944084342378068,8.879397983348976,0.526022509054307,1.9991358195897615,0.8898478016282408,0.0,2,rf,0.7833333333333333,0.7577060931899643,0.06984186172485352,0.6706349206349206,"{'estimator__bootstrap': True, 'estimator__ccp_alpha': 0.0, 'estimator__class_weight': None, 'estimator__criterion': 'gini', 'estimator__max_depth': None, 'estimator__max_features': 'sqrt', 'estimator__max_leaf_nodes': None, 'estimator__max_samples': None, 'estimator__min_impurity_decrease': 0.0, 'estimator__min_samples_leaf': 1, 'estimator__min_samples_split': 2, 'estimator__min_weight_fraction_leaf': 0.0, 'estimator__monotonic_cst': None, 'estimator__n_estimators': 100, 'estimator__n_jobs': None, 'estimator__oob_score': False, 'estimator__random_state': 42, 'estimator__verbose': 0, 'estimator__warm_start': False, 'estimator': RandomForestClassifier(random_state=42), 'n_jobs': None}"
class_data-15.csv,none,20,140,0.14285714285714285,18,2.601825178529613e+16,0.06557385193210473,39.40205111784088,0.03189878256108616,2780,7,0.03500000000000001,0.006069769786668841,38.376648156714694,5.956515576528036,0.09211017118662981,0.20260976176952294,-0.003753865008953827,0.2944084342378068,8.879397983348976,0.526022509054307,1.9991358195897615,0.8898478016282408,0.0,2,svc,0.7,0.5764705882352941,0.003184795379638672,0.5,"{'estimator__C': 0.01, 'estimator__break_ties': False, 'estimator__cache_size': 200, 'estimator__class_weight': None, 'estimator__coef0': 0.0, 'estimator__decision_function_shape': 'ovr', 'estimator__degree': 3, 'estimator__gamma': 0.1, 'estimator__kernel': 'linear', 'estimator__max_iter': -1, 'estimator__probability': False, 'estimator__random_state': 42, 'estimator__shrinking': True, 'estimator__tol': 0.001, 'estimator__verbose': False, 'estimator': SVC(C=0.01, gamma=0.1, kernel='linear', probability=False, random_state=42), 'n_jobs': None}"
class_data-16.csv,pca,3,140,0.02142857142857143,3,1.447265391287356,0.08393548682078547,1.7763568394002505e-15,0.027255076306773523,420,1,0.08666666666666667,0.03785938897200183,1.5712546358100882e+18,3.188636889409626e+18,0.30899903367340137,0.2485342368685603,0.22215089736263063,0.5407316253198409,-0.43068084178655125,0.0770855820759505,1.99419471690775,0.9998527812126373,0.0,1,dt,0.6666666666666666,0.6651785714285715,0.0026998519897460938,0.6666666666666667,"{'estimator__ccp_alpha': 0.0, 'estimator__class_weight': None, 'estimator__criterion': 'gini', 'estimator__max_depth': None, 'estimator__max_features': None, 'estimator__max_leaf_nodes': None, 'estimator__min_impurity_decrease': 0.0, 'estimator__min_samples_leaf': 1, 'estimator__min_samples_split': 2, 'estimator__min_weight_fraction_leaf': 0.0, 'estimator__monotonic_cst': None, 'estimator__random_state': 42, 'estimator__splitter': 'best', 'estimator': DecisionTreeClassifier(random_state=42), 'n_jobs': None}"
class_data-16.csv,pca,3,140,0.02142857142857143,3,1.447265391287356,0.08393548682078547,1.7763568394002505e-15,0.027255076306773523,420,1,0.08666666666666667,0.03785938897200183,1.5712546358100882e+18,3.188636889409626e+18,0.30899903367340137,0.2485342368685603,0.22215089736263063,0.5407316253198409,-0.43068084178655125,0.0770855820759505,1.99419471690775,0.9998527812126373,0.0,1,lr,0.6166666666666667,0.613986013986014,0.0032329559326171875,0.6166666666666666,"{'estimator__C': 1.0, 'estimator__class_weight': None, 'estimator__dual': False, 'estimator__fit_intercept': True, 'estimator__intercept_scaling': 1, 'estimator__l1_ratio': None, 'estimator__max_iter': 10000, 'estimator__n_jobs': None, 'estimator__penalty': 'l2', 'estimator__random_state': 42, 'estimator__solver': 'saga', 'estimator__tol': 0.0001, 'estimator__verbose': 0, 'estimator__warm_start': False, 'estimator': LogisticRegression(l1_ratio=None, max_iter=10000, penalty='l2', random_state=42,
                   solver='saga'), 'n_jobs': None}"
class_data-16.csv,pca,3,140,0.02142857142857143,3,1.447265391287356,0.08393548682078547,1.7763568394002505e-15,0.027255076306773523,420,1,0.08666666666666667,0.03785938897200183,1.5712546358100882e+18,3.188636889409626e+18,0.30899903367340137,0.2485342368685603,0.22215089736263063,0.5407316253198409,-0.43068084178655125,0.0770855820759505,1.99419471690775,0.9998527812126373,0.0,1,mlp,0.65,0.6451703745423825,0.07036399841308594,0.6499999999999999,"{'estimator__activation': 'relu', 'estimator__alpha': 0.0001, 'estimator__batch_size': 'auto', 'estimator__beta_1': 0.9, 'estimator__beta_2': 0.999, 'estimator__early_stopping': False, 'estimator__epsilon': 1e-08, 'estimator__hidden_layer_sizes': 100, 'estimator__learning_rate': 'constant', 'estimator__learning_rate_init': 0.001, 'estimator__max_fun': 15000, 'estimator__max_iter': 10000, 'estimator__momentum': 0.9, 'estimator__n_iter_no_change': 10, 'estimator__nesterovs_momentum': True, 'estimator__power_t': 0.5, 'estimator__random_state': 42, 'estimator__shuffle': True, 'estimator__solver': 'adam', 'estimator__tol': 0.0001, 'estimator__validation_fraction': 0.1, 'estimator__verbose': False, 'estimator__warm_start': False, 'estimator': MLPClassifier(hidden_layer_sizes=100, max_iter=10000, random_state=42), 'n_jobs': None}"
class_data-16.csv,pca,3,140,0.02142857142857143,3,1.447265391287356,0.08393548682078547,1.7763568394002505e-15,0.027255076306773523,420,1,0.08666666666666667,0.03785938897200183,1.5712546358100882e+18,3.188636889409626e+18,0.30899903367340137,0.2485342368685603,0.22215089736263063,0.5407316253198409,-0.43068084178655125,0.0770855820759505,1.99419471690775,0.9998527812126373,0.0,1,nb,0.5833333333333334,0.5832175604334537,0.002538919448852539,0.5833333333333334,"{'estimator__priors': None, 'estimator__var_smoothing': 1e-09, 'estimator': GaussianNB(), 'n_jobs': None}"
class_data-16.csv,pca,3,140,0.02142857142857143,3,1.447265391287356,0.08393548682078547,1.7763568394002505e-15,0.027255076306773523,420,1,0.08666666666666667,0.03785938897200183,1.5712546358100882e+18,3.188636889409626e+18,0.30899903367340137,0.2485342368685603,0.22215089736263063,0.5407316253198409,-0.43068084178655125,0.0770855820759505,1.99419471690775,0.9998527812126373,0.0,1,rf,0.6333333333333333,0.6316964285714285,0.05444192886352539,0.6333333333333333,"{'estimator__bootstrap': True, 'estimator__ccp_alpha': 0.0, 'estimator__class_weight': None, 'estimator__criterion': 'gini', 'estimator__max_depth': None, 'estimator__max_features': 'sqrt', 'estimator__max_leaf_nodes': None, 'estimator__max_samples': None, 'estimator__min_impurity_decrease': 0.0, 'estimator__min_samples_leaf': 1, 'estimator__min_samples_split': 2, 'estimator__min_weight_fraction_leaf': 0.0, 'estimator__monotonic_cst': None, 'estimator__n_estimators': 100, 'estimator__n_jobs': None, 'estimator__oob_score': False, 'estimator__random_state': 42, 'estimator__verbose': 0, 'estimator__warm_start': False, 'estimator': RandomForestClassifier(random_state=42), 'n_jobs': None}"
class_data-16.csv,pca,3,140,0.02142857142857143,3,1.447265391287356,0.08393548682078547,1.7763568394002505e-15,0.027255076306773523,420,1,0.08666666666666667,0.03785938897200183,1.5712546358100882e+18,3.188636889409626e+18,0.30899903367340137,0.2485342368685603,0.22215089736263063,0.5407316253198409,-0.43068084178655125,0.0770855820759505,1.99419471690775,0.9998527812126373,0.0,1,svc,0.5,0.3333333333333333,0.003423929214477539,0.5,"{'estimator__C': 0.01, 'estimator__break_ties': False, 'estimator__cache_size': 200, 'estimator__class_weight': None, 'estimator__coef0': 0.0, 'estimator__decision_function_shape': 'ovr', 'estimator__degree': 3, 'estimator__gamma': 0.1, 'estimator__kernel': 'linear', 'estimator__max_iter': -1, 'estimator__probability': False, 'estimator__random_state': 42, 'estimator__shrinking': True, 'estimator__tol': 0.001, 'estimator__verbose': False, 'estimator': SVC(C=0.01, gamma=0.1, kernel='linear', probability=False, random_state=42), 'n_jobs': None}"
class_data-16.csv,nmf,3,140,0.02142857142857143,2,4.63950476465966,0.07563163078742953,2.524843428151158,0.042152966115377666,413,1,0.016666666666666666,0.005773502691896258,49.624693233513575,9.263223216136701,0.4885740990206486,0.568892696304746,0.7148410348461507,0.8624385077864041,1.2565556661879527,0.003294153011294012,1.9941947169077499,0.9998527812126373,0.0,1,dt,0.6166666666666667,0.6157059314954052,0.002664804458618164,0.6166666666666667,"{'estimator__ccp_alpha': 0.0, 'estimator__class_weight': None, 'estimator__criterion': 'gini', 'estimator__max_depth': None, 'estimator__max_features': None, 'estimator__max_leaf_nodes': None, 'estimator__min_impurity_decrease': 0.0, 'estimator__min_samples_leaf': 1, 'estimator__min_samples_split': 2, 'estimator__min_weight_fraction_leaf': 0.0, 'estimator__monotonic_cst': None, 'estimator__random_state': 42, 'estimator__splitter': 'best', 'estimator': DecisionTreeClassifier(random_state=42), 'n_jobs': None}"
class_data-16.csv,nmf,3,140,0.02142857142857143,2,4.63950476465966,0.07563163078742953,2.524843428151158,0.042152966115377666,413,1,0.016666666666666666,0.005773502691896258,49.624693233513575,9.263223216136701,0.4885740990206486,0.568892696304746,0.7148410348461507,0.8624385077864041,1.2565556661879527,0.003294153011294012,1.9941947169077499,0.9998527812126373,0.0,1,lr,0.6166666666666667,0.6157059314954052,0.0032529830932617188,0.6166666666666667,"{'estimator__C': 1.0, 'estimator__class_weight': None, 'estimator__dual': False, 'estimator__fit_intercept': True, 'estimator__intercept_scaling': 1, 'estimator__l1_ratio': None, 'estimator__max_iter': 10000, 'estimator__n_jobs': None, 'estimator__penalty': 'l2', 'estimator__random_state': 42, 'estimator__solver': 'saga', 'estimator__tol': 0.0001, 'estimator__verbose': 0, 'estimator__warm_start': False, 'estimator': LogisticRegression(l1_ratio=None, max_iter=10000, penalty='l2', random_state=42,
                   solver='saga'), 'n_jobs': None}"
class_data-16.csv,nmf,3,140,0.02142857142857143,2,4.63950476465966,0.07563163078742953,2.524843428151158,0.042152966115377666,413,1,0.016666666666666666,0.005773502691896258,49.624693233513575,9.263223216136701,0.4885740990206486,0.568892696304746,0.7148410348461507,0.8624385077864041,1.2565556661879527,0.003294153011294012,1.9941947169077499,0.9998527812126373,0.0,1,mlp,0.65,0.649902750764101,0.05294680595397949,0.65,"{'estimator__activation': 'relu', 'estimator__alpha': 0.0001, 'estimator__batch_size': 'auto', 'estimator__beta_1': 0.9, 'estimator__beta_2': 0.999, 'estimator__early_stopping': False, 'estimator__epsilon': 1e-08, 'estimator__hidden_layer_sizes': 100, 'estimator__learning_rate': 'constant', 'estimator__learning_rate_init': 0.001, 'estimator__max_fun': 15000, 'estimator__max_iter': 10000, 'estimator__momentum': 0.9, 'estimator__n_iter_no_change': 10, 'estimator__nesterovs_momentum': True, 'estimator__power_t': 0.5, 'estimator__random_state': 42, 'estimator__shuffle': True, 'estimator__solver': 'adam', 'estimator__tol': 0.0001, 'estimator__validation_fraction': 0.1, 'estimator__verbose': False, 'estimator__warm_start': False, 'estimator': MLPClassifier(hidden_layer_sizes=100, max_iter=10000, random_state=42), 'n_jobs': None}"
class_data-16.csv,nmf,3,140,0.02142857142857143,2,4.63950476465966,0.07563163078742953,2.524843428151158,0.042152966115377666,413,1,0.016666666666666666,0.005773502691896258,49.624693233513575,9.263223216136701,0.4885740990206486,0.568892696304746,0.7148410348461507,0.8624385077864041,1.2565556661879527,0.003294153011294012,1.9941947169077499,0.9998527812126373,0.0,1,nb,0.6833333333333333,0.6811188811188811,0.002456188201904297,0.6833333333333332,"{'estimator__priors': None, 'estimator__var_smoothing': 1e-09, 'estimator': GaussianNB(), 'n_jobs': None}"
class_data-16.csv,nmf,3,140,0.02142857142857143,2,4.63950476465966,0.07563163078742953,2.524843428151158,0.042152966115377666,413,1,0.016666666666666666,0.005773502691896258,49.624693233513575,9.263223216136701,0.4885740990206486,0.568892696304746,0.7148410348461507,0.8624385077864041,1.2565556661879527,0.003294153011294012,1.9941947169077499,0.9998527812126373,0.0,1,rf,0.6833333333333333,0.6832453459294248,0.06346011161804199,0.6833333333333335,"{'estimator__bootstrap': True, 'estimator__ccp_alpha': 0.0, 'estimator__class_weight': None, 'estimator__criterion': 'gini', 'estimator__max_depth': None, 'estimator__max_features': 'sqrt', 'estimator__max_leaf_nodes': None, 'estimator__max_samples': None, 'estimator__min_impurity_decrease': 0.0, 'estimator__min_samples_leaf': 1, 'estimator__min_samples_split': 2, 'estimator__min_weight_fraction_leaf': 0.0, 'estimator__monotonic_cst': None, 'estimator__n_estimators': 100, 'estimator__n_jobs': None, 'estimator__oob_score': False, 'estimator__random_state': 42, 'estimator__verbose': 0, 'estimator__warm_start': False, 'estimator': RandomForestClassifier(random_state=42), 'n_jobs': None}"
class_data-16.csv,nmf,3,140,0.02142857142857143,2,4.63950476465966,0.07563163078742953,2.524843428151158,0.042152966115377666,413,1,0.016666666666666666,0.005773502691896258,49.624693233513575,9.263223216136701,0.4885740990206486,0.568892696304746,0.7148410348461507,0.8624385077864041,1.2565556661879527,0.003294153011294012,1.9941947169077499,0.9998527812126373,0.0,1,svc,0.5,0.3333333333333333,0.0032529830932617188,0.5,"{'estimator__C': 0.01, 'estimator__break_ties': False, 'estimator__cache_size': 200, 'estimator__class_weight': None, 'estimator__coef0': 0.0, 'estimator__decision_function_shape': 'ovr', 'estimator__degree': 3, 'estimator__gamma': 0.1, 'estimator__kernel': 'linear', 'estimator__max_iter': -1, 'estimator__probability': False, 'estimator__random_state': 42, 'estimator__shrinking': True, 'estimator__tol': 0.001, 'estimator__verbose': False, 'estimator': SVC(C=0.01, gamma=0.1, kernel='linear', probability=False, random_state=42), 'n_jobs': None}"
class_data-16.csv,none,20,140,0.14285714285714285,18,2.6075640967645868e+16,0.04681544808772977,40.574736051002176,0.03739213624442297,2780,5,0.03650000000000001,0.007451598203705947,38.210959597987355,5.070734848710701,0.07014937033096433,0.25175280304732106,0.10977766034109929,0.3929157133012937,8.882009638791743,0.5285994107302802,1.9991337096226423,0.9998527812126373,0.0,1,dt,0.85,0.8489510489510489,0.0031507015228271484,0.85,"{'estimator__ccp_alpha': 0.0, 'estimator__class_weight': None, 'estimator__criterion': 'gini', 'estimator__max_depth': None, 'estimator__max_features': None, 'estimator__max_leaf_nodes': None, 'estimator__min_impurity_decrease': 0.0, 'estimator__min_samples_leaf': 1, 'estimator__min_samples_split': 2, 'estimator__min_weight_fraction_leaf': 0.0, 'estimator__monotonic_cst': None, 'estimator__random_state': 42, 'estimator__splitter': 'best', 'estimator': DecisionTreeClassifier(random_state=42), 'n_jobs': None}"
class_data-16.csv,none,20,140,0.14285714285714285,18,2.6075640967645868e+16,0.04681544808772977,40.574736051002176,0.03739213624442297,2780,5,0.03650000000000001,0.007451598203705947,38.210959597987355,5.070734848710701,0.07014937033096433,0.25175280304732106,0.10977766034109929,0.3929157133012937,8.882009638791743,0.5285994107302802,1.9991337096226423,0.9998527812126373,0.0,1,lr,0.6833333333333333,0.6825396825396824,0.0030701160430908203,0.6833333333333333,"{'estimator__C': 1.0, 'estimator__class_weight': None, 'estimator__dual': False, 'estimator__fit_intercept': True, 'estimator__intercept_scaling': 1, 'estimator__l1_ratio': None, 'estimator__max_iter': 10000, 'estimator__n_jobs': None, 'estimator__penalty': 'l2', 'estimator__random_state': 42, 'estimator__solver': 'saga', 'estimator__tol': 0.0001, 'estimator__verbose': 0, 'estimator__warm_start': False, 'estimator': LogisticRegression(l1_ratio=None, max_iter=10000, penalty='l2', random_state=42,
                   solver='saga'), 'n_jobs': None}"
class_data-16.csv,none,20,140,0.14285714285714285,18,2.6075640967645868e+16,0.04681544808772977,40.574736051002176,0.03739213624442297,2780,5,0.03650000000000001,0.007451598203705947,38.210959597987355,5.070734848710701,0.07014937033096433,0.25175280304732106,0.10977766034109929,0.3929157133012937,8.882009638791743,0.5285994107302802,1.9991337096226423,0.9998527812126373,0.0,1,mlp,0.8,0.799777530589544,0.2776491641998291,0.8,"{'estimator__activation': 'relu', 'estimator__alpha': 0.0001, 'estimator__batch_size': 'auto', 'estimator__beta_1': 0.9, 'estimator__beta_2': 0.999, 'estimator__early_stopping': False, 'estimator__epsilon': 1e-08, 'estimator__hidden_layer_sizes': 100, 'estimator__learning_rate': 'constant', 'estimator__learning_rate_init': 0.001, 'estimator__max_fun': 15000, 'estimator__max_iter': 10000, 'estimator__momentum': 0.9, 'estimator__n_iter_no_change': 10, 'estimator__nesterovs_momentum': True, 'estimator__power_t': 0.5, 'estimator__random_state': 42, 'estimator__shuffle': True, 'estimator__solver': 'adam', 'estimator__tol': 0.0001, 'estimator__validation_fraction': 0.1, 'estimator__verbose': False, 'estimator__warm_start': False, 'estimator': MLPClassifier(hidden_layer_sizes=100, max_iter=10000, random_state=42), 'n_jobs': None}"
class_data-16.csv,none,20,140,0.14285714285714285,18,2.6075640967645868e+16,0.04681544808772977,40.574736051002176,0.03739213624442297,2780,5,0.03650000000000001,0.007451598203705947,38.210959597987355,5.070734848710701,0.07014937033096433,0.25175280304732106,0.10977766034109929,0.3929157133012937,8.882009638791743,0.5285994107302802,1.9991337096226423,0.9998527812126373,0.0,1,nb,0.7166666666666667,0.7146853146853147,0.002496004104614258,0.7166666666666667,"{'estimator__priors': None, 'estimator__var_smoothing': 1e-09, 'estimator': GaussianNB(), 'n_jobs': None}"
class_data-16.csv,none,20,140,0.14285714285714285,18,2.6075640967645868e+16,0.04681544808772977,40.574736051002176,0.03739213624442297,2780,5,0.03650000000000001,0.007451598203705947,38.210959597987355,5.070734848710701,0.07014937033096433,0.25175280304732106,0.10977766034109929,0.3929157133012937,8.882009638791743,0.5285994107302802,1.9991337096226423,0.9998527812126373,0.0,1,rf,0.8666666666666667,0.8666666666666667,0.06801104545593262,0.8666666666666667,"{'estimator__bootstrap': True, 'estimator__ccp_alpha': 0.0, 'estimator__class_weight': None, 'estimator__criterion': 'gini', 'estimator__max_depth': None, 'estimator__max_features': 'sqrt', 'estimator__max_leaf_nodes': None, 'estimator__max_samples': None, 'estimator__min_impurity_decrease': 0.0, 'estimator__min_samples_leaf': 1, 'estimator__min_samples_split': 2, 'estimator__min_weight_fraction_leaf': 0.0, 'estimator__monotonic_cst': None, 'estimator__n_estimators': 100, 'estimator__n_jobs': None, 'estimator__oob_score': False, 'estimator__random_state': 42, 'estimator__verbose': 0, 'estimator__warm_start': False, 'estimator': RandomForestClassifier(random_state=42), 'n_jobs': None}"
class_data-16.csv,none,20,140,0.14285714285714285,18,2.6075640967645868e+16,0.04681544808772977,40.574736051002176,0.03739213624442297,2780,5,0.03650000000000001,0.007451598203705947,38.210959597987355,5.070734848710701,0.07014937033096433,0.25175280304732106,0.10977766034109929,0.3929157133012937,8.882009638791743,0.5285994107302802,1.9991337096226423,0.9998527812126373,0.0,1,svc,0.5,0.3333333333333333,0.0033178329467773438,0.5,"{'estimator__C': 0.01, 'estimator__break_ties': False, 'estimator__cache_size': 200, 'estimator__class_weight': None, 'estimator__coef0': 0.0, 'estimator__decision_function_shape': 'ovr', 'estimator__degree': 3, 'estimator__gamma': 0.1, 'estimator__kernel': 'linear', 'estimator__max_iter': -1, 'estimator__probability': False, 'estimator__random_state': 42, 'estimator__shrinking': True, 'estimator__tol': 0.001, 'estimator__verbose': False, 'estimator': SVC(C=0.01, gamma=0.1, kernel='linear', probability=False, random_state=42), 'n_jobs': None}"
class_data-16.csv,pca,3,140,0.02142857142857143,3,1.4320140153441787,0.13353005968233944,8.881784197001252e-16,0.02587991182761747,420,1,0.09333333333333334,0.0404145188432738,-1.5382610223539668e+18,2.7019391704571187e+18,0.40599196639906315,0.31707780643300026,0.3992604130569573,0.28393951578583193,-0.4796619984996407,0.07769378011513484,1.9941947169077499,0.9998527812126373,0.0,2,dt,0.5333333333333333,0.53125,0.0025107860565185547,0.5333333333333333,"{'estimator__ccp_alpha': 0.0, 'estimator__class_weight': None, 'estimator__criterion': 'gini', 'estimator__max_depth': None, 'estimator__max_features': None, 'estimator__max_leaf_nodes': None, 'estimator__min_impurity_decrease': 0.0, 'estimator__min_samples_leaf': 1, 'estimator__min_samples_split': 2, 'estimator__min_weight_fraction_leaf': 0.0, 'estimator__monotonic_cst': None, 'estimator__random_state': 42, 'estimator__splitter': 'best', 'estimator': DecisionTreeClassifier(random_state=42), 'n_jobs': None}"
class_data-16.csv,pca,3,140,0.02142857142857143,3,1.4320140153441787,0.13353005968233944,8.881784197001252e-16,0.02587991182761747,420,1,0.09333333333333334,0.0404145188432738,-1.5382610223539668e+18,2.7019391704571187e+18,0.40599196639906315,0.31707780643300026,0.3992604130569573,0.28393951578583193,-0.4796619984996407,0.07769378011513484,1.9941947169077499,0.9998527812126373,0.0,2,lr,0.5833333333333334,0.5555555555555555,0.002814054489135742,0.5833333333333334,"{'estimator__C': 1.0, 'estimator__class_weight': None, 'estimator__dual': False, 'estimator__fit_intercept': True, 'estimator__intercept_scaling': 1, 'estimator__l1_ratio': None, 'estimator__max_iter': 10000, 'estimator__n_jobs': None, 'estimator__penalty': 'l2', 'estimator__random_state': 42, 'estimator__solver': 'saga', 'estimator__tol': 0.0001, 'estimator__verbose': 0, 'estimator__warm_start': False, 'estimator': LogisticRegression(l1_ratio=None, max_iter=10000, penalty='l2', random_state=42,
                   solver='saga'), 'n_jobs': None}"
class_data-16.csv,pca,3,140,0.02142857142857143,3,1.4320140153441787,0.13353005968233944,8.881784197001252e-16,0.02587991182761747,420,1,0.09333333333333334,0.0404145188432738,-1.5382610223539668e+18,2.7019391704571187e+18,0.40599196639906315,0.31707780643300026,0.3992604130569573,0.28393951578583193,-0.4796619984996407,0.07769378011513484,1.9941947169077499,0.9998527812126373,0.0,2,mlp,0.5833333333333334,0.5555555555555555,0.03988003730773926,0.5833333333333334,"{'estimator__activation': 'relu', 'estimator__alpha': 0.0001, 'estimator__batch_size': 'auto', 'estimator__beta_1': 0.9, 'estimator__beta_2': 0.999, 'estimator__early_stopping': False, 'estimator__epsilon': 1e-08, 'estimator__hidden_layer_sizes': 100, 'estimator__learning_rate': 'constant', 'estimator__learning_rate_init': 0.001, 'estimator__max_fun': 15000, 'estimator__max_iter': 10000, 'estimator__momentum': 0.9, 'estimator__n_iter_no_change': 10, 'estimator__nesterovs_momentum': True, 'estimator__power_t': 0.5, 'estimator__random_state': 42, 'estimator__shuffle': True, 'estimator__solver': 'adam', 'estimator__tol': 0.0001, 'estimator__validation_fraction': 0.1, 'estimator__verbose': False, 'estimator__warm_start': False, 'estimator': MLPClassifier(hidden_layer_sizes=100, max_iter=10000, random_state=42), 'n_jobs': None}"
class_data-16.csv,pca,3,140,0.02142857142857143,3,1.4320140153441787,0.13353005968233944,8.881784197001252e-16,0.02587991182761747,420,1,0.09333333333333334,0.0404145188432738,-1.5382610223539668e+18,2.7019391704571187e+18,0.40599196639906315,0.31707780643300026,0.3992604130569573,0.28393951578583193,-0.4796619984996407,0.07769378011513484,1.9941947169077499,0.9998527812126373,0.0,2,nb,0.5333333333333333,0.5064629847238543,0.0030760765075683594,0.5333333333333333,"{'estimator__priors': None, 'estimator__var_smoothing': 1e-09, 'estimator': GaussianNB(), 'n_jobs': None}"
class_data-16.csv,pca,3,140,0.02142857142857143,3,1.4320140153441787,0.13353005968233944,8.881784197001252e-16,0.02587991182761747,420,1,0.09333333333333334,0.0404145188432738,-1.5382610223539668e+18,2.7019391704571187e+18,0.40599196639906315,0.31707780643300026,0.3992604130569573,0.28393951578583193,-0.4796619984996407,0.07769378011513484,1.9941947169077499,0.9998527812126373,0.0,2,rf,0.5833333333333334,0.5737425404944586,0.05861687660217285,0.5833333333333334,"{'estimator__bootstrap': True, 'estimator__ccp_alpha': 0.0, 'estimator__class_weight': None, 'estimator__criterion': 'gini', 'estimator__max_depth': None, 'estimator__max_features': 'sqrt', 'estimator__max_leaf_nodes': None, 'estimator__max_samples': None, 'estimator__min_impurity_decrease': 0.0, 'estimator__min_samples_leaf': 1, 'estimator__min_samples_split': 2, 'estimator__min_weight_fraction_leaf': 0.0, 'estimator__monotonic_cst': None, 'estimator__n_estimators': 100, 'estimator__n_jobs': None, 'estimator__oob_score': False, 'estimator__random_state': 42, 'estimator__verbose': 0, 'estimator__warm_start': False, 'estimator': RandomForestClassifier(random_state=42), 'n_jobs': None}"
class_data-16.csv,pca,3,140,0.02142857142857143,3,1.4320140153441787,0.13353005968233944,8.881784197001252e-16,0.02587991182761747,420,1,0.09333333333333334,0.0404145188432738,-1.5382610223539668e+18,2.7019391704571187e+18,0.40599196639906315,0.31707780643300026,0.3992604130569573,0.28393951578583193,-0.4796619984996407,0.07769378011513484,1.9941947169077499,0.9998527812126373,0.0,2,svc,0.5,0.3333333333333333,0.0032091140747070312,0.5,"{'estimator__C': 0.01, 'estimator__break_ties': False, 'estimator__cache_size': 200, 'estimator__class_weight': None, 'estimator__coef0': 0.0, 'estimator__decision_function_shape': 'ovr', 'estimator__degree': 3, 'estimator__gamma': 0.1, 'estimator__kernel': 'linear', 'estimator__max_iter': -1, 'estimator__probability': False, 'estimator__random_state': 42, 'estimator__shrinking': True, 'estimator__tol': 0.001, 'estimator__verbose': False, 'estimator': SVC(C=0.01, gamma=0.1, kernel='linear', probability=False, random_state=42), 'n_jobs': None}"
class_data-16.csv,nmf,3,140,0.02142857142857143,2,4.131570965668306,0.15132974807001323,2.5322895829843084,0.05862945283733093,412,1,0.02,0.01,51.12353230492533,10.58353003298414,0.3049859339815679,0.4297444226655729,-0.05232222930909636,0.3297744866955385,1.1637009111722194,0.003881183109284674,1.9941947169077492,0.9998527812126373,0.0,2,dt,0.6833333333333333,0.6789636722050126,0.002734661102294922,0.6833333333333333,"{'estimator__ccp_alpha': 0.0, 'estimator__class_weight': None, 'estimator__criterion': 'gini', 'estimator__max_depth': None, 'estimator__max_features': None, 'estimator__max_leaf_nodes': None, 'estimator__min_impurity_decrease': 0.0, 'estimator__min_samples_leaf': 1, 'estimator__min_samples_split': 2, 'estimator__min_weight_fraction_leaf': 0.0, 'estimator__monotonic_cst': None, 'estimator__random_state': 42, 'estimator__splitter': 'best', 'estimator': DecisionTreeClassifier(random_state=42), 'n_jobs': None}"
class_data-16.csv,nmf,3,140,0.02142857142857143,2,4.131570965668306,0.15132974807001323,2.5322895829843084,0.05862945283733093,412,1,0.02,0.01,51.12353230492533,10.58353003298414,0.3049859339815679,0.4297444226655729,-0.05232222930909636,0.3297744866955385,1.1637009111722194,0.003881183109284674,1.9941947169077492,0.9998527812126373,0.0,2,lr,0.65,0.632760128242495,0.003290891647338867,0.65,"{'estimator__C': 1.0, 'estimator__class_weight': None, 'estimator__dual': False, 'estimator__fit_intercept': True, 'estimator__intercept_scaling': 1, 'estimator__l1_ratio': None, 'estimator__max_iter': 10000, 'estimator__n_jobs': None, 'estimator__penalty': 'l2', 'estimator__random_state': 42, 'estimator__solver': 'saga', 'estimator__tol': 0.0001, 'estimator__verbose': 0, 'estimator__warm_start': False, 'estimator': LogisticRegression(l1_ratio=None, max_iter=10000, penalty='l2', random_state=42,
                   solver='saga'), 'n_jobs': None}"
class_data-16.csv,nmf,3,140,0.02142857142857143,2,4.131570965668306,0.15132974807001323,2.5322895829843084,0.05862945283733093,412,1,0.02,0.01,51.12353230492533,10.58353003298414,0.3049859339815679,0.4297444226655729,-0.05232222930909636,0.3297744866955385,1.1637009111722194,0.003881183109284674,1.9941947169077492,0.9998527812126373,0.0,2,mlp,0.65,0.632760128242495,0.04181718826293945,0.65,"{'estimator__activation': 'relu', 'estimator__alpha': 0.0001, 'estimator__batch_size': 'auto', 'estimator__beta_1': 0.9, 'estimator__beta_2': 0.999, 'estimator__early_stopping': False, 'estimator__epsilon': 1e-08, 'estimator__hidden_layer_sizes': 100, 'estimator__learning_rate': 'constant', 'estimator__learning_rate_init': 0.001, 'estimator__max_fun': 15000, 'estimator__max_iter': 10000, 'estimator__momentum': 0.9, 'estimator__n_iter_no_change': 10, 'estimator__nesterovs_momentum': True, 'estimator__power_t': 0.5, 'estimator__random_state': 42, 'estimator__shuffle': True, 'estimator__solver': 'adam', 'estimator__tol': 0.0001, 'estimator__validation_fraction': 0.1, 'estimator__verbose': False, 'estimator__warm_start': False, 'estimator': MLPClassifier(hidden_layer_sizes=100, max_iter=10000, random_state=42), 'n_jobs': None}"
class_data-16.csv,nmf,3,140,0.02142857142857143,2,4.131570965668306,0.15132974807001323,2.5322895829843084,0.05862945283733093,412,1,0.02,0.01,51.12353230492533,10.58353003298414,0.3049859339815679,0.4297444226655729,-0.05232222930909636,0.3297744866955385,1.1637009111722194,0.003881183109284674,1.9941947169077492,0.9998527812126373,0.0,2,nb,0.6166666666666667,0.5911111111111111,0.002507925033569336,0.6166666666666667,"{'estimator__priors': None, 'estimator__var_smoothing': 1e-09, 'estimator': GaussianNB(), 'n_jobs': None}"
class_data-16.csv,nmf,3,140,0.02142857142857143,2,4.131570965668306,0.15132974807001323,2.5322895829843084,0.05862945283733093,412,1,0.02,0.01,51.12353230492533,10.58353003298414,0.3049859339815679,0.4297444226655729,-0.05232222930909636,0.3297744866955385,1.1637009111722194,0.003881183109284674,1.9941947169077492,0.9998527812126373,0.0,2,rf,0.6,0.5833333333333334,0.05336308479309082,0.6,"{'estimator__bootstrap': True, 'estimator__ccp_alpha': 0.0, 'estimator__class_weight': None, 'estimator__criterion': 'gini', 'estimator__max_depth': None, 'estimator__max_features': 'sqrt', 'estimator__max_leaf_nodes': None, 'estimator__max_samples': None, 'estimator__min_impurity_decrease': 0.0, 'estimator__min_samples_leaf': 1, 'estimator__min_samples_split': 2, 'estimator__min_weight_fraction_leaf': 0.0, 'estimator__monotonic_cst': None, 'estimator__n_estimators': 100, 'estimator__n_jobs': None, 'estimator__oob_score': False, 'estimator__random_state': 42, 'estimator__verbose': 0, 'estimator__warm_start': False, 'estimator': RandomForestClassifier(random_state=42), 'n_jobs': None}"
class_data-16.csv,nmf,3,140,0.02142857142857143,2,4.131570965668306,0.15132974807001323,2.5322895829843084,0.05862945283733093,412,1,0.02,0.01,51.12353230492533,10.58353003298414,0.3049859339815679,0.4297444226655729,-0.05232222930909636,0.3297744866955385,1.1637009111722194,0.003881183109284674,1.9941947169077492,0.9998527812126373,0.0,2,svc,0.5,0.3333333333333333,0.003016948699951172,0.5,"{'estimator__C': 0.01, 'estimator__break_ties': False, 'estimator__cache_size': 200, 'estimator__class_weight': None, 'estimator__coef0': 0.0, 'estimator__decision_function_shape': 'ovr', 'estimator__degree': 3, 'estimator__gamma': 0.1, 'estimator__kernel': 'linear', 'estimator__max_iter': -1, 'estimator__probability': False, 'estimator__random_state': 42, 'estimator__shrinking': True, 'estimator__tol': 0.001, 'estimator__verbose': False, 'estimator': SVC(C=0.01, gamma=0.1, kernel='linear', probability=False, random_state=42), 'n_jobs': None}"
class_data-16.csv,none,20,140,0.14285714285714285,18,2.5704761392642348e+16,0.07017586088260536,38.92686835300303,0.0528413123238642,2780,6,0.03750000000000001,0.007163503994113791,38.51050707332119,5.72616784254579,0.0724124310986131,0.2631469475842459,-0.010862484718595366,0.36102098668720817,8.87721034702765,0.5809242042573551,1.9991340827357356,0.9998527812126373,0.0,2,dt,0.6166666666666667,0.6157059314954052,0.0031249523162841797,0.6166666666666667,"{'estimator__ccp_alpha': 0.0, 'estimator__class_weight': None, 'estimator__criterion': 'gini', 'estimator__max_depth': None, 'estimator__max_features': None, 'estimator__max_leaf_nodes': None, 'estimator__min_impurity_decrease': 0.0, 'estimator__min_samples_leaf': 1, 'estimator__min_samples_split': 2, 'estimator__min_weight_fraction_leaf': 0.0, 'estimator__monotonic_cst': None, 'estimator__random_state': 42, 'estimator__splitter': 'best', 'estimator': DecisionTreeClassifier(random_state=42), 'n_jobs': None}"
class_data-16.csv,none,20,140,0.14285714285714285,18,2.5704761392642348e+16,0.07017586088260536,38.92686835300303,0.0528413123238642,2780,6,0.03750000000000001,0.007163503994113791,38.51050707332119,5.72616784254579,0.0724124310986131,0.2631469475842459,-0.010862484718595366,0.36102098668720817,8.87721034702765,0.5809242042573551,1.9991340827357356,0.9998527812126373,0.0,2,lr,0.5666666666666667,0.5542857142857142,0.0038857460021972656,0.5666666666666667,"{'estimator__C': 1.0, 'estimator__class_weight': None, 'estimator__dual': False, 'estimator__fit_intercept': True, 'estimator__intercept_scaling': 1, 'estimator__l1_ratio': None, 'estimator__max_iter': 10000, 'estimator__n_jobs': None, 'estimator__penalty': 'l2', 'estimator__random_state': 42, 'estimator__solver': 'saga', 'estimator__tol': 0.0001, 'estimator__verbose': 0, 'estimator__warm_start': False, 'estimator': LogisticRegression(l1_ratio=None, max_iter=10000, penalty='l2', random_state=42,
                   solver='saga'), 'n_jobs': None}"
class_data-16.csv,none,20,140,0.14285714285714285,18,2.5704761392642348e+16,0.07017586088260536,38.92686835300303,0.0528413123238642,2780,6,0.03750000000000001,0.007163503994113791,38.51050707332119,5.72616784254579,0.0724124310986131,0.2631469475842459,-0.010862484718595366,0.36102098668720817,8.87721034702765,0.5809242042573551,1.9991340827357356,0.9998527812126373,0.0,2,mlp,0.6833333333333333,0.6811188811188811,0.25894999504089355,0.6833333333333332,"{'estimator__activation': 'relu', 'estimator__alpha': 0.0001, 'estimator__batch_size': 'auto', 'estimator__beta_1': 0.9, 'estimator__beta_2': 0.999, 'estimator__early_stopping': False, 'estimator__epsilon': 1e-08, 'estimator__hidden_layer_sizes': 100, 'estimator__learning_rate': 'constant', 'estimator__learning_rate_init': 0.001, 'estimator__max_fun': 15000, 'estimator__max_iter': 10000, 'estimator__momentum': 0.9, 'estimator__n_iter_no_change': 10, 'estimator__nesterovs_momentum': True, 'estimator__power_t': 0.5, 'estimator__random_state': 42, 'estimator__shuffle': True, 'estimator__solver': 'adam', 'estimator__tol': 0.0001, 'estimator__validation_fraction': 0.1, 'estimator__verbose': False, 'estimator__warm_start': False, 'estimator': MLPClassifier(hidden_layer_sizes=100, max_iter=10000, random_state=42), 'n_jobs': None}"
class_data-16.csv,none,20,140,0.14285714285714285,18,2.5704761392642348e+16,0.07017586088260536,38.92686835300303,0.0528413123238642,2780,6,0.03750000000000001,0.007163503994113791,38.51050707332119,5.72616784254579,0.0724124310986131,0.2631469475842459,-0.010862484718595366,0.36102098668720817,8.87721034702765,0.5809242042573551,1.9991340827357356,0.9998527812126373,0.0,2,nb,0.6333333333333333,0.6052631578947367,0.002780914306640625,0.6333333333333333,"{'estimator__priors': None, 'estimator__var_smoothing': 1e-09, 'estimator': GaussianNB(), 'n_jobs': None}"
class_data-16.csv,none,20,140,0.14285714285714285,18,2.5704761392642348e+16,0.07017586088260536,38.92686835300303,0.0528413123238642,2780,6,0.03750000000000001,0.007163503994113791,38.51050707332119,5.72616784254579,0.0724124310986131,0.2631469475842459,-0.010862484718595366,0.36102098668720817,8.87721034702765,0.5809242042573551,1.9991340827357356,0.9998527812126373,0.0,2,rf,0.8166666666666667,0.8124467178175617,0.058799028396606445,0.8166666666666665,"{'estimator__bootstrap': True, 'estimator__ccp_alpha': 0.0, 'estimator__class_weight': None, 'estimator__criterion': 'gini', 'estimator__max_depth': None, 'estimator__max_features': 'sqrt', 'estimator__max_leaf_nodes': None, 'estimator__max_samples': None, 'estimator__min_impurity_decrease': 0.0, 'estimator__min_samples_leaf': 1, 'estimator__min_samples_split': 2, 'estimator__min_weight_fraction_leaf': 0.0, 'estimator__monotonic_cst': None, 'estimator__n_estimators': 100, 'estimator__n_jobs': None, 'estimator__oob_score': False, 'estimator__random_state': 42, 'estimator__verbose': 0, 'estimator__warm_start': False, 'estimator': RandomForestClassifier(random_state=42), 'n_jobs': None}"
class_data-16.csv,none,20,140,0.14285714285714285,18,2.5704761392642348e+16,0.07017586088260536,38.92686835300303,0.0528413123238642,2780,6,0.03750000000000001,0.007163503994113791,38.51050707332119,5.72616784254579,0.0724124310986131,0.2631469475842459,-0.010862484718595366,0.36102098668720817,8.87721034702765,0.5809242042573551,1.9991340827357356,0.9998527812126373,0.0,2,svc,0.5,0.3333333333333333,0.0034089088439941406,0.5,"{'estimator__C': 0.01, 'estimator__break_ties': False, 'estimator__cache_size': 200, 'estimator__class_weight': None, 'estimator__coef0': 0.0, 'estimator__decision_function_shape': 'ovr', 'estimator__degree': 3, 'estimator__gamma': 0.1, 'estimator__kernel': 'linear', 'estimator__max_iter': -1, 'estimator__probability': False, 'estimator__random_state': 42, 'estimator__shrinking': True, 'estimator__tol': 0.001, 'estimator__verbose': False, 'estimator': SVC(C=0.01, gamma=0.1, kernel='linear', probability=False, random_state=42), 'n_jobs': None}"
class_data-2.csv,pca,3,70,0.04285714285714286,3,1.5566380509343287,0.6406993193083002,1.7763568394002505e-15,0.2031715592036066,210,1,0.11,0.0458257569495584,-8.067889626978484e+17,1.439400263930441e+18,0.0384252869303063,0.24133235104053935,-0.5825598216699635,0.3449022056401717,-0.6634358958231493,0.09175473315497772,1.9881729641985837,1.0,0.0,1,dt,1.0,1.0,0.0023648738861083984,1.0,"{'estimator__ccp_alpha': 0.0, 'estimator__class_weight': None, 'estimator__criterion': 'gini', 'estimator__max_depth': None, 'estimator__max_features': None, 'estimator__max_leaf_nodes': None, 'estimator__min_impurity_decrease': 0.0, 'estimator__min_samples_leaf': 1, 'estimator__min_samples_split': 2, 'estimator__min_weight_fraction_leaf': 0.0, 'estimator__monotonic_cst': None, 'estimator__random_state': 42, 'estimator__splitter': 'best', 'estimator': DecisionTreeClassifier(random_state=42), 'n_jobs': None}"
class_data-2.csv,pca,3,70,0.04285714285714286,3,1.5566380509343287,0.6406993193083002,1.7763568394002505e-15,0.2031715592036066,210,1,0.11,0.0458257569495584,-8.067889626978484e+17,1.439400263930441e+18,0.0384252869303063,0.24133235104053935,-0.5825598216699635,0.3449022056401717,-0.6634358958231493,0.09175473315497772,1.9881729641985837,1.0,0.0,1,lr,1.0,1.0,0.0024640560150146484,1.0,"{'estimator__C': 1.0, 'estimator__class_weight': None, 'estimator__dual': False, 'estimator__fit_intercept': True, 'estimator__intercept_scaling': 1, 'estimator__l1_ratio': None, 'estimator__max_iter': 10000, 'estimator__n_jobs': None, 'estimator__penalty': 'l2', 'estimator__random_state': 42, 'estimator__solver': 'saga', 'estimator__tol': 0.0001, 'estimator__verbose': 0, 'estimator__warm_start': False, 'estimator': LogisticRegression(l1_ratio=None, max_iter=10000, penalty='l2', random_state=42,
                   solver='saga'), 'n_jobs': None}"
class_data-2.csv,pca,3,70,0.04285714285714286,3,1.5566380509343287,0.6406993193083002,1.7763568394002505e-15,0.2031715592036066,210,1,0.11,0.0458257569495584,-8.067889626978484e+17,1.439400263930441e+18,0.0384252869303063,0.24133235104053935,-0.5825598216699635,0.3449022056401717,-0.6634358958231493,0.09175473315497772,1.9881729641985837,1.0,0.0,1,mlp,1.0,1.0,0.08790707588195801,1.0,"{'estimator__activation': 'relu', 'estimator__alpha': 0.0001, 'estimator__batch_size': 'auto', 'estimator__beta_1': 0.9, 'estimator__beta_2': 0.999, 'estimator__early_stopping': False, 'estimator__epsilon': 1e-08, 'estimator__hidden_layer_sizes': 100, 'estimator__learning_rate': 'constant', 'estimator__learning_rate_init': 0.001, 'estimator__max_fun': 15000, 'estimator__max_iter': 10000, 'estimator__momentum': 0.9, 'estimator__n_iter_no_change': 10, 'estimator__nesterovs_momentum': True, 'estimator__power_t': 0.5, 'estimator__random_state': 42, 'estimator__shuffle': True, 'estimator__solver': 'adam', 'estimator__tol': 0.0001, 'estimator__validation_fraction': 0.1, 'estimator__verbose': False, 'estimator__warm_start': False, 'estimator': MLPClassifier(hidden_layer_sizes=100, max_iter=10000, random_state=42), 'n_jobs': None}"
class_data-2.csv,pca,3,70,0.04285714285714286,3,1.5566380509343287,0.6406993193083002,1.7763568394002505e-15,0.2031715592036066,210,1,0.11,0.0458257569495584,-8.067889626978484e+17,1.439400263930441e+18,0.0384252869303063,0.24133235104053935,-0.5825598216699635,0.3449022056401717,-0.6634358958231493,0.09175473315497772,1.9881729641985837,1.0,0.0,1,nb,1.0,1.0,0.002582073211669922,1.0,"{'estimator__priors': None, 'estimator__var_smoothing': 1e-09, 'estimator': GaussianNB(), 'n_jobs': None}"
class_data-2.csv,pca,3,70,0.04285714285714286,3,1.5566380509343287,0.6406993193083002,1.7763568394002505e-15,0.2031715592036066,210,1,0.11,0.0458257569495584,-8.067889626978484e+17,1.439400263930441e+18,0.0384252869303063,0.24133235104053935,-0.5825598216699635,0.3449022056401717,-0.6634358958231493,0.09175473315497772,1.9881729641985837,1.0,0.0,1,rf,1.0,1.0,0.06022787094116211,1.0,"{'estimator__bootstrap': True, 'estimator__ccp_alpha': 0.0, 'estimator__class_weight': None, 'estimator__criterion': 'gini', 'estimator__max_depth': None, 'estimator__max_features': 'sqrt', 'estimator__max_leaf_nodes': None, 'estimator__max_samples': None, 'estimator__min_impurity_decrease': 0.0, 'estimator__min_samples_leaf': 1, 'estimator__min_samples_split': 2, 'estimator__min_weight_fraction_leaf': 0.0, 'estimator__monotonic_cst': None, 'estimator__n_estimators': 100, 'estimator__n_jobs': None, 'estimator__oob_score': False, 'estimator__random_state': 42, 'estimator__verbose': 0, 'estimator__warm_start': False, 'estimator': RandomForestClassifier(random_state=42), 'n_jobs': None}"
class_data-2.csv,pca,3,70,0.04285714285714286,3,1.5566380509343287,0.6406993193083002,1.7763568394002505e-15,0.2031715592036066,210,1,0.11,0.0458257569495584,-8.067889626978484e+17,1.439400263930441e+18,0.0384252869303063,0.24133235104053935,-0.5825598216699635,0.3449022056401717,-0.6634358958231493,0.09175473315497772,1.9881729641985837,1.0,0.0,1,svc,0.9666666666666667,0.9666295884315907,0.0030059814453125,0.9666666666666667,"{'estimator__C': 0.01, 'estimator__break_ties': False, 'estimator__cache_size': 200, 'estimator__class_weight': None, 'estimator__coef0': 0.0, 'estimator__decision_function_shape': 'ovr', 'estimator__degree': 3, 'estimator__gamma': 0.1, 'estimator__kernel': 'linear', 'estimator__max_iter': -1, 'estimator__probability': False, 'estimator__random_state': 42, 'estimator__shrinking': True, 'estimator__tol': 0.001, 'estimator__verbose': False, 'estimator': SVC(C=0.01, gamma=0.1, kernel='linear', probability=False, random_state=42), 'n_jobs': None}"
class_data-2.csv,nmf,3,70,0.04285714285714286,2,3.3019158043397567,1.345934294267914,2.450072865086966,0.2719643693240388,201,1,0.02666666666666667,0.015275252316519468,60.20500845739526,7.403190583112105,0.16522552315953593,0.06680041073331389,-0.9841114321110203,0.21678772666965593,0.9097605680270355,0.008427873911877739,1.9882563570426355,1.0,0.0,1,dt,0.9666666666666667,0.9666295884315907,0.002298116683959961,0.9666666666666667,"{'estimator__ccp_alpha': 0.0, 'estimator__class_weight': None, 'estimator__criterion': 'gini', 'estimator__max_depth': None, 'estimator__max_features': None, 'estimator__max_leaf_nodes': None, 'estimator__min_impurity_decrease': 0.0, 'estimator__min_samples_leaf': 1, 'estimator__min_samples_split': 2, 'estimator__min_weight_fraction_leaf': 0.0, 'estimator__monotonic_cst': None, 'estimator__random_state': 42, 'estimator__splitter': 'best', 'estimator': DecisionTreeClassifier(random_state=42), 'n_jobs': None}"
class_data-2.csv,nmf,3,70,0.04285714285714286,2,3.3019158043397567,1.345934294267914,2.450072865086966,0.2719643693240388,201,1,0.02666666666666667,0.015275252316519468,60.20500845739526,7.403190583112105,0.16522552315953593,0.06680041073331389,-0.9841114321110203,0.21678772666965593,0.9097605680270355,0.008427873911877739,1.9882563570426355,1.0,0.0,1,lr,1.0,1.0,0.002682924270629883,1.0,"{'estimator__C': 1.0, 'estimator__class_weight': None, 'estimator__dual': False, 'estimator__fit_intercept': True, 'estimator__intercept_scaling': 1, 'estimator__l1_ratio': None, 'estimator__max_iter': 10000, 'estimator__n_jobs': None, 'estimator__penalty': 'l2', 'estimator__random_state': 42, 'estimator__solver': 'saga', 'estimator__tol': 0.0001, 'estimator__verbose': 0, 'estimator__warm_start': False, 'estimator': LogisticRegression(l1_ratio=None, max_iter=10000, penalty='l2', random_state=42,
                   solver='saga'), 'n_jobs': None}"
class_data-2.csv,nmf,3,70,0.04285714285714286,2,3.3019158043397567,1.345934294267914,2.450072865086966,0.2719643693240388,201,1,0.02666666666666667,0.015275252316519468,60.20500845739526,7.403190583112105,0.16522552315953593,0.06680041073331389,-0.9841114321110203,0.21678772666965593,0.9097605680270355,0.008427873911877739,1.9882563570426355,1.0,0.0,1,mlp,1.0,1.0,0.10663390159606934,1.0,"{'estimator__activation': 'relu', 'estimator__alpha': 0.0001, 'estimator__batch_size': 'auto', 'estimator__beta_1': 0.9, 'estimator__beta_2': 0.999, 'estimator__early_stopping': False, 'estimator__epsilon': 1e-08, 'estimator__hidden_layer_sizes': 100, 'estimator__learning_rate': 'constant', 'estimator__learning_rate_init': 0.001, 'estimator__max_fun': 15000, 'estimator__max_iter': 10000, 'estimator__momentum': 0.9, 'estimator__n_iter_no_change': 10, 'estimator__nesterovs_momentum': True, 'estimator__power_t': 0.5, 'estimator__random_state': 42, 'estimator__shuffle': True, 'estimator__solver': 'adam', 'estimator__tol': 0.0001, 'estimator__validation_fraction': 0.1, 'estimator__verbose': False, 'estimator__warm_start': False, 'estimator': MLPClassifier(hidden_layer_sizes=100, max_iter=10000, random_state=42), 'n_jobs': None}"
class_data-2.csv,nmf,3,70,0.04285714285714286,2,3.3019158043397567,1.345934294267914,2.450072865086966,0.2719643693240388,201,1,0.02666666666666667,0.015275252316519468,60.20500845739526,7.403190583112105,0.16522552315953593,0.06680041073331389,-0.9841114321110203,0.21678772666965593,0.9097605680270355,0.008427873911877739,1.9882563570426355,1.0,0.0,1,nb,1.0,1.0,0.0028429031372070312,1.0,"{'estimator__priors': None, 'estimator__var_smoothing': 1e-09, 'estimator': GaussianNB(), 'n_jobs': None}"
class_data-2.csv,nmf,3,70,0.04285714285714286,2,3.3019158043397567,1.345934294267914,2.450072865086966,0.2719643693240388,201,1,0.02666666666666667,0.015275252316519468,60.20500845739526,7.403190583112105,0.16522552315953593,0.06680041073331389,-0.9841114321110203,0.21678772666965593,0.9097605680270355,0.008427873911877739,1.9882563570426355,1.0,0.0,1,rf,1.0,1.0,0.05498385429382324,1.0,"{'estimator__bootstrap': True, 'estimator__ccp_alpha': 0.0, 'estimator__class_weight': None, 'estimator__criterion': 'gini', 'estimator__max_depth': None, 'estimator__max_features': 'sqrt', 'estimator__max_leaf_nodes': None, 'estimator__max_samples': None, 'estimator__min_impurity_decrease': 0.0, 'estimator__min_samples_leaf': 1, 'estimator__min_samples_split': 2, 'estimator__min_weight_fraction_leaf': 0.0, 'estimator__monotonic_cst': None, 'estimator__n_estimators': 100, 'estimator__n_jobs': None, 'estimator__oob_score': False, 'estimator__random_state': 42, 'estimator__verbose': 0, 'estimator__warm_start': False, 'estimator': RandomForestClassifier(random_state=42), 'n_jobs': None}"
class_data-2.csv,nmf,3,70,0.04285714285714286,2,3.3019158043397567,1.345934294267914,2.450072865086966,0.2719643693240388,201,1,0.02666666666666667,0.015275252316519468,60.20500845739526,7.403190583112105,0.16522552315953593,0.06680041073331389,-0.9841114321110203,0.21678772666965593,0.9097605680270355,0.008427873911877739,1.9882563570426355,1.0,0.0,1,svc,1.0,1.0,0.0030519962310791016,1.0,"{'estimator__C': 0.01, 'estimator__break_ties': False, 'estimator__cache_size': 200, 'estimator__class_weight': None, 'estimator__coef0': 0.0, 'estimator__decision_function_shape': 'ovr', 'estimator__degree': 3, 'estimator__gamma': 0.1, 'estimator__kernel': 'linear', 'estimator__max_iter': -1, 'estimator__probability': False, 'estimator__random_state': 42, 'estimator__shrinking': True, 'estimator__tol': 0.001, 'estimator__verbose': False, 'estimator': SVC(C=0.01, gamma=0.1, kernel='linear', probability=False, random_state=42), 'n_jobs': None}"
class_data-2.csv,none,10,70,0.14285714285714285,8,1.3688593537149616e+16,0.3597938424227394,12.314566406586348,0.10572205266205767,690,3,0.053000000000000005,0.013374935098492587,47.488182208548054,7.891919831218747,0.0636835079344331,0.1804863748593862,-0.45516867278773565,0.592543309572928,2.831993926927981,0.2580284860617649,1.996521550254994,1.0,0.0,1,dt,0.9666666666666667,0.9666295884315907,0.002500772476196289,0.9666666666666667,"{'estimator__ccp_alpha': 0.0, 'estimator__class_weight': None, 'estimator__criterion': 'gini', 'estimator__max_depth': None, 'estimator__max_features': None, 'estimator__max_leaf_nodes': None, 'estimator__min_impurity_decrease': 0.0, 'estimator__min_samples_leaf': 1, 'estimator__min_samples_split': 2, 'estimator__min_weight_fraction_leaf': 0.0, 'estimator__monotonic_cst': None, 'estimator__random_state': 42, 'estimator__splitter': 'best', 'estimator': DecisionTreeClassifier(random_state=42), 'n_jobs': None}"
class_data-2.csv,none,10,70,0.14285714285714285,8,1.3688593537149616e+16,0.3597938424227394,12.314566406586348,0.10572205266205767,690,3,0.053000000000000005,0.013374935098492587,47.488182208548054,7.891919831218747,0.0636835079344331,0.1804863748593862,-0.45516867278773565,0.592543309572928,2.831993926927981,0.2580284860617649,1.996521550254994,1.0,0.0,1,lr,1.0,1.0,0.0032167434692382812,1.0,"{'estimator__C': 1.0, 'estimator__class_weight': None, 'estimator__dual': False, 'estimator__fit_intercept': True, 'estimator__intercept_scaling': 1, 'estimator__l1_ratio': None, 'estimator__max_iter': 10000, 'estimator__n_jobs': None, 'estimator__penalty': 'l2', 'estimator__random_state': 42, 'estimator__solver': 'saga', 'estimator__tol': 0.0001, 'estimator__verbose': 0, 'estimator__warm_start': False, 'estimator': LogisticRegression(l1_ratio=None, max_iter=10000, penalty='l2', random_state=42,
                   solver='saga'), 'n_jobs': None}"
class_data-2.csv,none,10,70,0.14285714285714285,8,1.3688593537149616e+16,0.3597938424227394,12.314566406586348,0.10572205266205767,690,3,0.053000000000000005,0.013374935098492587,47.488182208548054,7.891919831218747,0.0636835079344331,0.1804863748593862,-0.45516867278773565,0.592543309572928,2.831993926927981,0.2580284860617649,1.996521550254994,1.0,0.0,1,mlp,1.0,1.0,0.09578800201416016,1.0,"{'estimator__activation': 'relu', 'estimator__alpha': 0.0001, 'estimator__batch_size': 'auto', 'estimator__beta_1': 0.9, 'estimator__beta_2': 0.999, 'estimator__early_stopping': False, 'estimator__epsilon': 1e-08, 'estimator__hidden_layer_sizes': 100, 'estimator__learning_rate': 'constant', 'estimator__learning_rate_init': 0.001, 'estimator__max_fun': 15000, 'estimator__max_iter': 10000, 'estimator__momentum': 0.9, 'estimator__n_iter_no_change': 10, 'estimator__nesterovs_momentum': True, 'estimator__power_t': 0.5, 'estimator__random_state': 42, 'estimator__shuffle': True, 'estimator__solver': 'adam', 'estimator__tol': 0.0001, 'estimator__validation_fraction': 0.1, 'estimator__verbose': False, 'estimator__warm_start': False, 'estimator': MLPClassifier(hidden_layer_sizes=100, max_iter=10000, random_state=42), 'n_jobs': None}"
class_data-2.csv,none,10,70,0.14285714285714285,8,1.3688593537149616e+16,0.3597938424227394,12.314566406586348,0.10572205266205767,690,3,0.053000000000000005,0.013374935098492587,47.488182208548054,7.891919831218747,0.0636835079344331,0.1804863748593862,-0.45516867278773565,0.592543309572928,2.831993926927981,0.2580284860617649,1.996521550254994,1.0,0.0,1,nb,0.9666666666666667,0.9666295884315907,0.0024940967559814453,0.9666666666666667,"{'estimator__priors': None, 'estimator__var_smoothing': 1e-09, 'estimator': GaussianNB(), 'n_jobs': None}"
class_data-2.csv,none,10,70,0.14285714285714285,8,1.3688593537149616e+16,0.3597938424227394,12.314566406586348,0.10572205266205767,690,3,0.053000000000000005,0.013374935098492587,47.488182208548054,7.891919831218747,0.0636835079344331,0.1804863748593862,-0.45516867278773565,0.592543309572928,2.831993926927981,0.2580284860617649,1.996521550254994,1.0,0.0,1,rf,0.9666666666666667,0.9666295884315907,0.05062580108642578,0.9666666666666667,"{'estimator__bootstrap': True, 'estimator__ccp_alpha': 0.0, 'estimator__class_weight': None, 'estimator__criterion': 'gini', 'estimator__max_depth': None, 'estimator__max_features': 'sqrt', 'estimator__max_leaf_nodes': None, 'estimator__max_samples': None, 'estimator__min_impurity_decrease': 0.0, 'estimator__min_samples_leaf': 1, 'estimator__min_samples_split': 2, 'estimator__min_weight_fraction_leaf': 0.0, 'estimator__monotonic_cst': None, 'estimator__n_estimators': 100, 'estimator__n_jobs': None, 'estimator__oob_score': False, 'estimator__random_state': 42, 'estimator__verbose': 0, 'estimator__warm_start': False, 'estimator': RandomForestClassifier(random_state=42), 'n_jobs': None}"
class_data-2.csv,none,10,70,0.14285714285714285,8,1.3688593537149616e+16,0.3597938424227394,12.314566406586348,0.10572205266205767,690,3,0.053000000000000005,0.013374935098492587,47.488182208548054,7.891919831218747,0.0636835079344331,0.1804863748593862,-0.45516867278773565,0.592543309572928,2.831993926927981,0.2580284860617649,1.996521550254994,1.0,0.0,1,svc,1.0,1.0,0.002950906753540039,1.0,"{'estimator__C': 0.01, 'estimator__break_ties': False, 'estimator__cache_size': 200, 'estimator__class_weight': None, 'estimator__coef0': 0.0, 'estimator__decision_function_shape': 'ovr', 'estimator__degree': 3, 'estimator__gamma': 0.1, 'estimator__kernel': 'linear', 'estimator__max_iter': -1, 'estimator__probability': False, 'estimator__random_state': 42, 'estimator__shrinking': True, 'estimator__tol': 0.001, 'estimator__verbose': False, 'estimator': SVC(C=0.01, gamma=0.1, kernel='linear', probability=False, random_state=42), 'n_jobs': None}"
class_data-2.csv,pca,3,70,0.04285714285714286,3,1.6552389310025102,0.6995056049026976,0.0,0.17943329052581106,210,1,0.11666666666666668,0.06429100507328636,1.1865015782115238e+18,1.6291332905767767e+18,-0.04350786909530918,0.06477873348660762,-0.6506891842802273,0.18642119541829955,-0.7064427517569295,0.09676255710079652,1.9882751060331916,1.0,0.0,2,dt,0.8333333333333334,0.8316498316498316,0.002415895462036133,0.8333333333333334,"{'estimator__ccp_alpha': 0.0, 'estimator__class_weight': None, 'estimator__criterion': 'gini', 'estimator__max_depth': None, 'estimator__max_features': None, 'estimator__max_leaf_nodes': None, 'estimator__min_impurity_decrease': 0.0, 'estimator__min_samples_leaf': 1, 'estimator__min_samples_split': 2, 'estimator__min_weight_fraction_leaf': 0.0, 'estimator__monotonic_cst': None, 'estimator__random_state': 42, 'estimator__splitter': 'best', 'estimator': DecisionTreeClassifier(random_state=42), 'n_jobs': None}"
class_data-2.csv,pca,3,70,0.04285714285714286,3,1.6552389310025102,0.6995056049026976,0.0,0.17943329052581106,210,1,0.11666666666666668,0.06429100507328636,1.1865015782115238e+18,1.6291332905767767e+18,-0.04350786909530918,0.06477873348660762,-0.6506891842802273,0.18642119541829955,-0.7064427517569295,0.09676255710079652,1.9882751060331916,1.0,0.0,2,lr,0.9333333333333333,0.9333333333333333,0.0024881362915039062,0.9333333333333333,"{'estimator__C': 1.0, 'estimator__class_weight': None, 'estimator__dual': False, 'estimator__fit_intercept': True, 'estimator__intercept_scaling': 1, 'estimator__l1_ratio': None, 'estimator__max_iter': 10000, 'estimator__n_jobs': None, 'estimator__penalty': 'l2', 'estimator__random_state': 42, 'estimator__solver': 'saga', 'estimator__tol': 0.0001, 'estimator__verbose': 0, 'estimator__warm_start': False, 'estimator': LogisticRegression(l1_ratio=None, max_iter=10000, penalty='l2', random_state=42,
                   solver='saga'), 'n_jobs': None}"
class_data-2.csv,pca,3,70,0.04285714285714286,3,1.6552389310025102,0.6995056049026976,0.0,0.17943329052581106,210,1,0.11666666666666668,0.06429100507328636,1.1865015782115238e+18,1.6291332905767767e+18,-0.04350786909530918,0.06477873348660762,-0.6506891842802273,0.18642119541829955,-0.7064427517569295,0.09676255710079652,1.9882751060331916,1.0,0.0,2,mlp,0.9333333333333333,0.9333333333333333,0.0689842700958252,0.9333333333333333,"{'estimator__activation': 'relu', 'estimator__alpha': 0.0001, 'estimator__batch_size': 'auto', 'estimator__beta_1': 0.9, 'estimator__beta_2': 0.999, 'estimator__early_stopping': False, 'estimator__epsilon': 1e-08, 'estimator__hidden_layer_sizes': 100, 'estimator__learning_rate': 'constant', 'estimator__learning_rate_init': 0.001, 'estimator__max_fun': 15000, 'estimator__max_iter': 10000, 'estimator__momentum': 0.9, 'estimator__n_iter_no_change': 10, 'estimator__nesterovs_momentum': True, 'estimator__power_t': 0.5, 'estimator__random_state': 42, 'estimator__shuffle': True, 'estimator__solver': 'adam', 'estimator__tol': 0.0001, 'estimator__validation_fraction': 0.1, 'estimator__verbose': False, 'estimator__warm_start': False, 'estimator': MLPClassifier(hidden_layer_sizes=100, max_iter=10000, random_state=42), 'n_jobs': None}"
class_data-2.csv,pca,3,70,0.04285714285714286,3,1.6552389310025102,0.6995056049026976,0.0,0.17943329052581106,210,1,0.11666666666666668,0.06429100507328636,1.1865015782115238e+18,1.6291332905767767e+18,-0.04350786909530918,0.06477873348660762,-0.6506891842802273,0.18642119541829955,-0.7064427517569295,0.09676255710079652,1.9882751060331916,1.0,0.0,2,nb,0.9,0.899888765294772,0.0023097991943359375,0.9,"{'estimator__priors': None, 'estimator__var_smoothing': 1e-09, 'estimator': GaussianNB(), 'n_jobs': None}"
class_data-2.csv,pca,3,70,0.04285714285714286,3,1.6552389310025102,0.6995056049026976,0.0,0.17943329052581106,210,1,0.11666666666666668,0.06429100507328636,1.1865015782115238e+18,1.6291332905767767e+18,-0.04350786909530918,0.06477873348660762,-0.6506891842802273,0.18642119541829955,-0.7064427517569295,0.09676255710079652,1.9882751060331916,1.0,0.0,2,rf,0.9333333333333333,0.9333333333333333,0.04961514472961426,0.9333333333333333,"{'estimator__bootstrap': True, 'estimator__ccp_alpha': 0.0, 'estimator__class_weight': None, 'estimator__criterion': 'gini', 'estimator__max_depth': None, 'estimator__max_features': 'sqrt', 'estimator__max_leaf_nodes': None, 'estimator__max_samples': None, 'estimator__min_impurity_decrease': 0.0, 'estimator__min_samples_leaf': 1, 'estimator__min_samples_split': 2, 'estimator__min_weight_fraction_leaf': 0.0, 'estimator__monotonic_cst': None, 'estimator__n_estimators': 100, 'estimator__n_jobs': None, 'estimator__oob_score': False, 'estimator__random_state': 42, 'estimator__verbose': 0, 'estimator__warm_start': False, 'estimator': RandomForestClassifier(random_state=42), 'n_jobs': None}"
class_data-2.csv,pca,3,70,0.04285714285714286,3,1.6552389310025102,0.6995056049026976,0.0,0.17943329052581106,210,1,0.11666666666666668,0.06429100507328636,1.1865015782115238e+18,1.6291332905767767e+18,-0.04350786909530918,0.06477873348660762,-0.6506891842802273,0.18642119541829955,-0.7064427517569295,0.09676255710079652,1.9882751060331916,1.0,0.0,2,svc,0.8666666666666667,0.8666666666666667,0.002862691879272461,0.8666666666666667,"{'estimator__C': 0.01, 'estimator__break_ties': False, 'estimator__cache_size': 200, 'estimator__class_weight': None, 'estimator__coef0': 0.0, 'estimator__decision_function_shape': 'ovr', 'estimator__degree': 3, 'estimator__gamma': 0.1, 'estimator__kernel': 'linear', 'estimator__max_iter': -1, 'estimator__probability': False, 'estimator__random_state': 42, 'estimator__shrinking': True, 'estimator__tol': 0.001, 'estimator__verbose': False, 'estimator': SVC(C=0.01, gamma=0.1, kernel='linear', probability=False, random_state=42), 'n_jobs': None}"
class_data-2.csv,nmf,3,70,0.04285714285714286,2,3.2416580268763435,1.347363973985315,2.7424812928909823,0.29166387748426276,203,1,0.02666666666666667,0.015275252316519468,59.34937890086348,2.3500054773105457,0.09653182222741159,0.09867217515771698,-0.957106447721768,0.1740288271693973,0.8552128323392234,0.006526014213793428,1.9881795065121453,1.0,0.0,2,dt,0.8,0.7991071428571428,0.003026247024536133,0.8,"{'estimator__ccp_alpha': 0.0, 'estimator__class_weight': None, 'estimator__criterion': 'gini', 'estimator__max_depth': None, 'estimator__max_features': None, 'estimator__max_leaf_nodes': None, 'estimator__min_impurity_decrease': 0.0, 'estimator__min_samples_leaf': 1, 'estimator__min_samples_split': 2, 'estimator__min_weight_fraction_leaf': 0.0, 'estimator__monotonic_cst': None, 'estimator__random_state': 42, 'estimator__splitter': 'best', 'estimator': DecisionTreeClassifier(random_state=42), 'n_jobs': None}"
class_data-2.csv,nmf,3,70,0.04285714285714286,2,3.2416580268763435,1.347363973985315,2.7424812928909823,0.29166387748426276,203,1,0.02666666666666667,0.015275252316519468,59.34937890086348,2.3500054773105457,0.09653182222741159,0.09867217515771698,-0.957106447721768,0.1740288271693973,0.8552128323392234,0.006526014213793428,1.9881795065121453,1.0,0.0,2,lr,0.8666666666666667,0.8660714285714285,0.0028400421142578125,0.8666666666666668,"{'estimator__C': 1.0, 'estimator__class_weight': None, 'estimator__dual': False, 'estimator__fit_intercept': True, 'estimator__intercept_scaling': 1, 'estimator__l1_ratio': None, 'estimator__max_iter': 10000, 'estimator__n_jobs': None, 'estimator__penalty': 'l2', 'estimator__random_state': 42, 'estimator__solver': 'saga', 'estimator__tol': 0.0001, 'estimator__verbose': 0, 'estimator__warm_start': False, 'estimator': LogisticRegression(l1_ratio=None, max_iter=10000, penalty='l2', random_state=42,
                   solver='saga'), 'n_jobs': None}"
class_data-2.csv,nmf,3,70,0.04285714285714286,2,3.2416580268763435,1.347363973985315,2.7424812928909823,0.29166387748426276,203,1,0.02666666666666667,0.015275252316519468,59.34937890086348,2.3500054773105457,0.09653182222741159,0.09867217515771698,-0.957106447721768,0.1740288271693973,0.8552128323392234,0.006526014213793428,1.9881795065121453,1.0,0.0,2,mlp,0.8666666666666667,0.8660714285714285,0.0975949764251709,0.8666666666666668,"{'estimator__activation': 'relu', 'estimator__alpha': 0.0001, 'estimator__batch_size': 'auto', 'estimator__beta_1': 0.9, 'estimator__beta_2': 0.999, 'estimator__early_stopping': False, 'estimator__epsilon': 1e-08, 'estimator__hidden_layer_sizes': 100, 'estimator__learning_rate': 'constant', 'estimator__learning_rate_init': 0.001, 'estimator__max_fun': 15000, 'estimator__max_iter': 10000, 'estimator__momentum': 0.9, 'estimator__n_iter_no_change': 10, 'estimator__nesterovs_momentum': True, 'estimator__power_t': 0.5, 'estimator__random_state': 42, 'estimator__shuffle': True, 'estimator__solver': 'adam', 'estimator__tol': 0.0001, 'estimator__validation_fraction': 0.1, 'estimator__verbose': False, 'estimator__warm_start': False, 'estimator': MLPClassifier(hidden_layer_sizes=100, max_iter=10000, random_state=42), 'n_jobs': None}"
class_data-2.csv,nmf,3,70,0.04285714285714286,2,3.2416580268763435,1.347363973985315,2.7424812928909823,0.29166387748426276,203,1,0.02666666666666667,0.015275252316519468,59.34937890086348,2.3500054773105457,0.09653182222741159,0.09867217515771698,-0.957106447721768,0.1740288271693973,0.8552128323392234,0.006526014213793428,1.9881795065121453,1.0,0.0,2,nb,0.9,0.899888765294772,0.002544879913330078,0.9,"{'estimator__priors': None, 'estimator__var_smoothing': 1e-09, 'estimator': GaussianNB(), 'n_jobs': None}"
class_data-2.csv,nmf,3,70,0.04285714285714286,2,3.2416580268763435,1.347363973985315,2.7424812928909823,0.29166387748426276,203,1,0.02666666666666667,0.015275252316519468,59.34937890086348,2.3500054773105457,0.09653182222741159,0.09867217515771698,-0.957106447721768,0.1740288271693973,0.8552128323392234,0.006526014213793428,1.9881795065121453,1.0,0.0,2,rf,0.8,0.7991071428571428,0.0608820915222168,0.8,"{'estimator__bootstrap': True, 'estimator__ccp_alpha': 0.0, 'estimator__class_weight': None, 'estimator__criterion': 'gini', 'estimator__max_depth': None, 'estimator__max_features': 'sqrt', 'estimator__max_leaf_nodes': None, 'estimator__max_samples': None, 'estimator__min_impurity_decrease': 0.0, 'estimator__min_samples_leaf': 1, 'estimator__min_samples_split': 2, 'estimator__min_weight_fraction_leaf': 0.0, 'estimator__monotonic_cst': None, 'estimator__n_estimators': 100, 'estimator__n_jobs': None, 'estimator__oob_score': False, 'estimator__random_state': 42, 'estimator__verbose': 0, 'estimator__warm_start': False, 'estimator': RandomForestClassifier(random_state=42), 'n_jobs': None}"
class_data-2.csv,nmf,3,70,0.04285714285714286,2,3.2416580268763435,1.347363973985315,2.7424812928909823,0.29166387748426276,203,1,0.02666666666666667,0.015275252316519468,59.34937890086348,2.3500054773105457,0.09653182222741159,0.09867217515771698,-0.957106447721768,0.1740288271693973,0.8552128323392234,0.006526014213793428,1.9881795065121453,1.0,0.0,2,svc,0.9,0.899888765294772,0.0033211708068847656,0.9,"{'estimator__C': 0.01, 'estimator__break_ties': False, 'estimator__cache_size': 200, 'estimator__class_weight': None, 'estimator__coef0': 0.0, 'estimator__decision_function_shape': 'ovr', 'estimator__degree': 3, 'estimator__gamma': 0.1, 'estimator__kernel': 'linear', 'estimator__max_iter': -1, 'estimator__probability': False, 'estimator__random_state': 42, 'estimator__shrinking': True, 'estimator__tol': 0.001, 'estimator__verbose': False, 'estimator': SVC(C=0.01, gamma=0.1, kernel='linear', probability=False, random_state=42), 'n_jobs': None}"
class_data-2.csv,none,10,70,0.14285714285714285,8,1.1453392673817012e+16,0.39921190875371876,14.142252664627094,0.10833329338490769,690,3,0.05500000000000001,0.015092308563562362,46.62158233016416,6.474784200026626,-0.0037761494475258145,0.14381041524924232,-0.4315337570386011,0.7273635555840551,2.857680963624067,0.23441104746411634,1.996534921585193,1.0,0.0,2,dt,0.9666666666666667,0.9666295884315907,0.0027692317962646484,0.9666666666666667,"{'estimator__ccp_alpha': 0.0, 'estimator__class_weight': None, 'estimator__criterion': 'gini', 'estimator__max_depth': None, 'estimator__max_features': None, 'estimator__max_leaf_nodes': None, 'estimator__min_impurity_decrease': 0.0, 'estimator__min_samples_leaf': 1, 'estimator__min_samples_split': 2, 'estimator__min_weight_fraction_leaf': 0.0, 'estimator__monotonic_cst': None, 'estimator__random_state': 42, 'estimator__splitter': 'best', 'estimator': DecisionTreeClassifier(random_state=42), 'n_jobs': None}"
class_data-2.csv,none,10,70,0.14285714285714285,8,1.1453392673817012e+16,0.39921190875371876,14.142252664627094,0.10833329338490769,690,3,0.05500000000000001,0.015092308563562362,46.62158233016416,6.474784200026626,-0.0037761494475258145,0.14381041524924232,-0.4315337570386011,0.7273635555840551,2.857680963624067,0.23441104746411634,1.996534921585193,1.0,0.0,2,lr,0.9333333333333333,0.9333333333333333,0.0029611587524414062,0.9333333333333333,"{'estimator__C': 1.0, 'estimator__class_weight': None, 'estimator__dual': False, 'estimator__fit_intercept': True, 'estimator__intercept_scaling': 1, 'estimator__l1_ratio': None, 'estimator__max_iter': 10000, 'estimator__n_jobs': None, 'estimator__penalty': 'l2', 'estimator__random_state': 42, 'estimator__solver': 'saga', 'estimator__tol': 0.0001, 'estimator__verbose': 0, 'estimator__warm_start': False, 'estimator': LogisticRegression(l1_ratio=None, max_iter=10000, penalty='l2', random_state=42,
                   solver='saga'), 'n_jobs': None}"
class_data-2.csv,none,10,70,0.14285714285714285,8,1.1453392673817012e+16,0.39921190875371876,14.142252664627094,0.10833329338490769,690,3,0.05500000000000001,0.015092308563562362,46.62158233016416,6.474784200026626,-0.0037761494475258145,0.14381041524924232,-0.4315337570386011,0.7273635555840551,2.857680963624067,0.23441104746411634,1.996534921585193,1.0,0.0,2,mlp,0.9333333333333333,0.9333333333333333,0.09579014778137207,0.9333333333333333,"{'estimator__activation': 'relu', 'estimator__alpha': 0.0001, 'estimator__batch_size': 'auto', 'estimator__beta_1': 0.9, 'estimator__beta_2': 0.999, 'estimator__early_stopping': False, 'estimator__epsilon': 1e-08, 'estimator__hidden_layer_sizes': 100, 'estimator__learning_rate': 'constant', 'estimator__learning_rate_init': 0.001, 'estimator__max_fun': 15000, 'estimator__max_iter': 10000, 'estimator__momentum': 0.9, 'estimator__n_iter_no_change': 10, 'estimator__nesterovs_momentum': True, 'estimator__power_t': 0.5, 'estimator__random_state': 42, 'estimator__shuffle': True, 'estimator__solver': 'adam', 'estimator__tol': 0.0001, 'estimator__validation_fraction': 0.1, 'estimator__verbose': False, 'estimator__warm_start': False, 'estimator': MLPClassifier(hidden_layer_sizes=100, max_iter=10000, random_state=42), 'n_jobs': None}"
class_data-2.csv,none,10,70,0.14285714285714285,8,1.1453392673817012e+16,0.39921190875371876,14.142252664627094,0.10833329338490769,690,3,0.05500000000000001,0.015092308563562362,46.62158233016416,6.474784200026626,-0.0037761494475258145,0.14381041524924232,-0.4315337570386011,0.7273635555840551,2.857680963624067,0.23441104746411634,1.996534921585193,1.0,0.0,2,nb,0.9,0.899888765294772,0.0028040409088134766,0.9,"{'estimator__priors': None, 'estimator__var_smoothing': 1e-09, 'estimator': GaussianNB(), 'n_jobs': None}"
class_data-2.csv,none,10,70,0.14285714285714285,8,1.1453392673817012e+16,0.39921190875371876,14.142252664627094,0.10833329338490769,690,3,0.05500000000000001,0.015092308563562362,46.62158233016416,6.474784200026626,-0.0037761494475258145,0.14381041524924232,-0.4315337570386011,0.7273635555840551,2.857680963624067,0.23441104746411634,1.996534921585193,1.0,0.0,2,rf,0.9666666666666667,0.9666295884315907,0.061747074127197266,0.9666666666666667,"{'estimator__bootstrap': True, 'estimator__ccp_alpha': 0.0, 'estimator__class_weight': None, 'estimator__criterion': 'gini', 'estimator__max_depth': None, 'estimator__max_features': 'sqrt', 'estimator__max_leaf_nodes': None, 'estimator__max_samples': None, 'estimator__min_impurity_decrease': 0.0, 'estimator__min_samples_leaf': 1, 'estimator__min_samples_split': 2, 'estimator__min_weight_fraction_leaf': 0.0, 'estimator__monotonic_cst': None, 'estimator__n_estimators': 100, 'estimator__n_jobs': None, 'estimator__oob_score': False, 'estimator__random_state': 42, 'estimator__verbose': 0, 'estimator__warm_start': False, 'estimator': RandomForestClassifier(random_state=42), 'n_jobs': None}"
class_data-2.csv,none,10,70,0.14285714285714285,8,1.1453392673817012e+16,0.39921190875371876,14.142252664627094,0.10833329338490769,690,3,0.05500000000000001,0.015092308563562362,46.62158233016416,6.474784200026626,-0.0037761494475258145,0.14381041524924232,-0.4315337570386011,0.7273635555840551,2.857680963624067,0.23441104746411634,1.996534921585193,1.0,0.0,2,svc,0.8666666666666667,0.8666666666666667,0.0032372474670410156,0.8666666666666667,"{'estimator__C': 0.01, 'estimator__break_ties': False, 'estimator__cache_size': 200, 'estimator__class_weight': None, 'estimator__coef0': 0.0, 'estimator__decision_function_shape': 'ovr', 'estimator__degree': 3, 'estimator__gamma': 0.1, 'estimator__kernel': 'linear', 'estimator__max_iter': -1, 'estimator__probability': False, 'estimator__random_state': 42, 'estimator__shrinking': True, 'estimator__tol': 0.001, 'estimator__verbose': False, 'estimator': SVC(C=0.01, gamma=0.1, kernel='linear', probability=False, random_state=42), 'n_jobs': None}"
class_data-3.csv,pca,3,70,0.04285714285714286,3,1.8483592436271898,0.12235442555232852,8.881784197001252e-16,0.019208539065129388,210,1,0.12333333333333335,0.09237604307034013,-9.61991294245163e+17,1.1683268548132762e+18,-0.18222761933767662,0.2086334300294937,-0.24533625676256424,0.6865607341633514,-0.639406159714987,0.06540888832337079,1.9883365519133913,0.8980587934501658,0.0,1,dt,0.6,0.6076555023923444,0.0023386478424072266,0.575,"{'estimator__ccp_alpha': 0.0, 'estimator__class_weight': None, 'estimator__criterion': 'gini', 'estimator__max_depth': None, 'estimator__max_features': None, 'estimator__max_leaf_nodes': None, 'estimator__min_impurity_decrease': 0.0, 'estimator__min_samples_leaf': 1, 'estimator__min_samples_split': 2, 'estimator__min_weight_fraction_leaf': 0.0, 'estimator__monotonic_cst': None, 'estimator__random_state': 42, 'estimator__splitter': 'best', 'estimator': DecisionTreeClassifier(random_state=42), 'n_jobs': None}"
class_data-3.csv,pca,3,70,0.04285714285714286,3,1.8483592436271898,0.12235442555232852,8.881784197001252e-16,0.019208539065129388,210,1,0.12333333333333335,0.09237604307034013,-9.61991294245163e+17,1.1683268548132762e+18,-0.18222761933767662,0.2086334300294937,-0.24533625676256424,0.6865607341633514,-0.639406159714987,0.06540888832337079,1.9883365519133913,0.8980587934501658,0.0,1,lr,0.6666666666666666,0.5333333333333333,0.002713918685913086,0.5,"{'estimator__C': 1.0, 'estimator__class_weight': None, 'estimator__dual': False, 'estimator__fit_intercept': True, 'estimator__intercept_scaling': 1, 'estimator__l1_ratio': None, 'estimator__max_iter': 10000, 'estimator__n_jobs': None, 'estimator__penalty': 'l2', 'estimator__random_state': 42, 'estimator__solver': 'saga', 'estimator__tol': 0.0001, 'estimator__verbose': 0, 'estimator__warm_start': False, 'estimator': LogisticRegression(l1_ratio=None, max_iter=10000, penalty='l2', random_state=42,
                   solver='saga'), 'n_jobs': None}"
class_data-3.csv,pca,3,70,0.04285714285714286,3,1.8483592436271898,0.12235442555232852,8.881784197001252e-16,0.019208539065129388,210,1,0.12333333333333335,0.09237604307034013,-9.61991294245163e+17,1.1683268548132762e+18,-0.18222761933767662,0.2086334300294937,-0.24533625676256424,0.6865607341633514,-0.639406159714987,0.06540888832337079,1.9883365519133913,0.8980587934501658,0.0,1,mlp,0.7,0.7032967032967032,0.28142595291137695,0.675,"{'estimator__activation': 'relu', 'estimator__alpha': 0.0001, 'estimator__batch_size': 'auto', 'estimator__beta_1': 0.9, 'estimator__beta_2': 0.999, 'estimator__early_stopping': False, 'estimator__epsilon': 1e-08, 'estimator__hidden_layer_sizes': 100, 'estimator__learning_rate': 'constant', 'estimator__learning_rate_init': 0.001, 'estimator__max_fun': 15000, 'estimator__max_iter': 10000, 'estimator__momentum': 0.9, 'estimator__n_iter_no_change': 10, 'estimator__nesterovs_momentum': True, 'estimator__power_t': 0.5, 'estimator__random_state': 42, 'estimator__shuffle': True, 'estimator__solver': 'adam', 'estimator__tol': 0.0001, 'estimator__validation_fraction': 0.1, 'estimator__verbose': False, 'estimator__warm_start': False, 'estimator': MLPClassifier(hidden_layer_sizes=100, max_iter=10000, random_state=42), 'n_jobs': None}"
class_data-3.csv,pca,3,70,0.04285714285714286,3,1.8483592436271898,0.12235442555232852,8.881784197001252e-16,0.019208539065129388,210,1,0.12333333333333335,0.09237604307034013,-9.61991294245163e+17,1.1683268548132762e+18,-0.18222761933767662,0.2086334300294937,-0.24533625676256424,0.6865607341633514,-0.639406159714987,0.06540888832337079,1.9883365519133913,0.8980587934501658,0.0,1,nb,0.6,0.5873015873015873,0.0027070045471191406,0.525,"{'estimator__priors': None, 'estimator__var_smoothing': 1e-09, 'estimator': GaussianNB(), 'n_jobs': None}"
class_data-3.csv,pca,3,70,0.04285714285714286,3,1.8483592436271898,0.12235442555232852,8.881784197001252e-16,0.019208539065129388,210,1,0.12333333333333335,0.09237604307034013,-9.61991294245163e+17,1.1683268548132762e+18,-0.18222761933767662,0.2086334300294937,-0.24533625676256424,0.6865607341633514,-0.639406159714987,0.06540888832337079,1.9883365519133913,0.8980587934501658,0.0,1,rf,0.7333333333333333,0.7248677248677249,0.05484604835510254,0.675,"{'estimator__bootstrap': True, 'estimator__ccp_alpha': 0.0, 'estimator__class_weight': None, 'estimator__criterion': 'gini', 'estimator__max_depth': None, 'estimator__max_features': 'sqrt', 'estimator__max_leaf_nodes': None, 'estimator__max_samples': None, 'estimator__min_impurity_decrease': 0.0, 'estimator__min_samples_leaf': 1, 'estimator__min_samples_split': 2, 'estimator__min_weight_fraction_leaf': 0.0, 'estimator__monotonic_cst': None, 'estimator__n_estimators': 100, 'estimator__n_jobs': None, 'estimator__oob_score': False, 'estimator__random_state': 42, 'estimator__verbose': 0, 'estimator__warm_start': False, 'estimator': RandomForestClassifier(random_state=42), 'n_jobs': None}"
class_data-3.csv,pca,3,70,0.04285714285714286,3,1.8483592436271898,0.12235442555232852,8.881784197001252e-16,0.019208539065129388,210,1,0.12333333333333335,0.09237604307034013,-9.61991294245163e+17,1.1683268548132762e+18,-0.18222761933767662,0.2086334300294937,-0.24533625676256424,0.6865607341633514,-0.639406159714987,0.06540888832337079,1.9883365519133913,0.8980587934501658,0.0,1,svc,0.6666666666666666,0.5333333333333333,0.0028259754180908203,0.5,"{'estimator__C': 0.01, 'estimator__break_ties': False, 'estimator__cache_size': 200, 'estimator__class_weight': None, 'estimator__coef0': 0.0, 'estimator__decision_function_shape': 'ovr', 'estimator__degree': 3, 'estimator__gamma': 0.1, 'estimator__kernel': 'linear', 'estimator__max_iter': -1, 'estimator__probability': False, 'estimator__random_state': 42, 'estimator__shrinking': True, 'estimator__tol': 0.001, 'estimator__verbose': False, 'estimator': SVC(C=0.01, gamma=0.1, kernel='linear', probability=False, random_state=42), 'n_jobs': None}"
class_data-3.csv,nmf,3,70,0.04285714285714286,2,3.277847059165911,0.096384912220582,2.609656504147482,0.1196634167905782,199,1,0.023333333333333334,0.011547005383792514,60.05097143627538,9.1514935256381,0.1940881925574757,0.5217013641538643,-0.1377054965168488,0.8233232149747743,0.9030738880027785,0.006496174332849562,1.9884408252286354,0.8980587934501658,0.0,1,dt,0.7333333333333333,0.7121212121212122,0.0028917789459228516,0.65,"{'estimator__ccp_alpha': 0.0, 'estimator__class_weight': None, 'estimator__criterion': 'gini', 'estimator__max_depth': None, 'estimator__max_features': None, 'estimator__max_leaf_nodes': None, 'estimator__min_impurity_decrease': 0.0, 'estimator__min_samples_leaf': 1, 'estimator__min_samples_split': 2, 'estimator__min_weight_fraction_leaf': 0.0, 'estimator__monotonic_cst': None, 'estimator__random_state': 42, 'estimator__splitter': 'best', 'estimator': DecisionTreeClassifier(random_state=42), 'n_jobs': None}"
class_data-3.csv,nmf,3,70,0.04285714285714286,2,3.277847059165911,0.096384912220582,2.609656504147482,0.1196634167905782,199,1,0.023333333333333334,0.011547005383792514,60.05097143627538,9.1514935256381,0.1940881925574757,0.5217013641538643,-0.1377054965168488,0.8233232149747743,0.9030738880027785,0.006496174332849562,1.9884408252286354,0.8980587934501658,0.0,1,lr,0.6666666666666666,0.5333333333333333,0.0026330947875976562,0.5,"{'estimator__C': 1.0, 'estimator__class_weight': None, 'estimator__dual': False, 'estimator__fit_intercept': True, 'estimator__intercept_scaling': 1, 'estimator__l1_ratio': None, 'estimator__max_iter': 10000, 'estimator__n_jobs': None, 'estimator__penalty': 'l2', 'estimator__random_state': 42, 'estimator__solver': 'saga', 'estimator__tol': 0.0001, 'estimator__verbose': 0, 'estimator__warm_start': False, 'estimator': LogisticRegression(l1_ratio=None, max_iter=10000, penalty='l2', random_state=42,
                   solver='saga'), 'n_jobs': None}"
class_data-3.csv,nmf,3,70,0.04285714285714286,2,3.277847059165911,0.096384912220582,2.609656504147482,0.1196634167905782,199,1,0.023333333333333334,0.011547005383792514,60.05097143627538,9.1514935256381,0.1940881925574757,0.5217013641538643,-0.1377054965168488,0.8233232149747743,0.9030738880027785,0.006496174332849562,1.9884408252286354,0.8980587934501658,0.0,1,mlp,0.8,0.7936507936507937,0.1562187671661377,0.75,"{'estimator__activation': 'relu', 'estimator__alpha': 0.0001, 'estimator__batch_size': 'auto', 'estimator__beta_1': 0.9, 'estimator__beta_2': 0.999, 'estimator__early_stopping': False, 'estimator__epsilon': 1e-08, 'estimator__hidden_layer_sizes': 100, 'estimator__learning_rate': 'constant', 'estimator__learning_rate_init': 0.001, 'estimator__max_fun': 15000, 'estimator__max_iter': 10000, 'estimator__momentum': 0.9, 'estimator__n_iter_no_change': 10, 'estimator__nesterovs_momentum': True, 'estimator__power_t': 0.5, 'estimator__random_state': 42, 'estimator__shuffle': True, 'estimator__solver': 'adam', 'estimator__tol': 0.0001, 'estimator__validation_fraction': 0.1, 'estimator__verbose': False, 'estimator__warm_start': False, 'estimator': MLPClassifier(hidden_layer_sizes=100, max_iter=10000, random_state=42), 'n_jobs': None}"
class_data-3.csv,nmf,3,70,0.04285714285714286,2,3.277847059165911,0.096384912220582,2.609656504147482,0.1196634167905782,199,1,0.023333333333333334,0.011547005383792514,60.05097143627538,9.1514935256381,0.1940881925574757,0.5217013641538643,-0.1377054965168488,0.8233232149747743,0.9030738880027785,0.006496174332849562,1.9884408252286354,0.8980587934501658,0.0,1,nb,0.6666666666666666,0.6666666666666666,0.0021708011627197266,0.625,"{'estimator__priors': None, 'estimator__var_smoothing': 1e-09, 'estimator': GaussianNB(), 'n_jobs': None}"
class_data-3.csv,nmf,3,70,0.04285714285714286,2,3.277847059165911,0.096384912220582,2.609656504147482,0.1196634167905782,199,1,0.023333333333333334,0.011547005383792514,60.05097143627538,9.1514935256381,0.1940881925574757,0.5217013641538643,-0.1377054965168488,0.8233232149747743,0.9030738880027785,0.006496174332849562,1.9884408252286354,0.8980587934501658,0.0,1,rf,0.8333333333333334,0.8244414044687642,0.060365915298461914,0.7749999999999999,"{'estimator__bootstrap': True, 'estimator__ccp_alpha': 0.0, 'estimator__class_weight': None, 'estimator__criterion': 'gini', 'estimator__max_depth': None, 'estimator__max_features': 'sqrt', 'estimator__max_leaf_nodes': None, 'estimator__max_samples': None, 'estimator__min_impurity_decrease': 0.0, 'estimator__min_samples_leaf': 1, 'estimator__min_samples_split': 2, 'estimator__min_weight_fraction_leaf': 0.0, 'estimator__monotonic_cst': None, 'estimator__n_estimators': 100, 'estimator__n_jobs': None, 'estimator__oob_score': False, 'estimator__random_state': 42, 'estimator__verbose': 0, 'estimator__warm_start': False, 'estimator': RandomForestClassifier(random_state=42), 'n_jobs': None}"
class_data-3.csv,nmf,3,70,0.04285714285714286,2,3.277847059165911,0.096384912220582,2.609656504147482,0.1196634167905782,199,1,0.023333333333333334,0.011547005383792514,60.05097143627538,9.1514935256381,0.1940881925574757,0.5217013641538643,-0.1377054965168488,0.8233232149747743,0.9030738880027785,0.006496174332849562,1.9884408252286354,0.8980587934501658,0.0,1,svc,0.6666666666666666,0.5333333333333333,0.003326892852783203,0.5,"{'estimator__C': 0.01, 'estimator__break_ties': False, 'estimator__cache_size': 200, 'estimator__class_weight': None, 'estimator__coef0': 0.0, 'estimator__decision_function_shape': 'ovr', 'estimator__degree': 3, 'estimator__gamma': 0.1, 'estimator__kernel': 'linear', 'estimator__max_iter': -1, 'estimator__probability': False, 'estimator__random_state': 42, 'estimator__shrinking': True, 'estimator__tol': 0.001, 'estimator__verbose': False, 'estimator': SVC(C=0.01, gamma=0.1, kernel='linear', probability=False, random_state=42), 'n_jobs': None}"
class_data-3.csv,none,10,70,0.14285714285714285,8,1.9126432266730348e+16,0.09891169062263463,20.781159496274952,0.02968099865845917,690,3,0.05500000000000001,0.011785113019775794,44.072721956195565,6.9320134606765285,-0.13214644908484036,0.306998164296494,-0.48916176997250194,0.36436010154013343,2.956100132821256,0.19640484105074885,1.9965267264725413,0.8980587934501658,0.0,1,dt,0.6666666666666666,0.6730462519936203,0.002704143524169922,0.65,"{'estimator__ccp_alpha': 0.0, 'estimator__class_weight': None, 'estimator__criterion': 'gini', 'estimator__max_depth': None, 'estimator__max_features': None, 'estimator__max_leaf_nodes': None, 'estimator__min_impurity_decrease': 0.0, 'estimator__min_samples_leaf': 1, 'estimator__min_samples_split': 2, 'estimator__min_weight_fraction_leaf': 0.0, 'estimator__monotonic_cst': None, 'estimator__random_state': 42, 'estimator__splitter': 'best', 'estimator': DecisionTreeClassifier(random_state=42), 'n_jobs': None}"
class_data-3.csv,none,10,70,0.14285714285714285,8,1.9126432266730348e+16,0.09891169062263463,20.781159496274952,0.02968099865845917,690,3,0.05500000000000001,0.011785113019775794,44.072721956195565,6.9320134606765285,-0.13214644908484036,0.306998164296494,-0.48916176997250194,0.36436010154013343,2.956100132821256,0.19640484105074885,1.9965267264725413,0.8980587934501658,0.0,1,lr,0.7333333333333333,0.6666666666666666,0.003098011016845703,0.6,"{'estimator__C': 1.0, 'estimator__class_weight': None, 'estimator__dual': False, 'estimator__fit_intercept': True, 'estimator__intercept_scaling': 1, 'estimator__l1_ratio': None, 'estimator__max_iter': 10000, 'estimator__n_jobs': None, 'estimator__penalty': 'l2', 'estimator__random_state': 42, 'estimator__solver': 'saga', 'estimator__tol': 0.0001, 'estimator__verbose': 0, 'estimator__warm_start': False, 'estimator': LogisticRegression(l1_ratio=None, max_iter=10000, penalty='l2', random_state=42,
                   solver='saga'), 'n_jobs': None}"
class_data-3.csv,none,10,70,0.14285714285714285,8,1.9126432266730348e+16,0.09891169062263463,20.781159496274952,0.02968099865845917,690,3,0.05500000000000001,0.011785113019775794,44.072721956195565,6.9320134606765285,-0.13214644908484036,0.306998164296494,-0.48916176997250194,0.36436010154013343,2.956100132821256,0.19640484105074885,1.9965267264725413,0.8980587934501658,0.0,1,mlp,0.8666666666666667,0.8666666666666667,0.19449591636657715,0.85,"{'estimator__activation': 'relu', 'estimator__alpha': 0.0001, 'estimator__batch_size': 'auto', 'estimator__beta_1': 0.9, 'estimator__beta_2': 0.999, 'estimator__early_stopping': False, 'estimator__epsilon': 1e-08, 'estimator__hidden_layer_sizes': 100, 'estimator__learning_rate': 'constant', 'estimator__learning_rate_init': 0.001, 'estimator__max_fun': 15000, 'estimator__max_iter': 10000, 'estimator__momentum': 0.9, 'estimator__n_iter_no_change': 10, 'estimator__nesterovs_momentum': True, 'estimator__power_t': 0.5, 'estimator__random_state': 42, 'estimator__shuffle': True, 'estimator__solver': 'adam', 'estimator__tol': 0.0001, 'estimator__validation_fraction': 0.1, 'estimator__verbose': False, 'estimator__warm_start': False, 'estimator': MLPClassifier(hidden_layer_sizes=100, max_iter=10000, random_state=42), 'n_jobs': None}"
class_data-3.csv,none,10,70,0.14285714285714285,8,1.9126432266730348e+16,0.09891169062263463,20.781159496274952,0.02968099865845917,690,3,0.05500000000000001,0.011785113019775794,44.072721956195565,6.9320134606765285,-0.13214644908484036,0.306998164296494,-0.48916176997250194,0.36436010154013343,2.956100132821256,0.19640484105074885,1.9965267264725413,0.8980587934501658,0.0,1,nb,0.7666666666666667,0.75421796625627,0.0021729469299316406,0.7,"{'estimator__priors': None, 'estimator__var_smoothing': 1e-09, 'estimator': GaussianNB(), 'n_jobs': None}"
class_data-3.csv,none,10,70,0.14285714285714285,8,1.9126432266730348e+16,0.09891169062263463,20.781159496274952,0.02968099865845917,690,3,0.05500000000000001,0.011785113019775794,44.072721956195565,6.9320134606765285,-0.13214644908484036,0.306998164296494,-0.48916176997250194,0.36436010154013343,2.956100132821256,0.19640484105074885,1.9965267264725413,0.8980587934501658,0.0,1,rf,0.8,0.7840909090909091,0.06327986717224121,0.725,"{'estimator__bootstrap': True, 'estimator__ccp_alpha': 0.0, 'estimator__class_weight': None, 'estimator__criterion': 'gini', 'estimator__max_depth': None, 'estimator__max_features': 'sqrt', 'estimator__max_leaf_nodes': None, 'estimator__max_samples': None, 'estimator__min_impurity_decrease': 0.0, 'estimator__min_samples_leaf': 1, 'estimator__min_samples_split': 2, 'estimator__min_weight_fraction_leaf': 0.0, 'estimator__monotonic_cst': None, 'estimator__n_estimators': 100, 'estimator__n_jobs': None, 'estimator__oob_score': False, 'estimator__random_state': 42, 'estimator__verbose': 0, 'estimator__warm_start': False, 'estimator': RandomForestClassifier(random_state=42), 'n_jobs': None}"
class_data-3.csv,none,10,70,0.14285714285714285,8,1.9126432266730348e+16,0.09891169062263463,20.781159496274952,0.02968099865845917,690,3,0.05500000000000001,0.011785113019775794,44.072721956195565,6.9320134606765285,-0.13214644908484036,0.306998164296494,-0.48916176997250194,0.36436010154013343,2.956100132821256,0.19640484105074885,1.9965267264725413,0.8980587934501658,0.0,1,svc,0.6666666666666666,0.5333333333333333,0.003231048583984375,0.5,"{'estimator__C': 0.01, 'estimator__break_ties': False, 'estimator__cache_size': 200, 'estimator__class_weight': None, 'estimator__coef0': 0.0, 'estimator__decision_function_shape': 'ovr', 'estimator__degree': 3, 'estimator__gamma': 0.1, 'estimator__kernel': 'linear', 'estimator__max_iter': -1, 'estimator__probability': False, 'estimator__random_state': 42, 'estimator__shrinking': True, 'estimator__tol': 0.001, 'estimator__verbose': False, 'estimator': SVC(C=0.01, gamma=0.1, kernel='linear', probability=False, random_state=42), 'n_jobs': None}"
class_data-3.csv,pca,3,70,0.04285714285714286,3,1.757951042987487,0.0962119342356335,0.0,0.05548996023376884,210,1,0.10666666666666667,0.07234178138070235,1.021513237896483e+18,9.416847442880928e+17,-0.41226166821734117,0.28317817139339885,-0.036436904718059715,0.855875778920158,-0.5952766255403634,0.07317845337032776,1.9882166484005397,0.8980587934501658,0.0,2,dt,0.5666666666666667,0.5605477107402653,0.0025420188903808594,0.5,"{'estimator__ccp_alpha': 0.0, 'estimator__class_weight': None, 'estimator__criterion': 'gini', 'estimator__max_depth': None, 'estimator__max_features': None, 'estimator__max_leaf_nodes': None, 'estimator__min_impurity_decrease': 0.0, 'estimator__min_samples_leaf': 1, 'estimator__min_samples_split': 2, 'estimator__min_weight_fraction_leaf': 0.0, 'estimator__monotonic_cst': None, 'estimator__random_state': 42, 'estimator__splitter': 'best', 'estimator': DecisionTreeClassifier(random_state=42), 'n_jobs': None}"
class_data-3.csv,pca,3,70,0.04285714285714286,3,1.757951042987487,0.0962119342356335,0.0,0.05548996023376884,210,1,0.10666666666666667,0.07234178138070235,1.021513237896483e+18,9.416847442880928e+17,-0.41226166821734117,0.28317817139339885,-0.036436904718059715,0.855875778920158,-0.5952766255403634,0.07317845337032776,1.9882166484005397,0.8980587934501658,0.0,2,lr,0.6666666666666666,0.5833333333333334,0.002362966537475586,0.5249999999999999,"{'estimator__C': 1.0, 'estimator__class_weight': None, 'estimator__dual': False, 'estimator__fit_intercept': True, 'estimator__intercept_scaling': 1, 'estimator__l1_ratio': None, 'estimator__max_iter': 10000, 'estimator__n_jobs': None, 'estimator__penalty': 'l2', 'estimator__random_state': 42, 'estimator__solver': 'saga', 'estimator__tol': 0.0001, 'estimator__verbose': 0, 'estimator__warm_start': False, 'estimator': LogisticRegression(l1_ratio=None, max_iter=10000, penalty='l2', random_state=42,
                   solver='saga'), 'n_jobs': None}"
class_data-3.csv,pca,3,70,0.04285714285714286,3,1.757951042987487,0.0962119342356335,0.0,0.05548996023376884,210,1,0.10666666666666667,0.07234178138070235,1.021513237896483e+18,9.416847442880928e+17,-0.41226166821734117,0.28317817139339885,-0.036436904718059715,0.855875778920158,-0.5952766255403634,0.07317845337032776,1.9882166484005397,0.8980587934501658,0.0,2,mlp,0.6,0.5873015873015873,0.2911860942840576,0.525,"{'estimator__activation': 'relu', 'estimator__alpha': 0.0001, 'estimator__batch_size': 'auto', 'estimator__beta_1': 0.9, 'estimator__beta_2': 0.999, 'estimator__early_stopping': False, 'estimator__epsilon': 1e-08, 'estimator__hidden_layer_sizes': 100, 'estimator__learning_rate': 'constant', 'estimator__learning_rate_init': 0.001, 'estimator__max_fun': 15000, 'estimator__max_iter': 10000, 'estimator__momentum': 0.9, 'estimator__n_iter_no_change': 10, 'estimator__nesterovs_momentum': True, 'estimator__power_t': 0.5, 'estimator__random_state': 42, 'estimator__shuffle': True, 'estimator__solver': 'adam', 'estimator__tol': 0.0001, 'estimator__validation_fraction': 0.1, 'estimator__verbose': False, 'estimator__warm_start': False, 'estimator': MLPClassifier(hidden_layer_sizes=100, max_iter=10000, random_state=42), 'n_jobs': None}"
class_data-3.csv,pca,3,70,0.04285714285714286,3,1.757951042987487,0.0962119342356335,0.0,0.05548996023376884,210,1,0.10666666666666667,0.07234178138070235,1.021513237896483e+18,9.416847442880928e+17,-0.41226166821734117,0.28317817139339885,-0.036436904718059715,0.855875778920158,-0.5952766255403634,0.07317845337032776,1.9882166484005397,0.8980587934501658,0.0,2,nb,0.7333333333333333,0.6935817805383022,0.002620220184326172,0.625,"{'estimator__priors': None, 'estimator__var_smoothing': 1e-09, 'estimator': GaussianNB(), 'n_jobs': None}"
class_data-3.csv,pca,3,70,0.04285714285714286,3,1.757951042987487,0.0962119342356335,0.0,0.05548996023376884,210,1,0.10666666666666667,0.07234178138070235,1.021513237896483e+18,9.416847442880928e+17,-0.41226166821734117,0.28317817139339885,-0.036436904718059715,0.855875778920158,-0.5952766255403634,0.07317845337032776,1.9882166484005397,0.8980587934501658,0.0,2,rf,0.6666666666666666,0.6401515151515151,0.051416873931884766,0.5750000000000001,"{'estimator__bootstrap': True, 'estimator__ccp_alpha': 0.0, 'estimator__class_weight': None, 'estimator__criterion': 'gini', 'estimator__max_depth': None, 'estimator__max_features': 'sqrt', 'estimator__max_leaf_nodes': None, 'estimator__max_samples': None, 'estimator__min_impurity_decrease': 0.0, 'estimator__min_samples_leaf': 1, 'estimator__min_samples_split': 2, 'estimator__min_weight_fraction_leaf': 0.0, 'estimator__monotonic_cst': None, 'estimator__n_estimators': 100, 'estimator__n_jobs': None, 'estimator__oob_score': False, 'estimator__random_state': 42, 'estimator__verbose': 0, 'estimator__warm_start': False, 'estimator': RandomForestClassifier(random_state=42), 'n_jobs': None}"
class_data-3.csv,pca,3,70,0.04285714285714286,3,1.757951042987487,0.0962119342356335,0.0,0.05548996023376884,210,1,0.10666666666666667,0.07234178138070235,1.021513237896483e+18,9.416847442880928e+17,-0.41226166821734117,0.28317817139339885,-0.036436904718059715,0.855875778920158,-0.5952766255403634,0.07317845337032776,1.9882166484005397,0.8980587934501658,0.0,2,svc,0.6666666666666666,0.5333333333333333,0.0031440258026123047,0.5,"{'estimator__C': 0.01, 'estimator__break_ties': False, 'estimator__cache_size': 200, 'estimator__class_weight': None, 'estimator__coef0': 0.0, 'estimator__decision_function_shape': 'ovr', 'estimator__degree': 3, 'estimator__gamma': 0.1, 'estimator__kernel': 'linear', 'estimator__max_iter': -1, 'estimator__probability': False, 'estimator__random_state': 42, 'estimator__shrinking': True, 'estimator__tol': 0.001, 'estimator__verbose': False, 'estimator': SVC(C=0.01, gamma=0.1, kernel='linear', probability=False, random_state=42), 'n_jobs': None}"
class_data-3.csv,nmf,3,70,0.04285714285714286,2,4.634034045682251,0.1556180092734651,2.6818618397533083,0.05397636412538017,196,1,0.04,0.03605551275463989,63.48759872243064,1.8417419240411925,0.11946023268700827,0.17767062698233077,-1.0148531930019808,0.13026351435848568,0.7664062534486032,0.004610465220088268,1.9882661670799555,0.8980587934501658,0.0,2,dt,0.7333333333333333,0.6935817805383022,0.002601146697998047,0.625,"{'estimator__ccp_alpha': 0.0, 'estimator__class_weight': None, 'estimator__criterion': 'gini', 'estimator__max_depth': None, 'estimator__max_features': None, 'estimator__max_leaf_nodes': None, 'estimator__min_impurity_decrease': 0.0, 'estimator__min_samples_leaf': 1, 'estimator__min_samples_split': 2, 'estimator__min_weight_fraction_leaf': 0.0, 'estimator__monotonic_cst': None, 'estimator__random_state': 42, 'estimator__splitter': 'best', 'estimator': DecisionTreeClassifier(random_state=42), 'n_jobs': None}"
class_data-3.csv,nmf,3,70,0.04285714285714286,2,4.634034045682251,0.1556180092734651,2.6818618397533083,0.05397636412538017,196,1,0.04,0.03605551275463989,63.48759872243064,1.8417419240411925,0.11946023268700827,0.17767062698233077,-1.0148531930019808,0.13026351435848568,0.7664062534486032,0.004610465220088268,1.9882661670799555,0.8980587934501658,0.0,2,lr,0.6666666666666666,0.5333333333333333,0.0031080245971679688,0.5,"{'estimator__C': 1.0, 'estimator__class_weight': None, 'estimator__dual': False, 'estimator__fit_intercept': True, 'estimator__intercept_scaling': 1, 'estimator__l1_ratio': None, 'estimator__max_iter': 10000, 'estimator__n_jobs': None, 'estimator__penalty': 'l2', 'estimator__random_state': 42, 'estimator__solver': 'saga', 'estimator__tol': 0.0001, 'estimator__verbose': 0, 'estimator__warm_start': False, 'estimator': LogisticRegression(l1_ratio=None, max_iter=10000, penalty='l2', random_state=42,
                   solver='saga'), 'n_jobs': None}"
class_data-3.csv,nmf,3,70,0.04285714285714286,2,4.634034045682251,0.1556180092734651,2.6818618397533083,0.05397636412538017,196,1,0.04,0.03605551275463989,63.48759872243064,1.8417419240411925,0.11946023268700827,0.17767062698233077,-1.0148531930019808,0.13026351435848568,0.7664062534486032,0.004610465220088268,1.9882661670799555,0.8980587934501658,0.0,2,mlp,0.7,0.6666666666666666,0.1307971477508545,0.6000000000000001,"{'estimator__activation': 'relu', 'estimator__alpha': 0.0001, 'estimator__batch_size': 'auto', 'estimator__beta_1': 0.9, 'estimator__beta_2': 0.999, 'estimator__early_stopping': False, 'estimator__epsilon': 1e-08, 'estimator__hidden_layer_sizes': 100, 'estimator__learning_rate': 'constant', 'estimator__learning_rate_init': 0.001, 'estimator__max_fun': 15000, 'estimator__max_iter': 10000, 'estimator__momentum': 0.9, 'estimator__n_iter_no_change': 10, 'estimator__nesterovs_momentum': True, 'estimator__power_t': 0.5, 'estimator__random_state': 42, 'estimator__shuffle': True, 'estimator__solver': 'adam', 'estimator__tol': 0.0001, 'estimator__validation_fraction': 0.1, 'estimator__verbose': False, 'estimator__warm_start': False, 'estimator': MLPClassifier(hidden_layer_sizes=100, max_iter=10000, random_state=42), 'n_jobs': None}"
class_data-3.csv,nmf,3,70,0.04285714285714286,2,4.634034045682251,0.1556180092734651,2.6818618397533083,0.05397636412538017,196,1,0.04,0.03605551275463989,63.48759872243064,1.8417419240411925,0.11946023268700827,0.17767062698233077,-1.0148531930019808,0.13026351435848568,0.7664062534486032,0.004610465220088268,1.9882661670799555,0.8980587934501658,0.0,2,nb,0.6,0.6076555023923444,0.0025649070739746094,0.575,"{'estimator__priors': None, 'estimator__var_smoothing': 1e-09, 'estimator': GaussianNB(), 'n_jobs': None}"
class_data-3.csv,nmf,3,70,0.04285714285714286,2,4.634034045682251,0.1556180092734651,2.6818618397533083,0.05397636412538017,196,1,0.04,0.03605551275463989,63.48759872243064,1.8417419240411925,0.11946023268700827,0.17767062698233077,-1.0148531930019808,0.13026351435848568,0.7664062534486032,0.004610465220088268,1.9882661670799555,0.8980587934501658,0.0,2,rf,0.6666666666666666,0.6401515151515151,0.0600278377532959,0.5750000000000001,"{'estimator__bootstrap': True, 'estimator__ccp_alpha': 0.0, 'estimator__class_weight': None, 'estimator__criterion': 'gini', 'estimator__max_depth': None, 'estimator__max_features': 'sqrt', 'estimator__max_leaf_nodes': None, 'estimator__max_samples': None, 'estimator__min_impurity_decrease': 0.0, 'estimator__min_samples_leaf': 1, 'estimator__min_samples_split': 2, 'estimator__min_weight_fraction_leaf': 0.0, 'estimator__monotonic_cst': None, 'estimator__n_estimators': 100, 'estimator__n_jobs': None, 'estimator__oob_score': False, 'estimator__random_state': 42, 'estimator__verbose': 0, 'estimator__warm_start': False, 'estimator': RandomForestClassifier(random_state=42), 'n_jobs': None}"
class_data-3.csv,nmf,3,70,0.04285714285714286,2,4.634034045682251,0.1556180092734651,2.6818618397533083,0.05397636412538017,196,1,0.04,0.03605551275463989,63.48759872243064,1.8417419240411925,0.11946023268700827,0.17767062698233077,-1.0148531930019808,0.13026351435848568,0.7664062534486032,0.004610465220088268,1.9882661670799555,0.8980587934501658,0.0,2,svc,0.6666666666666666,0.5333333333333333,0.0031490325927734375,0.5,"{'estimator__C': 0.01, 'estimator__break_ties': False, 'estimator__cache_size': 200, 'estimator__class_weight': None, 'estimator__coef0': 0.0, 'estimator__decision_function_shape': 'ovr', 'estimator__degree': 3, 'estimator__gamma': 0.1, 'estimator__kernel': 'linear', 'estimator__max_iter': -1, 'estimator__probability': False, 'estimator__random_state': 42, 'estimator__shrinking': True, 'estimator__tol': 0.001, 'estimator__verbose': False, 'estimator': SVC(C=0.01, gamma=0.1, kernel='linear', probability=False, random_state=42), 'n_jobs': None}"
class_data-3.csv,none,10,70,0.14285714285714285,8,1.0897030420186174e+16,0.08536871012841661,18.79377789999426,0.045055993329856284,690,3,0.051000000000000004,0.011005049346146122,43.43958839290972,6.649334583930423,-0.10984253929852503,0.3238098581328991,-0.3778024376263614,0.3917502823275428,2.9630492723522703,0.2077589821197422,1.9965382051246308,0.8980587934501658,0.0,2,dt,0.7666666666666667,0.75421796625627,0.0030107498168945312,0.7,"{'estimator__ccp_alpha': 0.0, 'estimator__class_weight': None, 'estimator__criterion': 'gini', 'estimator__max_depth': None, 'estimator__max_features': None, 'estimator__max_leaf_nodes': None, 'estimator__min_impurity_decrease': 0.0, 'estimator__min_samples_leaf': 1, 'estimator__min_samples_split': 2, 'estimator__min_weight_fraction_leaf': 0.0, 'estimator__monotonic_cst': None, 'estimator__random_state': 42, 'estimator__splitter': 'best', 'estimator': DecisionTreeClassifier(random_state=42), 'n_jobs': None}"
class_data-3.csv,none,10,70,0.14285714285714285,8,1.0897030420186174e+16,0.08536871012841661,18.79377789999426,0.045055993329856284,690,3,0.051000000000000004,0.011005049346146122,43.43958839290972,6.649334583930423,-0.10984253929852503,0.3238098581328991,-0.3778024376263614,0.3917502823275428,2.9630492723522703,0.2077589821197422,1.9965382051246308,0.8980587934501658,0.0,2,lr,0.7333333333333333,0.6935817805383022,0.0030939579010009766,0.625,"{'estimator__C': 1.0, 'estimator__class_weight': None, 'estimator__dual': False, 'estimator__fit_intercept': True, 'estimator__intercept_scaling': 1, 'estimator__l1_ratio': None, 'estimator__max_iter': 10000, 'estimator__n_jobs': None, 'estimator__penalty': 'l2', 'estimator__random_state': 42, 'estimator__solver': 'saga', 'estimator__tol': 0.0001, 'estimator__verbose': 0, 'estimator__warm_start': False, 'estimator': LogisticRegression(l1_ratio=None, max_iter=10000, penalty='l2', random_state=42,
                   solver='saga'), 'n_jobs': None}"
class_data-3.csv,none,10,70,0.14285714285714285,8,1.0897030420186174e+16,0.08536871012841661,18.79377789999426,0.045055993329856284,690,3,0.051000000000000004,0.011005049346146122,43.43958839290972,6.649334583930423,-0.10984253929852503,0.3238098581328991,-0.3778024376263614,0.3917502823275428,2.9630492723522703,0.2077589821197422,1.9965382051246308,0.8980587934501658,0.0,2,mlp,0.9333333333333333,0.9312169312169313,0.20583176612854004,0.9,"{'estimator__activation': 'relu', 'estimator__alpha': 0.0001, 'estimator__batch_size': 'auto', 'estimator__beta_1': 0.9, 'estimator__beta_2': 0.999, 'estimator__early_stopping': False, 'estimator__epsilon': 1e-08, 'estimator__hidden_layer_sizes': 100, 'estimator__learning_rate': 'constant', 'estimator__learning_rate_init': 0.001, 'estimator__max_fun': 15000, 'estimator__max_iter': 10000, 'estimator__momentum': 0.9, 'estimator__n_iter_no_change': 10, 'estimator__nesterovs_momentum': True, 'estimator__power_t': 0.5, 'estimator__random_state': 42, 'estimator__shuffle': True, 'estimator__solver': 'adam', 'estimator__tol': 0.0001, 'estimator__validation_fraction': 0.1, 'estimator__verbose': False, 'estimator__warm_start': False, 'estimator': MLPClassifier(hidden_layer_sizes=100, max_iter=10000, random_state=42), 'n_jobs': None}"
class_data-3.csv,none,10,70,0.14285714285714285,8,1.0897030420186174e+16,0.08536871012841661,18.79377789999426,0.045055993329856284,690,3,0.051000000000000004,0.011005049346146122,43.43958839290972,6.649334583930423,-0.10984253929852503,0.3238098581328991,-0.3778024376263614,0.3917502823275428,2.9630492723522703,0.2077589821197422,1.9965382051246308,0.8980587934501658,0.0,2,nb,0.7333333333333333,0.7384370015948963,0.002521991729736328,0.7249999999999999,"{'estimator__priors': None, 'estimator__var_smoothing': 1e-09, 'estimator': GaussianNB(), 'n_jobs': None}"
class_data-3.csv,none,10,70,0.14285714285714285,8,1.0897030420186174e+16,0.08536871012841661,18.79377789999426,0.045055993329856284,690,3,0.051000000000000004,0.011005049346146122,43.43958839290972,6.649334583930423,-0.10984253929852503,0.3238098581328991,-0.3778024376263614,0.3917502823275428,2.9630492723522703,0.2077589821197422,1.9965382051246308,0.8980587934501658,0.0,2,rf,0.7666666666666667,0.75421796625627,0.059613943099975586,0.7,"{'estimator__bootstrap': True, 'estimator__ccp_alpha': 0.0, 'estimator__class_weight': None, 'estimator__criterion': 'gini', 'estimator__max_depth': None, 'estimator__max_features': 'sqrt', 'estimator__max_leaf_nodes': None, 'estimator__max_samples': None, 'estimator__min_impurity_decrease': 0.0, 'estimator__min_samples_leaf': 1, 'estimator__min_samples_split': 2, 'estimator__min_weight_fraction_leaf': 0.0, 'estimator__monotonic_cst': None, 'estimator__n_estimators': 100, 'estimator__n_jobs': None, 'estimator__oob_score': False, 'estimator__random_state': 42, 'estimator__verbose': 0, 'estimator__warm_start': False, 'estimator': RandomForestClassifier(random_state=42), 'n_jobs': None}"
class_data-3.csv,none,10,70,0.14285714285714285,8,1.0897030420186174e+16,0.08536871012841661,18.79377789999426,0.045055993329856284,690,3,0.051000000000000004,0.011005049346146122,43.43958839290972,6.649334583930423,-0.10984253929852503,0.3238098581328991,-0.3778024376263614,0.3917502823275428,2.9630492723522703,0.2077589821197422,1.9965382051246308,0.8980587934501658,0.0,2,svc,0.6666666666666666,0.5333333333333333,0.0031099319458007812,0.5,"{'estimator__C': 0.01, 'estimator__break_ties': False, 'estimator__cache_size': 200, 'estimator__class_weight': None, 'estimator__coef0': 0.0, 'estimator__decision_function_shape': 'ovr', 'estimator__degree': 3, 'estimator__gamma': 0.1, 'estimator__kernel': 'linear', 'estimator__max_iter': -1, 'estimator__probability': False, 'estimator__random_state': 42, 'estimator__shrinking': True, 'estimator__tol': 0.001, 'estimator__verbose': False, 'estimator': SVC(C=0.01, gamma=0.1, kernel='linear', probability=False, random_state=42), 'n_jobs': None}"
class_data-4.csv,pca,3,70,0.04285714285714286,3,1.4870551104960998,0.10087099475415139,0.0,0.08529501260083287,210,1,0.09999999999999999,0.04358898943540673,1.0547841868070528e+17,1.3430399512427907e+18,-0.24172887102432963,0.19506595510201086,-0.10377408133961759,0.16729216564216462,-0.5477114770704509,0.06379915329039454,1.9879175522946038,1.0,0.0,1,dt,0.6333333333333333,0.6296296296296297,0.003017902374267578,0.6333333333333333,"{'estimator__ccp_alpha': 0.0, 'estimator__class_weight': None, 'estimator__criterion': 'gini', 'estimator__max_depth': None, 'estimator__max_features': None, 'estimator__max_leaf_nodes': None, 'estimator__min_impurity_decrease': 0.0, 'estimator__min_samples_leaf': 1, 'estimator__min_samples_split': 2, 'estimator__min_weight_fraction_leaf': 0.0, 'estimator__monotonic_cst': None, 'estimator__random_state': 42, 'estimator__splitter': 'best', 'estimator': DecisionTreeClassifier(random_state=42), 'n_jobs': None}"
class_data-4.csv,pca,3,70,0.04285714285714286,3,1.4870551104960998,0.10087099475415139,0.0,0.08529501260083287,210,1,0.09999999999999999,0.04358898943540673,1.0547841868070528e+17,1.3430399512427907e+18,-0.24172887102432963,0.19506595510201086,-0.10377408133961759,0.16729216564216462,-0.5477114770704509,0.06379915329039454,1.9879175522946038,1.0,0.0,1,lr,0.5666666666666667,0.5542857142857142,0.0030329227447509766,0.5666666666666667,"{'estimator__C': 1.0, 'estimator__class_weight': None, 'estimator__dual': False, 'estimator__fit_intercept': True, 'estimator__intercept_scaling': 1, 'estimator__l1_ratio': None, 'estimator__max_iter': 10000, 'estimator__n_jobs': None, 'estimator__penalty': 'l2', 'estimator__random_state': 42, 'estimator__solver': 'saga', 'estimator__tol': 0.0001, 'estimator__verbose': 0, 'estimator__warm_start': False, 'estimator': LogisticRegression(l1_ratio=None, max_iter=10000, penalty='l2', random_state=42,
                   solver='saga'), 'n_jobs': None}"
class_data-4.csv,pca,3,70,0.04285714285714286,3,1.4870551104960998,0.10087099475415139,0.0,0.08529501260083287,210,1,0.09999999999999999,0.04358898943540673,1.0547841868070528e+17,1.3430399512427907e+18,-0.24172887102432963,0.19506595510201086,-0.10377408133961759,0.16729216564216462,-0.5477114770704509,0.06379915329039454,1.9879175522946038,1.0,0.0,1,mlp,0.5666666666666667,0.5661846496106785,0.26864123344421387,0.5666666666666667,"{'estimator__activation': 'relu', 'estimator__alpha': 0.0001, 'estimator__batch_size': 'auto', 'estimator__beta_1': 0.9, 'estimator__beta_2': 0.999, 'estimator__early_stopping': False, 'estimator__epsilon': 1e-08, 'estimator__hidden_layer_sizes': 100, 'estimator__learning_rate': 'constant', 'estimator__learning_rate_init': 0.001, 'estimator__max_fun': 15000, 'estimator__max_iter': 10000, 'estimator__momentum': 0.9, 'estimator__n_iter_no_change': 10, 'estimator__nesterovs_momentum': True, 'estimator__power_t': 0.5, 'estimator__random_state': 42, 'estimator__shuffle': True, 'estimator__solver': 'adam', 'estimator__tol': 0.0001, 'estimator__validation_fraction': 0.1, 'estimator__verbose': False, 'estimator__warm_start': False, 'estimator': MLPClassifier(hidden_layer_sizes=100, max_iter=10000, random_state=42), 'n_jobs': None}"
class_data-4.csv,pca,3,70,0.04285714285714286,3,1.4870551104960998,0.10087099475415139,0.0,0.08529501260083287,210,1,0.09999999999999999,0.04358898943540673,1.0547841868070528e+17,1.3430399512427907e+18,-0.24172887102432963,0.19506595510201086,-0.10377408133961759,0.16729216564216462,-0.5477114770704509,0.06379915329039454,1.9879175522946038,1.0,0.0,1,nb,0.5333333333333333,0.49760765550239233,0.0025391578674316406,0.5333333333333334,"{'estimator__priors': None, 'estimator__var_smoothing': 1e-09, 'estimator': GaussianNB(), 'n_jobs': None}"
class_data-4.csv,pca,3,70,0.04285714285714286,3,1.4870551104960998,0.10087099475415139,0.0,0.08529501260083287,210,1,0.09999999999999999,0.04358898943540673,1.0547841868070528e+17,1.3430399512427907e+18,-0.24172887102432963,0.19506595510201086,-0.10377408133961759,0.16729216564216462,-0.5477114770704509,0.06379915329039454,1.9879175522946038,1.0,0.0,1,rf,0.6,0.5927601809954751,0.06194424629211426,0.6,"{'estimator__bootstrap': True, 'estimator__ccp_alpha': 0.0, 'estimator__class_weight': None, 'estimator__criterion': 'gini', 'estimator__max_depth': None, 'estimator__max_features': 'sqrt', 'estimator__max_leaf_nodes': None, 'estimator__max_samples': None, 'estimator__min_impurity_decrease': 0.0, 'estimator__min_samples_leaf': 1, 'estimator__min_samples_split': 2, 'estimator__min_weight_fraction_leaf': 0.0, 'estimator__monotonic_cst': None, 'estimator__n_estimators': 100, 'estimator__n_jobs': None, 'estimator__oob_score': False, 'estimator__random_state': 42, 'estimator__verbose': 0, 'estimator__warm_start': False, 'estimator': RandomForestClassifier(random_state=42), 'n_jobs': None}"
class_data-4.csv,pca,3,70,0.04285714285714286,3,1.4870551104960998,0.10087099475415139,0.0,0.08529501260083287,210,1,0.09999999999999999,0.04358898943540673,1.0547841868070528e+17,1.3430399512427907e+18,-0.24172887102432963,0.19506595510201086,-0.10377408133961759,0.16729216564216462,-0.5477114770704509,0.06379915329039454,1.9879175522946038,1.0,0.0,1,svc,0.5666666666666667,0.5542857142857142,0.003258228302001953,0.5666666666666667,"{'estimator__C': 0.01, 'estimator__break_ties': False, 'estimator__cache_size': 200, 'estimator__class_weight': None, 'estimator__coef0': 0.0, 'estimator__decision_function_shape': 'ovr', 'estimator__degree': 3, 'estimator__gamma': 0.1, 'estimator__kernel': 'linear', 'estimator__max_iter': -1, 'estimator__probability': False, 'estimator__random_state': 42, 'estimator__shrinking': True, 'estimator__tol': 0.001, 'estimator__verbose': False, 'estimator': SVC(C=0.01, gamma=0.1, kernel='linear', probability=False, random_state=42), 'n_jobs': None}"
class_data-4.csv,nmf,3,70,0.04285714285714286,2,3.574453211027085,0.1089806411749657,2.7917293559582363,0.0671626746362215,190,1,0.03333333333333333,0.02516611478423583,67.17641477630293,6.379358212098331,0.2224472981099691,0.3168353409537602,-0.7440639154963905,0.22203079568770664,0.7482696298189768,0.005988223952179473,1.9879116575664073,1.0,0.0,1,dt,0.5333333333333333,0.5333333333333333,0.002695798873901367,0.5333333333333333,"{'estimator__ccp_alpha': 0.0, 'estimator__class_weight': None, 'estimator__criterion': 'gini', 'estimator__max_depth': None, 'estimator__max_features': None, 'estimator__max_leaf_nodes': None, 'estimator__min_impurity_decrease': 0.0, 'estimator__min_samples_leaf': 1, 'estimator__min_samples_split': 2, 'estimator__min_weight_fraction_leaf': 0.0, 'estimator__monotonic_cst': None, 'estimator__random_state': 42, 'estimator__splitter': 'best', 'estimator': DecisionTreeClassifier(random_state=42), 'n_jobs': None}"
class_data-4.csv,nmf,3,70,0.04285714285714286,2,3.574453211027085,0.1089806411749657,2.7917293559582363,0.0671626746362215,190,1,0.03333333333333333,0.02516611478423583,67.17641477630293,6.379358212098331,0.2224472981099691,0.3168353409537602,-0.7440639154963905,0.22203079568770664,0.7482696298189768,0.005988223952179473,1.9879116575664073,1.0,0.0,1,lr,0.4666666666666667,0.4258373205741627,0.0030426979064941406,0.4666666666666667,"{'estimator__C': 1.0, 'estimator__class_weight': None, 'estimator__dual': False, 'estimator__fit_intercept': True, 'estimator__intercept_scaling': 1, 'estimator__l1_ratio': None, 'estimator__max_iter': 10000, 'estimator__n_jobs': None, 'estimator__penalty': 'l2', 'estimator__random_state': 42, 'estimator__solver': 'saga', 'estimator__tol': 0.0001, 'estimator__verbose': 0, 'estimator__warm_start': False, 'estimator': LogisticRegression(l1_ratio=None, max_iter=10000, penalty='l2', random_state=42,
                   solver='saga'), 'n_jobs': None}"
class_data-4.csv,nmf,3,70,0.04285714285714286,2,3.574453211027085,0.1089806411749657,2.7917293559582363,0.0671626746362215,190,1,0.03333333333333333,0.02516611478423583,67.17641477630293,6.379358212098331,0.2224472981099691,0.3168353409537602,-0.7440639154963905,0.22203079568770664,0.7482696298189768,0.005988223952179473,1.9879116575664073,1.0,0.0,1,mlp,0.6666666666666666,0.6606334841628959,0.13860416412353516,0.6666666666666666,"{'estimator__activation': 'relu', 'estimator__alpha': 0.0001, 'estimator__batch_size': 'auto', 'estimator__beta_1': 0.9, 'estimator__beta_2': 0.999, 'estimator__early_stopping': False, 'estimator__epsilon': 1e-08, 'estimator__hidden_layer_sizes': 100, 'estimator__learning_rate': 'constant', 'estimator__learning_rate_init': 0.001, 'estimator__max_fun': 15000, 'estimator__max_iter': 10000, 'estimator__momentum': 0.9, 'estimator__n_iter_no_change': 10, 'estimator__nesterovs_momentum': True, 'estimator__power_t': 0.5, 'estimator__random_state': 42, 'estimator__shuffle': True, 'estimator__solver': 'adam', 'estimator__tol': 0.0001, 'estimator__validation_fraction': 0.1, 'estimator__verbose': False, 'estimator__warm_start': False, 'estimator': MLPClassifier(hidden_layer_sizes=100, max_iter=10000, random_state=42), 'n_jobs': None}"
class_data-4.csv,nmf,3,70,0.04285714285714286,2,3.574453211027085,0.1089806411749657,2.7917293559582363,0.0671626746362215,190,1,0.03333333333333333,0.02516611478423583,67.17641477630293,6.379358212098331,0.2224472981099691,0.3168353409537602,-0.7440639154963905,0.22203079568770664,0.7482696298189768,0.005988223952179473,1.9879116575664073,1.0,0.0,1,nb,0.5666666666666667,0.5417156286721504,0.0023932456970214844,0.5666666666666667,"{'estimator__priors': None, 'estimator__var_smoothing': 1e-09, 'estimator': GaussianNB(), 'n_jobs': None}"
class_data-4.csv,nmf,3,70,0.04285714285714286,2,3.574453211027085,0.1089806411749657,2.7917293559582363,0.0671626746362215,190,1,0.03333333333333333,0.02516611478423583,67.17641477630293,6.379358212098331,0.2224472981099691,0.3168353409537602,-0.7440639154963905,0.22203079568770664,0.7482696298189768,0.005988223952179473,1.9879116575664073,1.0,0.0,1,rf,0.6666666666666666,0.6666666666666666,0.06308627128601074,0.6666666666666667,"{'estimator__bootstrap': True, 'estimator__ccp_alpha': 0.0, 'estimator__class_weight': None, 'estimator__criterion': 'gini', 'estimator__max_depth': None, 'estimator__max_features': 'sqrt', 'estimator__max_leaf_nodes': None, 'estimator__max_samples': None, 'estimator__min_impurity_decrease': 0.0, 'estimator__min_samples_leaf': 1, 'estimator__min_samples_split': 2, 'estimator__min_weight_fraction_leaf': 0.0, 'estimator__monotonic_cst': None, 'estimator__n_estimators': 100, 'estimator__n_jobs': None, 'estimator__oob_score': False, 'estimator__random_state': 42, 'estimator__verbose': 0, 'estimator__warm_start': False, 'estimator': RandomForestClassifier(random_state=42), 'n_jobs': None}"
class_data-4.csv,nmf,3,70,0.04285714285714286,2,3.574453211027085,0.1089806411749657,2.7917293559582363,0.0671626746362215,190,1,0.03333333333333333,0.02516611478423583,67.17641477630293,6.379358212098331,0.2224472981099691,0.3168353409537602,-0.7440639154963905,0.22203079568770664,0.7482696298189768,0.005988223952179473,1.9879116575664073,1.0,0.0,1,svc,0.4666666666666667,0.4258373205741627,0.003159046173095703,0.4666666666666667,"{'estimator__C': 0.01, 'estimator__break_ties': False, 'estimator__cache_size': 200, 'estimator__class_weight': None, 'estimator__coef0': 0.0, 'estimator__decision_function_shape': 'ovr', 'estimator__degree': 3, 'estimator__gamma': 0.1, 'estimator__kernel': 'linear', 'estimator__max_iter': -1, 'estimator__probability': False, 'estimator__random_state': 42, 'estimator__shrinking': True, 'estimator__tol': 0.001, 'estimator__verbose': False, 'estimator': SVC(C=0.01, gamma=0.1, kernel='linear', probability=False, random_state=42), 'n_jobs': None}"
class_data-4.csv,none,10,70,0.14285714285714285,8,2.2548701878846884e+16,0.08071364199416171,15.662069061766864,0.016542274063371186,690,3,0.05,0.00816496580927726,44.6358017197066,6.636867567496784,0.022162086870280286,0.32402237364374714,-0.3855000841378316,0.2838282191124947,2.9322885950316917,0.23024131928919048,1.9965299871836024,1.0,0.0,1,dt,0.7,0.6996662958843161,0.002646207809448242,0.7000000000000001,"{'estimator__ccp_alpha': 0.0, 'estimator__class_weight': None, 'estimator__criterion': 'gini', 'estimator__max_depth': None, 'estimator__max_features': None, 'estimator__max_leaf_nodes': None, 'estimator__min_impurity_decrease': 0.0, 'estimator__min_samples_leaf': 1, 'estimator__min_samples_split': 2, 'estimator__min_weight_fraction_leaf': 0.0, 'estimator__monotonic_cst': None, 'estimator__random_state': 42, 'estimator__splitter': 'best', 'estimator': DecisionTreeClassifier(random_state=42), 'n_jobs': None}"
class_data-4.csv,none,10,70,0.14285714285714285,8,2.2548701878846884e+16,0.08071364199416171,15.662069061766864,0.016542274063371186,690,3,0.05,0.00816496580927726,44.6358017197066,6.636867567496784,0.022162086870280286,0.32402237364374714,-0.3855000841378316,0.2838282191124947,2.9322885950316917,0.23024131928919048,1.9965299871836024,1.0,0.0,1,lr,0.6333333333333333,0.6296296296296297,0.0026879310607910156,0.6333333333333333,"{'estimator__C': 1.0, 'estimator__class_weight': None, 'estimator__dual': False, 'estimator__fit_intercept': True, 'estimator__intercept_scaling': 1, 'estimator__l1_ratio': None, 'estimator__max_iter': 10000, 'estimator__n_jobs': None, 'estimator__penalty': 'l2', 'estimator__random_state': 42, 'estimator__solver': 'saga', 'estimator__tol': 0.0001, 'estimator__verbose': 0, 'estimator__warm_start': False, 'estimator': LogisticRegression(l1_ratio=None, max_iter=10000, penalty='l2', random_state=42,
                   solver='saga'), 'n_jobs': None}"
class_data-4.csv,none,10,70,0.14285714285714285,8,2.2548701878846884e+16,0.08071364199416171,15.662069061766864,0.016542274063371186,690,3,0.05,0.00816496580927726,44.6358017197066,6.636867567496784,0.022162086870280286,0.32402237364374714,-0.3855000841378316,0.2838282191124947,2.9322885950316917,0.23024131928919048,1.9965299871836024,1.0,0.0,1,mlp,0.6333333333333333,0.6296296296296297,0.22964000701904297,0.6333333333333333,"{'estimator__activation': 'relu', 'estimator__alpha': 0.0001, 'estimator__batch_size': 'auto', 'estimator__beta_1': 0.9, 'estimator__beta_2': 0.999, 'estimator__early_stopping': False, 'estimator__epsilon': 1e-08, 'estimator__hidden_layer_sizes': 100, 'estimator__learning_rate': 'constant', 'estimator__learning_rate_init': 0.001, 'estimator__max_fun': 15000, 'estimator__max_iter': 10000, 'estimator__momentum': 0.9, 'estimator__n_iter_no_change': 10, 'estimator__nesterovs_momentum': True, 'estimator__power_t': 0.5, 'estimator__random_state': 42, 'estimator__shuffle': True, 'estimator__solver': 'adam', 'estimator__tol': 0.0001, 'estimator__validation_fraction': 0.1, 'estimator__verbose': False, 'estimator__warm_start': False, 'estimator': MLPClassifier(hidden_layer_sizes=100, max_iter=10000, random_state=42), 'n_jobs': None}"
class_data-4.csv,none,10,70,0.14285714285714285,8,2.2548701878846884e+16,0.08071364199416171,15.662069061766864,0.016542274063371186,690,3,0.05,0.00816496580927726,44.6358017197066,6.636867567496784,0.022162086870280286,0.32402237364374714,-0.3855000841378316,0.2838282191124947,2.9322885950316917,0.23024131928919048,1.9965299871836024,1.0,0.0,1,nb,0.6333333333333333,0.6329254727474972,0.0025649070739746094,0.6333333333333334,"{'estimator__priors': None, 'estimator__var_smoothing': 1e-09, 'estimator': GaussianNB(), 'n_jobs': None}"
class_data-4.csv,none,10,70,0.14285714285714285,8,2.2548701878846884e+16,0.08071364199416171,15.662069061766864,0.016542274063371186,690,3,0.05,0.00816496580927726,44.6358017197066,6.636867567496784,0.022162086870280286,0.32402237364374714,-0.3855000841378316,0.2838282191124947,2.9322885950316917,0.23024131928919048,1.9965299871836024,1.0,0.0,1,rf,0.7,0.6996662958843161,0.06241631507873535,0.7000000000000001,"{'estimator__bootstrap': True, 'estimator__ccp_alpha': 0.0, 'estimator__class_weight': None, 'estimator__criterion': 'gini', 'estimator__max_depth': None, 'estimator__max_features': 'sqrt', 'estimator__max_leaf_nodes': None, 'estimator__max_samples': None, 'estimator__min_impurity_decrease': 0.0, 'estimator__min_samples_leaf': 1, 'estimator__min_samples_split': 2, 'estimator__min_weight_fraction_leaf': 0.0, 'estimator__monotonic_cst': None, 'estimator__n_estimators': 100, 'estimator__n_jobs': None, 'estimator__oob_score': False, 'estimator__random_state': 42, 'estimator__verbose': 0, 'estimator__warm_start': False, 'estimator': RandomForestClassifier(random_state=42), 'n_jobs': None}"
class_data-4.csv,none,10,70,0.14285714285714285,8,2.2548701878846884e+16,0.08071364199416171,15.662069061766864,0.016542274063371186,690,3,0.05,0.00816496580927726,44.6358017197066,6.636867567496784,0.022162086870280286,0.32402237364374714,-0.3855000841378316,0.2838282191124947,2.9322885950316917,0.23024131928919048,1.9965299871836024,1.0,0.0,1,svc,0.6333333333333333,0.6296296296296297,0.0033462047576904297,0.6333333333333333,"{'estimator__C': 0.01, 'estimator__break_ties': False, 'estimator__cache_size': 200, 'estimator__class_weight': None, 'estimator__coef0': 0.0, 'estimator__decision_function_shape': 'ovr', 'estimator__degree': 3, 'estimator__gamma': 0.1, 'estimator__kernel': 'linear', 'estimator__max_iter': -1, 'estimator__probability': False, 'estimator__random_state': 42, 'estimator__shrinking': True, 'estimator__tol': 0.001, 'estimator__verbose': False, 'estimator': SVC(C=0.01, gamma=0.1, kernel='linear', probability=False, random_state=42), 'n_jobs': None}"
class_data-4.csv,pca,3,70,0.04285714285714286,3,1.4214439030891075,0.08568739147788193,8.881784197001252e-16,0.0436172045915432,210,1,0.09333333333333334,0.035118845842842465,-1.4918987315949568e+18,7.308802426017456e+18,-0.15433228061797047,0.49093929985151674,0.05642685372941969,0.5868344257104436,-0.482977023280092,0.07177065155805824,1.9884674676490959,1.0,0.0,2,dt,0.7666666666666667,0.7664071190211346,0.002541065216064453,0.7666666666666667,"{'estimator__ccp_alpha': 0.0, 'estimator__class_weight': None, 'estimator__criterion': 'gini', 'estimator__max_depth': None, 'estimator__max_features': None, 'estimator__max_leaf_nodes': None, 'estimator__min_impurity_decrease': 0.0, 'estimator__min_samples_leaf': 1, 'estimator__min_samples_split': 2, 'estimator__min_weight_fraction_leaf': 0.0, 'estimator__monotonic_cst': None, 'estimator__random_state': 42, 'estimator__splitter': 'best', 'estimator': DecisionTreeClassifier(random_state=42), 'n_jobs': None}"
class_data-4.csv,pca,3,70,0.04285714285714286,3,1.4214439030891075,0.08568739147788193,8.881784197001252e-16,0.0436172045915432,210,1,0.09333333333333334,0.035118845842842465,-1.4918987315949568e+18,7.308802426017456e+18,-0.15433228061797047,0.49093929985151674,0.05642685372941969,0.5868344257104436,-0.482977023280092,0.07177065155805824,1.9884674676490959,1.0,0.0,2,lr,0.6,0.5927601809954751,0.0027899742126464844,0.6000000000000001,"{'estimator__C': 1.0, 'estimator__class_weight': None, 'estimator__dual': False, 'estimator__fit_intercept': True, 'estimator__intercept_scaling': 1, 'estimator__l1_ratio': None, 'estimator__max_iter': 10000, 'estimator__n_jobs': None, 'estimator__penalty': 'l2', 'estimator__random_state': 42, 'estimator__solver': 'saga', 'estimator__tol': 0.0001, 'estimator__verbose': 0, 'estimator__warm_start': False, 'estimator': LogisticRegression(l1_ratio=None, max_iter=10000, penalty='l2', random_state=42,
                   solver='saga'), 'n_jobs': None}"
class_data-4.csv,pca,3,70,0.04285714285714286,3,1.4214439030891075,0.08568739147788193,8.881784197001252e-16,0.0436172045915432,210,1,0.09333333333333334,0.035118845842842465,-1.4918987315949568e+18,7.308802426017456e+18,-0.15433228061797047,0.49093929985151674,0.05642685372941969,0.5868344257104436,-0.482977023280092,0.07177065155805824,1.9884674676490959,1.0,0.0,2,mlp,0.6666666666666666,0.6527777777777779,0.3978919982910156,0.6666666666666667,"{'estimator__activation': 'relu', 'estimator__alpha': 0.0001, 'estimator__batch_size': 'auto', 'estimator__beta_1': 0.9, 'estimator__beta_2': 0.999, 'estimator__early_stopping': False, 'estimator__epsilon': 1e-08, 'estimator__hidden_layer_sizes': 100, 'estimator__learning_rate': 'constant', 'estimator__learning_rate_init': 0.001, 'estimator__max_fun': 15000, 'estimator__max_iter': 10000, 'estimator__momentum': 0.9, 'estimator__n_iter_no_change': 10, 'estimator__nesterovs_momentum': True, 'estimator__power_t': 0.5, 'estimator__random_state': 42, 'estimator__shuffle': True, 'estimator__solver': 'adam', 'estimator__tol': 0.0001, 'estimator__validation_fraction': 0.1, 'estimator__verbose': False, 'estimator__warm_start': False, 'estimator': MLPClassifier(hidden_layer_sizes=100, max_iter=10000, random_state=42), 'n_jobs': None}"
class_data-4.csv,pca,3,70,0.04285714285714286,3,1.4214439030891075,0.08568739147788193,8.881784197001252e-16,0.0436172045915432,210,1,0.09333333333333334,0.035118845842842465,-1.4918987315949568e+18,7.308802426017456e+18,-0.15433228061797047,0.49093929985151674,0.05642685372941969,0.5868344257104436,-0.482977023280092,0.07177065155805824,1.9884674676490959,1.0,0.0,2,nb,0.8333333333333334,0.8316498316498316,0.0026769638061523438,0.8333333333333334,"{'estimator__priors': None, 'estimator__var_smoothing': 1e-09, 'estimator': GaussianNB(), 'n_jobs': None}"
class_data-4.csv,pca,3,70,0.04285714285714286,3,1.4214439030891075,0.08568739147788193,8.881784197001252e-16,0.0436172045915432,210,1,0.09333333333333334,0.035118845842842465,-1.4918987315949568e+18,7.308802426017456e+18,-0.15433228061797047,0.49093929985151674,0.05642685372941969,0.5868344257104436,-0.482977023280092,0.07177065155805824,1.9884674676490959,1.0,0.0,2,rf,0.7333333333333333,0.7321428571428572,0.05063891410827637,0.7333333333333334,"{'estimator__bootstrap': True, 'estimator__ccp_alpha': 0.0, 'estimator__class_weight': None, 'estimator__criterion': 'gini', 'estimator__max_depth': None, 'estimator__max_features': 'sqrt', 'estimator__max_leaf_nodes': None, 'estimator__max_samples': None, 'estimator__min_impurity_decrease': 0.0, 'estimator__min_samples_leaf': 1, 'estimator__min_samples_split': 2, 'estimator__min_weight_fraction_leaf': 0.0, 'estimator__monotonic_cst': None, 'estimator__n_estimators': 100, 'estimator__n_jobs': None, 'estimator__oob_score': False, 'estimator__random_state': 42, 'estimator__verbose': 0, 'estimator__warm_start': False, 'estimator': RandomForestClassifier(random_state=42), 'n_jobs': None}"
class_data-4.csv,pca,3,70,0.04285714285714286,3,1.4214439030891075,0.08568739147788193,8.881784197001252e-16,0.0436172045915432,210,1,0.09333333333333334,0.035118845842842465,-1.4918987315949568e+18,7.308802426017456e+18,-0.15433228061797047,0.49093929985151674,0.05642685372941969,0.5868344257104436,-0.482977023280092,0.07177065155805824,1.9884674676490959,1.0,0.0,2,svc,0.6333333333333333,0.6329254727474972,0.003155946731567383,0.6333333333333334,"{'estimator__C': 0.01, 'estimator__break_ties': False, 'estimator__cache_size': 200, 'estimator__class_weight': None, 'estimator__coef0': 0.0, 'estimator__decision_function_shape': 'ovr', 'estimator__degree': 3, 'estimator__gamma': 0.1, 'estimator__kernel': 'linear', 'estimator__max_iter': -1, 'estimator__probability': False, 'estimator__random_state': 42, 'estimator__shrinking': True, 'estimator__tol': 0.001, 'estimator__verbose': False, 'estimator': SVC(C=0.01, gamma=0.1, kernel='linear', probability=False, random_state=42), 'n_jobs': None}"
class_data-4.csv,nmf,3,70,0.04285714285714286,2,3.475501481973029,0.0860100860833066,2.733334948436953,0.07852477692303401,194,1,0.02666666666666667,0.015275252316519468,63.03961344372356,11.110790131884023,0.10375346696947944,0.43166026293008114,-0.5925442672957293,0.013355508543225371,0.8867271594747116,0.006487444600638914,1.9882715529387656,1.0,0.0,2,dt,0.7666666666666667,0.7599999999999999,0.0025658607482910156,0.7666666666666667,"{'estimator__ccp_alpha': 0.0, 'estimator__class_weight': None, 'estimator__criterion': 'gini', 'estimator__max_depth': None, 'estimator__max_features': None, 'estimator__max_leaf_nodes': None, 'estimator__min_impurity_decrease': 0.0, 'estimator__min_samples_leaf': 1, 'estimator__min_samples_split': 2, 'estimator__min_weight_fraction_leaf': 0.0, 'estimator__monotonic_cst': None, 'estimator__random_state': 42, 'estimator__splitter': 'best', 'estimator': DecisionTreeClassifier(random_state=42), 'n_jobs': None}"
class_data-4.csv,nmf,3,70,0.04285714285714286,2,3.475501481973029,0.0860100860833066,2.733334948436953,0.07852477692303401,194,1,0.02666666666666667,0.015275252316519468,63.03961344372356,11.110790131884023,0.10375346696947944,0.43166026293008114,-0.5925442672957293,0.013355508543225371,0.8867271594747116,0.006487444600638914,1.9882715529387656,1.0,0.0,2,lr,0.7,0.696969696969697,0.0031890869140625,0.7000000000000002,"{'estimator__C': 1.0, 'estimator__class_weight': None, 'estimator__dual': False, 'estimator__fit_intercept': True, 'estimator__intercept_scaling': 1, 'estimator__l1_ratio': None, 'estimator__max_iter': 10000, 'estimator__n_jobs': None, 'estimator__penalty': 'l2', 'estimator__random_state': 42, 'estimator__solver': 'saga', 'estimator__tol': 0.0001, 'estimator__verbose': 0, 'estimator__warm_start': False, 'estimator': LogisticRegression(l1_ratio=None, max_iter=10000, penalty='l2', random_state=42,
                   solver='saga'), 'n_jobs': None}"
class_data-4.csv,nmf,3,70,0.04285714285714286,2,3.475501481973029,0.0860100860833066,2.733334948436953,0.07852477692303401,194,1,0.02666666666666667,0.015275252316519468,63.03961344372356,11.110790131884023,0.10375346696947944,0.43166026293008114,-0.5925442672957293,0.013355508543225371,0.8867271594747116,0.006487444600638914,1.9882715529387656,1.0,0.0,2,mlp,0.7333333333333333,0.7321428571428572,0.08906197547912598,0.7333333333333333,"{'estimator__activation': 'relu', 'estimator__alpha': 0.0001, 'estimator__batch_size': 'auto', 'estimator__beta_1': 0.9, 'estimator__beta_2': 0.999, 'estimator__early_stopping': False, 'estimator__epsilon': 1e-08, 'estimator__hidden_layer_sizes': 100, 'estimator__learning_rate': 'constant', 'estimator__learning_rate_init': 0.001, 'estimator__max_fun': 15000, 'estimator__max_iter': 10000, 'estimator__momentum': 0.9, 'estimator__n_iter_no_change': 10, 'estimator__nesterovs_momentum': True, 'estimator__power_t': 0.5, 'estimator__random_state': 42, 'estimator__shuffle': True, 'estimator__solver': 'adam', 'estimator__tol': 0.0001, 'estimator__validation_fraction': 0.1, 'estimator__verbose': False, 'estimator__warm_start': False, 'estimator': MLPClassifier(hidden_layer_sizes=100, max_iter=10000, random_state=42), 'n_jobs': None}"
class_data-4.csv,nmf,3,70,0.04285714285714286,2,3.475501481973029,0.0860100860833066,2.733334948436953,0.07852477692303401,194,1,0.02666666666666667,0.015275252316519468,63.03961344372356,11.110790131884023,0.10375346696947944,0.43166026293008114,-0.5925442672957293,0.013355508543225371,0.8867271594747116,0.006487444600638914,1.9882715529387656,1.0,0.0,2,nb,0.7333333333333333,0.7321428571428572,0.002456188201904297,0.7333333333333334,"{'estimator__priors': None, 'estimator__var_smoothing': 1e-09, 'estimator': GaussianNB(), 'n_jobs': None}"
class_data-4.csv,nmf,3,70,0.04285714285714286,2,3.475501481973029,0.0860100860833066,2.733334948436953,0.07852477692303401,194,1,0.02666666666666667,0.015275252316519468,63.03961344372356,11.110790131884023,0.10375346696947944,0.43166026293008114,-0.5925442672957293,0.013355508543225371,0.8867271594747116,0.006487444600638914,1.9882715529387656,1.0,0.0,2,rf,0.6333333333333333,0.6296296296296297,0.060254812240600586,0.6333333333333333,"{'estimator__bootstrap': True, 'estimator__ccp_alpha': 0.0, 'estimator__class_weight': None, 'estimator__criterion': 'gini', 'estimator__max_depth': None, 'estimator__max_features': 'sqrt', 'estimator__max_leaf_nodes': None, 'estimator__max_samples': None, 'estimator__min_impurity_decrease': 0.0, 'estimator__min_samples_leaf': 1, 'estimator__min_samples_split': 2, 'estimator__min_weight_fraction_leaf': 0.0, 'estimator__monotonic_cst': None, 'estimator__n_estimators': 100, 'estimator__n_jobs': None, 'estimator__oob_score': False, 'estimator__random_state': 42, 'estimator__verbose': 0, 'estimator__warm_start': False, 'estimator': RandomForestClassifier(random_state=42), 'n_jobs': None}"
class_data-4.csv,nmf,3,70,0.04285714285714286,2,3.475501481973029,0.0860100860833066,2.733334948436953,0.07852477692303401,194,1,0.02666666666666667,0.015275252316519468,63.03961344372356,11.110790131884023,0.10375346696947944,0.43166026293008114,-0.5925442672957293,0.013355508543225371,0.8867271594747116,0.006487444600638914,1.9882715529387656,1.0,0.0,2,svc,0.6666666666666666,0.6651785714285715,0.0032320022583007812,0.6666666666666667,"{'estimator__C': 0.01, 'estimator__break_ties': False, 'estimator__cache_size': 200, 'estimator__class_weight': None, 'estimator__coef0': 0.0, 'estimator__decision_function_shape': 'ovr', 'estimator__degree': 3, 'estimator__gamma': 0.1, 'estimator__kernel': 'linear', 'estimator__max_iter': -1, 'estimator__probability': False, 'estimator__random_state': 42, 'estimator__shrinking': True, 'estimator__tol': 0.001, 'estimator__verbose': False, 'estimator': SVC(C=0.01, gamma=0.1, kernel='linear', probability=False, random_state=42), 'n_jobs': None}"
class_data-4.csv,none,10,70,0.14285714285714285,8,2.7306611236707824e+16,0.06988226920851281,14.522727329579126,0.027383702166638702,690,4,0.046,0.00699205898780101,42.93678665381079,9.216625659541283,-0.05553404693165479,0.3684711018099042,-0.18678355941320385,0.36424823674028517,2.9744726942543807,0.217283770381999,1.9965250022604704,1.0,0.0,2,dt,0.6333333333333333,0.6296296296296297,0.0026438236236572266,0.6333333333333333,"{'estimator__ccp_alpha': 0.0, 'estimator__class_weight': None, 'estimator__criterion': 'gini', 'estimator__max_depth': None, 'estimator__max_features': None, 'estimator__max_leaf_nodes': None, 'estimator__min_impurity_decrease': 0.0, 'estimator__min_samples_leaf': 1, 'estimator__min_samples_split': 2, 'estimator__min_weight_fraction_leaf': 0.0, 'estimator__monotonic_cst': None, 'estimator__random_state': 42, 'estimator__splitter': 'best', 'estimator': DecisionTreeClassifier(random_state=42), 'n_jobs': None}"
class_data-4.csv,none,10,70,0.14285714285714285,8,2.7306611236707824e+16,0.06988226920851281,14.522727329579126,0.027383702166638702,690,4,0.046,0.00699205898780101,42.93678665381079,9.216625659541283,-0.05553404693165479,0.3684711018099042,-0.18678355941320385,0.36424823674028517,2.9744726942543807,0.217283770381999,1.9965250022604704,1.0,0.0,2,lr,0.5666666666666667,0.5417156286721504,0.002924203872680664,0.5666666666666667,"{'estimator__C': 1.0, 'estimator__class_weight': None, 'estimator__dual': False, 'estimator__fit_intercept': True, 'estimator__intercept_scaling': 1, 'estimator__l1_ratio': None, 'estimator__max_iter': 10000, 'estimator__n_jobs': None, 'estimator__penalty': 'l2', 'estimator__random_state': 42, 'estimator__solver': 'saga', 'estimator__tol': 0.0001, 'estimator__verbose': 0, 'estimator__warm_start': False, 'estimator': LogisticRegression(l1_ratio=None, max_iter=10000, penalty='l2', random_state=42,
                   solver='saga'), 'n_jobs': None}"
class_data-4.csv,none,10,70,0.14285714285714285,8,2.7306611236707824e+16,0.06988226920851281,14.522727329579126,0.027383702166638702,690,4,0.046,0.00699205898780101,42.93678665381079,9.216625659541283,-0.05553404693165479,0.3684711018099042,-0.18678355941320385,0.36424823674028517,2.9744726942543807,0.217283770381999,1.9965250022604704,1.0,0.0,2,mlp,0.8333333333333334,0.8316498316498316,0.21446990966796875,0.8333333333333334,"{'estimator__activation': 'relu', 'estimator__alpha': 0.0001, 'estimator__batch_size': 'auto', 'estimator__beta_1': 0.9, 'estimator__beta_2': 0.999, 'estimator__early_stopping': False, 'estimator__epsilon': 1e-08, 'estimator__hidden_layer_sizes': 100, 'estimator__learning_rate': 'constant', 'estimator__learning_rate_init': 0.001, 'estimator__max_fun': 15000, 'estimator__max_iter': 10000, 'estimator__momentum': 0.9, 'estimator__n_iter_no_change': 10, 'estimator__nesterovs_momentum': True, 'estimator__power_t': 0.5, 'estimator__random_state': 42, 'estimator__shuffle': True, 'estimator__solver': 'adam', 'estimator__tol': 0.0001, 'estimator__validation_fraction': 0.1, 'estimator__verbose': False, 'estimator__warm_start': False, 'estimator': MLPClassifier(hidden_layer_sizes=100, max_iter=10000, random_state=42), 'n_jobs': None}"
class_data-4.csv,none,10,70,0.14285714285714285,8,2.7306611236707824e+16,0.06988226920851281,14.522727329579126,0.027383702166638702,690,4,0.046,0.00699205898780101,42.93678665381079,9.216625659541283,-0.05553404693165479,0.3684711018099042,-0.18678355941320385,0.36424823674028517,2.9744726942543807,0.217283770381999,1.9965250022604704,1.0,0.0,2,nb,0.6,0.5833333333333334,0.002521991729736328,0.6,"{'estimator__priors': None, 'estimator__var_smoothing': 1e-09, 'estimator': GaussianNB(), 'n_jobs': None}"
class_data-4.csv,none,10,70,0.14285714285714285,8,2.7306611236707824e+16,0.06988226920851281,14.522727329579126,0.027383702166638702,690,4,0.046,0.00699205898780101,42.93678665381079,9.216625659541283,-0.05553404693165479,0.3684711018099042,-0.18678355941320385,0.36424823674028517,2.9744726942543807,0.217283770381999,1.9965250022604704,1.0,0.0,2,rf,0.7,0.6914285714285714,0.05165696144104004,0.7,"{'estimator__bootstrap': True, 'estimator__ccp_alpha': 0.0, 'estimator__class_weight': None, 'estimator__criterion': 'gini', 'estimator__max_depth': None, 'estimator__max_features': 'sqrt', 'estimator__max_leaf_nodes': None, 'estimator__max_samples': None, 'estimator__min_impurity_decrease': 0.0, 'estimator__min_samples_leaf': 1, 'estimator__min_samples_split': 2, 'estimator__min_weight_fraction_leaf': 0.0, 'estimator__monotonic_cst': None, 'estimator__n_estimators': 100, 'estimator__n_jobs': None, 'estimator__oob_score': False, 'estimator__random_state': 42, 'estimator__verbose': 0, 'estimator__warm_start': False, 'estimator': RandomForestClassifier(random_state=42), 'n_jobs': None}"
class_data-4.csv,none,10,70,0.14285714285714285,8,2.7306611236707824e+16,0.06988226920851281,14.522727329579126,0.027383702166638702,690,4,0.046,0.00699205898780101,42.93678665381079,9.216625659541283,-0.05553404693165479,0.3684711018099042,-0.18678355941320385,0.36424823674028517,2.9744726942543807,0.217283770381999,1.9965250022604704,1.0,0.0,2,svc,0.5666666666666667,0.5622895622895623,0.003264904022216797,0.5666666666666668,"{'estimator__C': 0.01, 'estimator__break_ties': False, 'estimator__cache_size': 200, 'estimator__class_weight': None, 'estimator__coef0': 0.0, 'estimator__decision_function_shape': 'ovr', 'estimator__degree': 3, 'estimator__gamma': 0.1, 'estimator__kernel': 'linear', 'estimator__max_iter': -1, 'estimator__probability': False, 'estimator__random_state': 42, 'estimator__shrinking': True, 'estimator__tol': 0.001, 'estimator__verbose': False, 'estimator': SVC(C=0.01, gamma=0.1, kernel='linear', probability=False, random_state=42), 'n_jobs': None}"
class_data-5.csv,pca,3,70,0.04285714285714286,3,1.4754509189494853,0.49543109056740847,8.881784197001252e-16,0.115568355676081,210,1,0.12000000000000001,0.05291502622129181,1.9810872482411077e+18,3.555842025667471e+18,-0.2707763078276611,0.188134190038684,-0.27461524496479833,0.3075675487536773,-0.7810660149179627,0.09973113175413637,1.9882780760700713,0.8812908992306927,0.0,1,dt,0.8333333333333334,0.8222222222222222,0.0025620460510253906,0.753968253968254,"{'estimator__ccp_alpha': 0.0, 'estimator__class_weight': None, 'estimator__criterion': 'gini', 'estimator__max_depth': None, 'estimator__max_features': None, 'estimator__max_leaf_nodes': None, 'estimator__min_impurity_decrease': 0.0, 'estimator__min_samples_leaf': 1, 'estimator__min_samples_split': 2, 'estimator__min_weight_fraction_leaf': 0.0, 'estimator__monotonic_cst': None, 'estimator__random_state': 42, 'estimator__splitter': 'best', 'estimator': DecisionTreeClassifier(random_state=42), 'n_jobs': None}"
class_data-5.csv,pca,3,70,0.04285714285714286,3,1.4754509189494853,0.49543109056740847,8.881784197001252e-16,0.115568355676081,210,1,0.12000000000000001,0.05291502622129181,1.9810872482411077e+18,3.555842025667471e+18,-0.2707763078276611,0.188134190038684,-0.27461524496479833,0.3075675487536773,-0.7810660149179627,0.09973113175413637,1.9882780760700713,0.8812908992306927,0.0,1,lr,0.8333333333333334,0.8101472995090016,0.0026328563690185547,0.7222222222222222,"{'estimator__C': 1.0, 'estimator__class_weight': None, 'estimator__dual': False, 'estimator__fit_intercept': True, 'estimator__intercept_scaling': 1, 'estimator__l1_ratio': None, 'estimator__max_iter': 10000, 'estimator__n_jobs': None, 'estimator__penalty': 'l2', 'estimator__random_state': 42, 'estimator__solver': 'saga', 'estimator__tol': 0.0001, 'estimator__verbose': 0, 'estimator__warm_start': False, 'estimator': LogisticRegression(l1_ratio=None, max_iter=10000, penalty='l2', random_state=42,
                   solver='saga'), 'n_jobs': None}"
class_data-5.csv,pca,3,70,0.04285714285714286,3,1.4754509189494853,0.49543109056740847,8.881784197001252e-16,0.115568355676081,210,1,0.12000000000000001,0.05291502622129181,1.9810872482411077e+18,3.555842025667471e+18,-0.2707763078276611,0.188134190038684,-0.27461524496479833,0.3075675487536773,-0.7810660149179627,0.09973113175413637,1.9882780760700713,0.8812908992306927,0.0,1,mlp,0.9333333333333333,0.9333333333333333,0.07018089294433594,0.9206349206349206,"{'estimator__activation': 'relu', 'estimator__alpha': 0.0001, 'estimator__batch_size': 'auto', 'estimator__beta_1': 0.9, 'estimator__beta_2': 0.999, 'estimator__early_stopping': False, 'estimator__epsilon': 1e-08, 'estimator__hidden_layer_sizes': 100, 'estimator__learning_rate': 'constant', 'estimator__learning_rate_init': 0.001, 'estimator__max_fun': 15000, 'estimator__max_iter': 10000, 'estimator__momentum': 0.9, 'estimator__n_iter_no_change': 10, 'estimator__nesterovs_momentum': True, 'estimator__power_t': 0.5, 'estimator__random_state': 42, 'estimator__shuffle': True, 'estimator__solver': 'adam', 'estimator__tol': 0.0001, 'estimator__validation_fraction': 0.1, 'estimator__verbose': False, 'estimator__warm_start': False, 'estimator': MLPClassifier(hidden_layer_sizes=100, max_iter=10000, random_state=42), 'n_jobs': None}"
class_data-5.csv,pca,3,70,0.04285714285714286,3,1.4754509189494853,0.49543109056740847,8.881784197001252e-16,0.115568355676081,210,1,0.12000000000000001,0.05291502622129181,1.9810872482411077e+18,3.555842025667471e+18,-0.2707763078276611,0.188134190038684,-0.27461524496479833,0.3075675487536773,-0.7810660149179627,0.09973113175413637,1.9882780760700713,0.8812908992306927,0.0,1,nb,0.9333333333333333,0.9306818181818183,0.0024950504302978516,0.8888888888888888,"{'estimator__priors': None, 'estimator__var_smoothing': 1e-09, 'estimator': GaussianNB(), 'n_jobs': None}"
class_data-5.csv,pca,3,70,0.04285714285714286,3,1.4754509189494853,0.49543109056740847,8.881784197001252e-16,0.115568355676081,210,1,0.12000000000000001,0.05291502622129181,1.9810872482411077e+18,3.555842025667471e+18,-0.2707763078276611,0.188134190038684,-0.27461524496479833,0.3075675487536773,-0.7810660149179627,0.09973113175413637,1.9882780760700713,0.8812908992306927,0.0,1,rf,0.9,0.8933333333333333,0.05992007255554199,0.8333333333333334,"{'estimator__bootstrap': True, 'estimator__ccp_alpha': 0.0, 'estimator__class_weight': None, 'estimator__criterion': 'gini', 'estimator__max_depth': None, 'estimator__max_features': 'sqrt', 'estimator__max_leaf_nodes': None, 'estimator__max_samples': None, 'estimator__min_impurity_decrease': 0.0, 'estimator__min_samples_leaf': 1, 'estimator__min_samples_split': 2, 'estimator__min_weight_fraction_leaf': 0.0, 'estimator__monotonic_cst': None, 'estimator__n_estimators': 100, 'estimator__n_jobs': None, 'estimator__oob_score': False, 'estimator__random_state': 42, 'estimator__verbose': 0, 'estimator__warm_start': False, 'estimator': RandomForestClassifier(random_state=42), 'n_jobs': None}"
class_data-5.csv,pca,3,70,0.04285714285714286,3,1.4754509189494853,0.49543109056740847,8.881784197001252e-16,0.115568355676081,210,1,0.12000000000000001,0.05291502622129181,1.9810872482411077e+18,3.555842025667471e+18,-0.2707763078276611,0.188134190038684,-0.27461524496479833,0.3075675487536773,-0.7810660149179627,0.09973113175413637,1.9882780760700713,0.8812908992306927,0.0,1,svc,0.7,0.5764705882352941,0.0031380653381347656,0.5,"{'estimator__C': 0.01, 'estimator__break_ties': False, 'estimator__cache_size': 200, 'estimator__class_weight': None, 'estimator__coef0': 0.0, 'estimator__decision_function_shape': 'ovr', 'estimator__degree': 3, 'estimator__gamma': 0.1, 'estimator__kernel': 'linear', 'estimator__max_iter': -1, 'estimator__probability': False, 'estimator__random_state': 42, 'estimator__shrinking': True, 'estimator__tol': 0.001, 'estimator__verbose': False, 'estimator': SVC(C=0.01, gamma=0.1, kernel='linear', probability=False, random_state=42), 'n_jobs': None}"
class_data-5.csv,nmf,3,70,0.04285714285714286,2,3.8952019837992564,1.3999199232365647,2.5792526950725607,0.174259716946622,202,1,0.02666666666666667,0.015275252316519468,56.27036206154452,3.8193661215077337,0.03284846680984851,0.2325701009445619,-0.8482438908966395,0.19816764090443914,0.9619345906642293,0.005231761056197311,1.9882564260543243,0.8812908992306927,0.0,1,dt,0.8333333333333334,0.8303693570451436,0.002780914306640625,0.7857142857142858,"{'estimator__ccp_alpha': 0.0, 'estimator__class_weight': None, 'estimator__criterion': 'gini', 'estimator__max_depth': None, 'estimator__max_features': None, 'estimator__max_leaf_nodes': None, 'estimator__min_impurity_decrease': 0.0, 'estimator__min_samples_leaf': 1, 'estimator__min_samples_split': 2, 'estimator__min_weight_fraction_leaf': 0.0, 'estimator__monotonic_cst': None, 'estimator__random_state': 42, 'estimator__splitter': 'best', 'estimator': DecisionTreeClassifier(random_state=42), 'n_jobs': None}"
class_data-5.csv,nmf,3,70,0.04285714285714286,2,3.8952019837992564,1.3999199232365647,2.5792526950725607,0.174259716946622,202,1,0.02666666666666667,0.015275252316519468,56.27036206154452,3.8193661215077337,0.03284846680984851,0.2325701009445619,-0.8482438908966395,0.19816764090443914,0.9619345906642293,0.005231761056197311,1.9882564260543243,0.8812908992306927,0.0,1,lr,0.8,0.7625,0.002688169479370117,0.6666666666666667,"{'estimator__C': 1.0, 'estimator__class_weight': None, 'estimator__dual': False, 'estimator__fit_intercept': True, 'estimator__intercept_scaling': 1, 'estimator__l1_ratio': None, 'estimator__max_iter': 10000, 'estimator__n_jobs': None, 'estimator__penalty': 'l2', 'estimator__random_state': 42, 'estimator__solver': 'saga', 'estimator__tol': 0.0001, 'estimator__verbose': 0, 'estimator__warm_start': False, 'estimator': LogisticRegression(l1_ratio=None, max_iter=10000, penalty='l2', random_state=42,
                   solver='saga'), 'n_jobs': None}"
class_data-5.csv,nmf,3,70,0.04285714285714286,2,3.8952019837992564,1.3999199232365647,2.5792526950725607,0.174259716946622,202,1,0.02666666666666667,0.015275252316519468,56.27036206154452,3.8193661215077337,0.03284846680984851,0.2325701009445619,-0.8482438908966395,0.19816764090443914,0.9619345906642293,0.005231761056197311,1.9882564260543243,0.8812908992306927,0.0,1,mlp,0.9666666666666667,0.9660738714090286,0.07240509986877441,0.9444444444444444,"{'estimator__activation': 'relu', 'estimator__alpha': 0.0001, 'estimator__batch_size': 'auto', 'estimator__beta_1': 0.9, 'estimator__beta_2': 0.999, 'estimator__early_stopping': False, 'estimator__epsilon': 1e-08, 'estimator__hidden_layer_sizes': 100, 'estimator__learning_rate': 'constant', 'estimator__learning_rate_init': 0.001, 'estimator__max_fun': 15000, 'estimator__max_iter': 10000, 'estimator__momentum': 0.9, 'estimator__n_iter_no_change': 10, 'estimator__nesterovs_momentum': True, 'estimator__power_t': 0.5, 'estimator__random_state': 42, 'estimator__shuffle': True, 'estimator__solver': 'adam', 'estimator__tol': 0.0001, 'estimator__validation_fraction': 0.1, 'estimator__verbose': False, 'estimator__warm_start': False, 'estimator': MLPClassifier(hidden_layer_sizes=100, max_iter=10000, random_state=42), 'n_jobs': None}"
class_data-5.csv,nmf,3,70,0.04285714285714286,2,3.8952019837992564,1.3999199232365647,2.5792526950725607,0.174259716946622,202,1,0.02666666666666667,0.015275252316519468,56.27036206154452,3.8193661215077337,0.03284846680984851,0.2325701009445619,-0.8482438908966395,0.19816764090443914,0.9619345906642293,0.005231761056197311,1.9882564260543243,0.8812908992306927,0.0,1,nb,0.9,0.8982216142270861,0.0025658607482910156,0.8650793650793651,"{'estimator__priors': None, 'estimator__var_smoothing': 1e-09, 'estimator': GaussianNB(), 'n_jobs': None}"
class_data-5.csv,nmf,3,70,0.04285714285714286,2,3.8952019837992564,1.3999199232365647,2.5792526950725607,0.174259716946622,202,1,0.02666666666666667,0.015275252316519468,56.27036206154452,3.8193661215077337,0.03284846680984851,0.2325701009445619,-0.8482438908966395,0.19816764090443914,0.9619345906642293,0.005231761056197311,1.9882564260543243,0.8812908992306927,0.0,1,rf,0.9,0.8982216142270861,0.05962109565734863,0.8650793650793651,"{'estimator__bootstrap': True, 'estimator__ccp_alpha': 0.0, 'estimator__class_weight': None, 'estimator__criterion': 'gini', 'estimator__max_depth': None, 'estimator__max_features': 'sqrt', 'estimator__max_leaf_nodes': None, 'estimator__max_samples': None, 'estimator__min_impurity_decrease': 0.0, 'estimator__min_samples_leaf': 1, 'estimator__min_samples_split': 2, 'estimator__min_weight_fraction_leaf': 0.0, 'estimator__monotonic_cst': None, 'estimator__n_estimators': 100, 'estimator__n_jobs': None, 'estimator__oob_score': False, 'estimator__random_state': 42, 'estimator__verbose': 0, 'estimator__warm_start': False, 'estimator': RandomForestClassifier(random_state=42), 'n_jobs': None}"
class_data-5.csv,nmf,3,70,0.04285714285714286,2,3.8952019837992564,1.3999199232365647,2.5792526950725607,0.174259716946622,202,1,0.02666666666666667,0.015275252316519468,56.27036206154452,3.8193661215077337,0.03284846680984851,0.2325701009445619,-0.8482438908966395,0.19816764090443914,0.9619345906642293,0.005231761056197311,1.9882564260543243,0.8812908992306927,0.0,1,svc,0.7,0.5764705882352941,0.0030629634857177734,0.5,"{'estimator__C': 0.01, 'estimator__break_ties': False, 'estimator__cache_size': 200, 'estimator__class_weight': None, 'estimator__coef0': 0.0, 'estimator__decision_function_shape': 'ovr', 'estimator__degree': 3, 'estimator__gamma': 0.1, 'estimator__kernel': 'linear', 'estimator__max_iter': -1, 'estimator__probability': False, 'estimator__random_state': 42, 'estimator__shrinking': True, 'estimator__tol': 0.001, 'estimator__verbose': False, 'estimator': SVC(C=0.01, gamma=0.1, kernel='linear', probability=False, random_state=42), 'n_jobs': None}"
class_data-5.csv,none,20,70,0.2857142857142857,18,4.070759614026405e+16,0.1979849882822052,37.7301975685631,0.07403051185349628,1380,5,0.04800000000000001,0.010563093645728088,43.23749945762371,7.636982329517661,0.0009716823059969848,0.1856767535961909,-0.20188861161387778,0.564464956973892,9.562447462662702,0.711498249430915,1.9982663273361683,0.8812908992306927,0.0,1,dt,0.9333333333333333,0.9333333333333333,0.0026841163635253906,0.9206349206349206,"{'estimator__ccp_alpha': 0.0, 'estimator__class_weight': None, 'estimator__criterion': 'gini', 'estimator__max_depth': None, 'estimator__max_features': None, 'estimator__max_leaf_nodes': None, 'estimator__min_impurity_decrease': 0.0, 'estimator__min_samples_leaf': 1, 'estimator__min_samples_split': 2, 'estimator__min_weight_fraction_leaf': 0.0, 'estimator__monotonic_cst': None, 'estimator__random_state': 42, 'estimator__splitter': 'best', 'estimator': DecisionTreeClassifier(random_state=42), 'n_jobs': None}"
class_data-5.csv,none,20,70,0.2857142857142857,18,4.070759614026405e+16,0.1979849882822052,37.7301975685631,0.07403051185349628,1380,5,0.04800000000000001,0.010563093645728088,43.23749945762371,7.636982329517661,0.0009716823059969848,0.1856767535961909,-0.20188861161387778,0.564464956973892,9.562447462662702,0.711498249430915,1.9982663273361683,0.8812908992306927,0.0,1,lr,0.9666666666666667,0.9660738714090286,0.003453969955444336,0.9444444444444444,"{'estimator__C': 1.0, 'estimator__class_weight': None, 'estimator__dual': False, 'estimator__fit_intercept': True, 'estimator__intercept_scaling': 1, 'estimator__l1_ratio': None, 'estimator__max_iter': 10000, 'estimator__n_jobs': None, 'estimator__penalty': 'l2', 'estimator__random_state': 42, 'estimator__solver': 'saga', 'estimator__tol': 0.0001, 'estimator__verbose': 0, 'estimator__warm_start': False, 'estimator': LogisticRegression(l1_ratio=None, max_iter=10000, penalty='l2', random_state=42,
                   solver='saga'), 'n_jobs': None}"
class_data-5.csv,none,20,70,0.2857142857142857,18,4.070759614026405e+16,0.1979849882822052,37.7301975685631,0.07403051185349628,1380,5,0.04800000000000001,0.010563093645728088,43.23749945762371,7.636982329517661,0.0009716823059969848,0.1856767535961909,-0.20188861161387778,0.564464956973892,9.562447462662702,0.711498249430915,1.9982663273361683,0.8812908992306927,0.0,1,mlp,0.9666666666666667,0.9660738714090286,0.08116388320922852,0.9444444444444444,"{'estimator__activation': 'relu', 'estimator__alpha': 0.0001, 'estimator__batch_size': 'auto', 'estimator__beta_1': 0.9, 'estimator__beta_2': 0.999, 'estimator__early_stopping': False, 'estimator__epsilon': 1e-08, 'estimator__hidden_layer_sizes': 100, 'estimator__learning_rate': 'constant', 'estimator__learning_rate_init': 0.001, 'estimator__max_fun': 15000, 'estimator__max_iter': 10000, 'estimator__momentum': 0.9, 'estimator__n_iter_no_change': 10, 'estimator__nesterovs_momentum': True, 'estimator__power_t': 0.5, 'estimator__random_state': 42, 'estimator__shuffle': True, 'estimator__solver': 'adam', 'estimator__tol': 0.0001, 'estimator__validation_fraction': 0.1, 'estimator__verbose': False, 'estimator__warm_start': False, 'estimator': MLPClassifier(hidden_layer_sizes=100, max_iter=10000, random_state=42), 'n_jobs': None}"
class_data-5.csv,none,20,70,0.2857142857142857,18,4.070759614026405e+16,0.1979849882822052,37.7301975685631,0.07403051185349628,1380,5,0.04800000000000001,0.010563093645728088,43.23749945762371,7.636982329517661,0.0009716823059969848,0.1856767535961909,-0.20188861161387778,0.564464956973892,9.562447462662702,0.711498249430915,1.9982663273361683,0.8812908992306927,0.0,1,nb,0.8666666666666667,0.8613636363636363,0.0026998519897460938,0.8095238095238095,"{'estimator__priors': None, 'estimator__var_smoothing': 1e-09, 'estimator': GaussianNB(), 'n_jobs': None}"
class_data-5.csv,none,20,70,0.2857142857142857,18,4.070759614026405e+16,0.1979849882822052,37.7301975685631,0.07403051185349628,1380,5,0.04800000000000001,0.010563093645728088,43.23749945762371,7.636982329517661,0.0009716823059969848,0.1856767535961909,-0.20188861161387778,0.564464956973892,9.562447462662702,0.711498249430915,1.9982663273361683,0.8812908992306927,0.0,1,rf,0.9666666666666667,0.9660738714090286,0.05970406532287598,0.9444444444444444,"{'estimator__bootstrap': True, 'estimator__ccp_alpha': 0.0, 'estimator__class_weight': None, 'estimator__criterion': 'gini', 'estimator__max_depth': None, 'estimator__max_features': 'sqrt', 'estimator__max_leaf_nodes': None, 'estimator__max_samples': None, 'estimator__min_impurity_decrease': 0.0, 'estimator__min_samples_leaf': 1, 'estimator__min_samples_split': 2, 'estimator__min_weight_fraction_leaf': 0.0, 'estimator__monotonic_cst': None, 'estimator__n_estimators': 100, 'estimator__n_jobs': None, 'estimator__oob_score': False, 'estimator__random_state': 42, 'estimator__verbose': 0, 'estimator__warm_start': False, 'estimator': RandomForestClassifier(random_state=42), 'n_jobs': None}"
class_data-5.csv,none,20,70,0.2857142857142857,18,4.070759614026405e+16,0.1979849882822052,37.7301975685631,0.07403051185349628,1380,5,0.04800000000000001,0.010563093645728088,43.23749945762371,7.636982329517661,0.0009716823059969848,0.1856767535961909,-0.20188861161387778,0.564464956973892,9.562447462662702,0.711498249430915,1.9982663273361683,0.8812908992306927,0.0,1,svc,0.7,0.5764705882352941,0.0031290054321289062,0.5,"{'estimator__C': 0.01, 'estimator__break_ties': False, 'estimator__cache_size': 200, 'estimator__class_weight': None, 'estimator__coef0': 0.0, 'estimator__decision_function_shape': 'ovr', 'estimator__degree': 3, 'estimator__gamma': 0.1, 'estimator__kernel': 'linear', 'estimator__max_iter': -1, 'estimator__probability': False, 'estimator__random_state': 42, 'estimator__shrinking': True, 'estimator__tol': 0.001, 'estimator__verbose': False, 'estimator': SVC(C=0.01, gamma=0.1, kernel='linear', probability=False, random_state=42), 'n_jobs': None}"
class_data-5.csv,pca,3,70,0.04285714285714286,3,1.5840138817580138,0.6356803526772452,8.881784197001252e-16,0.15090220183960698,210,1,0.12333333333333335,0.05859465277082315,1.0798882539834418e+17,2.6023570688888986e+17,-0.2033898312961588,0.18086412883679606,-0.24701311702311304,0.30854719207367287,-0.6843373693991323,0.0953568166842701,1.988237784362613,0.8812908992306927,0.0,2,dt,0.9,0.8933333333333333,0.0025908946990966797,0.8333333333333334,"{'estimator__ccp_alpha': 0.0, 'estimator__class_weight': None, 'estimator__criterion': 'gini', 'estimator__max_depth': None, 'estimator__max_features': None, 'estimator__max_leaf_nodes': None, 'estimator__min_impurity_decrease': 0.0, 'estimator__min_samples_leaf': 1, 'estimator__min_samples_split': 2, 'estimator__min_weight_fraction_leaf': 0.0, 'estimator__monotonic_cst': None, 'estimator__random_state': 42, 'estimator__splitter': 'best', 'estimator': DecisionTreeClassifier(random_state=42), 'n_jobs': None}"
class_data-5.csv,pca,3,70,0.04285714285714286,3,1.5840138817580138,0.6356803526772452,8.881784197001252e-16,0.15090220183960698,210,1,0.12333333333333335,0.05859465277082315,1.0798882539834418e+17,2.6023570688888986e+17,-0.2033898312961588,0.18086412883679606,-0.24701311702311304,0.30854719207367287,-0.6843373693991323,0.0953568166842701,1.988237784362613,0.8812908992306927,0.0,2,lr,0.8,0.7625,0.0028579235076904297,0.6666666666666667,"{'estimator__C': 1.0, 'estimator__class_weight': None, 'estimator__dual': False, 'estimator__fit_intercept': True, 'estimator__intercept_scaling': 1, 'estimator__l1_ratio': None, 'estimator__max_iter': 10000, 'estimator__n_jobs': None, 'estimator__penalty': 'l2', 'estimator__random_state': 42, 'estimator__solver': 'saga', 'estimator__tol': 0.0001, 'estimator__verbose': 0, 'estimator__warm_start': False, 'estimator': LogisticRegression(l1_ratio=None, max_iter=10000, penalty='l2', random_state=42,
                   solver='saga'), 'n_jobs': None}"
class_data-5.csv,pca,3,70,0.04285714285714286,3,1.5840138817580138,0.6356803526772452,8.881784197001252e-16,0.15090220183960698,210,1,0.12333333333333335,0.05859465277082315,1.0798882539834418e+17,2.6023570688888986e+17,-0.2033898312961588,0.18086412883679606,-0.24701311702311304,0.30854719207367287,-0.6843373693991323,0.0953568166842701,1.988237784362613,0.8812908992306927,0.0,2,mlp,0.9,0.8933333333333333,0.08493995666503906,0.8333333333333334,"{'estimator__activation': 'relu', 'estimator__alpha': 0.0001, 'estimator__batch_size': 'auto', 'estimator__beta_1': 0.9, 'estimator__beta_2': 0.999, 'estimator__early_stopping': False, 'estimator__epsilon': 1e-08, 'estimator__hidden_layer_sizes': 100, 'estimator__learning_rate': 'constant', 'estimator__learning_rate_init': 0.001, 'estimator__max_fun': 15000, 'estimator__max_iter': 10000, 'estimator__momentum': 0.9, 'estimator__n_iter_no_change': 10, 'estimator__nesterovs_momentum': True, 'estimator__power_t': 0.5, 'estimator__random_state': 42, 'estimator__shuffle': True, 'estimator__solver': 'adam', 'estimator__tol': 0.0001, 'estimator__validation_fraction': 0.1, 'estimator__verbose': False, 'estimator__warm_start': False, 'estimator': MLPClassifier(hidden_layer_sizes=100, max_iter=10000, random_state=42), 'n_jobs': None}"
class_data-5.csv,pca,3,70,0.04285714285714286,3,1.5840138817580138,0.6356803526772452,8.881784197001252e-16,0.15090220183960698,210,1,0.12333333333333335,0.05859465277082315,1.0798882539834418e+17,2.6023570688888986e+17,-0.2033898312961588,0.18086412883679606,-0.24701311702311304,0.30854719207367287,-0.6843373693991323,0.0953568166842701,1.988237784362613,0.8812908992306927,0.0,2,nb,0.8666666666666667,0.853416149068323,0.0028829574584960938,0.7777777777777778,"{'estimator__priors': None, 'estimator__var_smoothing': 1e-09, 'estimator': GaussianNB(), 'n_jobs': None}"
class_data-5.csv,pca,3,70,0.04285714285714286,3,1.5840138817580138,0.6356803526772452,8.881784197001252e-16,0.15090220183960698,210,1,0.12333333333333335,0.05859465277082315,1.0798882539834418e+17,2.6023570688888986e+17,-0.2033898312961588,0.18086412883679606,-0.24701311702311304,0.30854719207367287,-0.6843373693991323,0.0953568166842701,1.988237784362613,0.8812908992306927,0.0,2,rf,0.9333333333333333,0.9306818181818183,0.05248212814331055,0.8888888888888888,"{'estimator__bootstrap': True, 'estimator__ccp_alpha': 0.0, 'estimator__class_weight': None, 'estimator__criterion': 'gini', 'estimator__max_depth': None, 'estimator__max_features': 'sqrt', 'estimator__max_leaf_nodes': None, 'estimator__max_samples': None, 'estimator__min_impurity_decrease': 0.0, 'estimator__min_samples_leaf': 1, 'estimator__min_samples_split': 2, 'estimator__min_weight_fraction_leaf': 0.0, 'estimator__monotonic_cst': None, 'estimator__n_estimators': 100, 'estimator__n_jobs': None, 'estimator__oob_score': False, 'estimator__random_state': 42, 'estimator__verbose': 0, 'estimator__warm_start': False, 'estimator': RandomForestClassifier(random_state=42), 'n_jobs': None}"
class_data-5.csv,pca,3,70,0.04285714285714286,3,1.5840138817580138,0.6356803526772452,8.881784197001252e-16,0.15090220183960698,210,1,0.12333333333333335,0.05859465277082315,1.0798882539834418e+17,2.6023570688888986e+17,-0.2033898312961588,0.18086412883679606,-0.24701311702311304,0.30854719207367287,-0.6843373693991323,0.0953568166842701,1.988237784362613,0.8812908992306927,0.0,2,svc,0.7,0.5764705882352941,0.0031931400299072266,0.5,"{'estimator__C': 0.01, 'estimator__break_ties': False, 'estimator__cache_size': 200, 'estimator__class_weight': None, 'estimator__coef0': 0.0, 'estimator__decision_function_shape': 'ovr', 'estimator__degree': 3, 'estimator__gamma': 0.1, 'estimator__kernel': 'linear', 'estimator__max_iter': -1, 'estimator__probability': False, 'estimator__random_state': 42, 'estimator__shrinking': True, 'estimator__tol': 0.001, 'estimator__verbose': False, 'estimator': SVC(C=0.01, gamma=0.1, kernel='linear', probability=False, random_state=42), 'n_jobs': None}"
class_data-5.csv,nmf,3,70,0.04285714285714286,2,4.214098675196474,1.682297559450468,2.9518708302825063,0.21644722277468395,206,1,0.023333333333333334,0.011547005383792514,53.244623196189956,6.943721929335498,-0.007996423398410335,0.46977522190054616,-0.8570307967021288,0.46706914574192593,1.0682349555093167,0.006887349227450345,1.9881307472243923,0.8812908992306927,0.0,2,dt,0.8,0.7801242236024845,0.0029518604278564453,0.6984126984126984,"{'estimator__ccp_alpha': 0.0, 'estimator__class_weight': None, 'estimator__criterion': 'gini', 'estimator__max_depth': None, 'estimator__max_features': None, 'estimator__max_leaf_nodes': None, 'estimator__min_impurity_decrease': 0.0, 'estimator__min_samples_leaf': 1, 'estimator__min_samples_split': 2, 'estimator__min_weight_fraction_leaf': 0.0, 'estimator__monotonic_cst': None, 'estimator__random_state': 42, 'estimator__splitter': 'best', 'estimator': DecisionTreeClassifier(random_state=42), 'n_jobs': None}"
class_data-5.csv,nmf,3,70,0.04285714285714286,2,4.214098675196474,1.682297559450468,2.9518708302825063,0.21644722277468395,206,1,0.023333333333333334,0.011547005383792514,53.244623196189956,6.943721929335498,-0.007996423398410335,0.46977522190054616,-0.8570307967021288,0.46706914574192593,1.0682349555093167,0.006887349227450345,1.9881307472243923,0.8812908992306927,0.0,2,lr,0.7,0.5764705882352941,0.002740144729614258,0.5,"{'estimator__C': 1.0, 'estimator__class_weight': None, 'estimator__dual': False, 'estimator__fit_intercept': True, 'estimator__intercept_scaling': 1, 'estimator__l1_ratio': None, 'estimator__max_iter': 10000, 'estimator__n_jobs': None, 'estimator__penalty': 'l2', 'estimator__random_state': 42, 'estimator__solver': 'saga', 'estimator__tol': 0.0001, 'estimator__verbose': 0, 'estimator__warm_start': False, 'estimator': LogisticRegression(l1_ratio=None, max_iter=10000, penalty='l2', random_state=42,
                   solver='saga'), 'n_jobs': None}"
class_data-5.csv,nmf,3,70,0.04285714285714286,2,4.214098675196474,1.682297559450468,2.9518708302825063,0.21644722277468395,206,1,0.023333333333333334,0.011547005383792514,53.244623196189956,6.943721929335498,-0.007996423398410335,0.46977522190054616,-0.8570307967021288,0.46706914574192593,1.0682349555093167,0.006887349227450345,1.9881307472243923,0.8812908992306927,0.0,2,mlp,0.9333333333333333,0.9306818181818183,0.10048508644104004,0.8888888888888888,"{'estimator__activation': 'relu', 'estimator__alpha': 0.0001, 'estimator__batch_size': 'auto', 'estimator__beta_1': 0.9, 'estimator__beta_2': 0.999, 'estimator__early_stopping': False, 'estimator__epsilon': 1e-08, 'estimator__hidden_layer_sizes': 100, 'estimator__learning_rate': 'constant', 'estimator__learning_rate_init': 0.001, 'estimator__max_fun': 15000, 'estimator__max_iter': 10000, 'estimator__momentum': 0.9, 'estimator__n_iter_no_change': 10, 'estimator__nesterovs_momentum': True, 'estimator__power_t': 0.5, 'estimator__random_state': 42, 'estimator__shuffle': True, 'estimator__solver': 'adam', 'estimator__tol': 0.0001, 'estimator__validation_fraction': 0.1, 'estimator__verbose': False, 'estimator__warm_start': False, 'estimator': MLPClassifier(hidden_layer_sizes=100, max_iter=10000, random_state=42), 'n_jobs': None}"
class_data-5.csv,nmf,3,70,0.04285714285714286,2,4.214098675196474,1.682297559450468,2.9518708302825063,0.21644722277468395,206,1,0.023333333333333334,0.011547005383792514,53.244623196189956,6.943721929335498,-0.007996423398410335,0.46977522190054616,-0.8570307967021288,0.46706914574192593,1.0682349555093167,0.006887349227450345,1.9881307472243923,0.8812908992306927,0.0,2,nb,0.8666666666666667,0.853416149068323,0.0027570724487304688,0.7777777777777778,"{'estimator__priors': None, 'estimator__var_smoothing': 1e-09, 'estimator': GaussianNB(), 'n_jobs': None}"
class_data-5.csv,nmf,3,70,0.04285714285714286,2,4.214098675196474,1.682297559450468,2.9518708302825063,0.21644722277468395,206,1,0.023333333333333334,0.011547005383792514,53.244623196189956,6.943721929335498,-0.007996423398410335,0.46977522190054616,-0.8570307967021288,0.46706914574192593,1.0682349555093167,0.006887349227450345,1.9881307472243923,0.8812908992306927,0.0,2,rf,0.9333333333333333,0.9306818181818183,0.0606229305267334,0.8888888888888888,"{'estimator__bootstrap': True, 'estimator__ccp_alpha': 0.0, 'estimator__class_weight': None, 'estimator__criterion': 'gini', 'estimator__max_depth': None, 'estimator__max_features': 'sqrt', 'estimator__max_leaf_nodes': None, 'estimator__max_samples': None, 'estimator__min_impurity_decrease': 0.0, 'estimator__min_samples_leaf': 1, 'estimator__min_samples_split': 2, 'estimator__min_weight_fraction_leaf': 0.0, 'estimator__monotonic_cst': None, 'estimator__n_estimators': 100, 'estimator__n_jobs': None, 'estimator__oob_score': False, 'estimator__random_state': 42, 'estimator__verbose': 0, 'estimator__warm_start': False, 'estimator': RandomForestClassifier(random_state=42), 'n_jobs': None}"
class_data-5.csv,nmf,3,70,0.04285714285714286,2,4.214098675196474,1.682297559450468,2.9518708302825063,0.21644722277468395,206,1,0.023333333333333334,0.011547005383792514,53.244623196189956,6.943721929335498,-0.007996423398410335,0.46977522190054616,-0.8570307967021288,0.46706914574192593,1.0682349555093167,0.006887349227450345,1.9881307472243923,0.8812908992306927,0.0,2,svc,0.7,0.5764705882352941,0.0032279491424560547,0.5,"{'estimator__C': 0.01, 'estimator__break_ties': False, 'estimator__cache_size': 200, 'estimator__class_weight': None, 'estimator__coef0': 0.0, 'estimator__decision_function_shape': 'ovr', 'estimator__degree': 3, 'estimator__gamma': 0.1, 'estimator__kernel': 'linear', 'estimator__max_iter': -1, 'estimator__probability': False, 'estimator__random_state': 42, 'estimator__shrinking': True, 'estimator__tol': 0.001, 'estimator__verbose': False, 'estimator': SVC(C=0.01, gamma=0.1, kernel='linear', probability=False, random_state=42), 'n_jobs': None}"
class_data-5.csv,none,20,70,0.2857142857142857,18,2.1137343159654996e+16,0.2514096797057762,40.45984964505323,0.07152282228617375,1380,6,0.04650000000000001,0.012680278927697552,42.08777077492415,6.782549743729756,-0.023740819413274515,0.2559503582860285,-0.18527333994831915,0.542990685204969,9.563360035865335,0.6906562644983719,1.998267153612999,0.8812908992306927,0.0,2,dt,0.9,0.8933333333333333,0.0025110244750976562,0.8333333333333334,"{'estimator__ccp_alpha': 0.0, 'estimator__class_weight': None, 'estimator__criterion': 'gini', 'estimator__max_depth': None, 'estimator__max_features': None, 'estimator__max_leaf_nodes': None, 'estimator__min_impurity_decrease': 0.0, 'estimator__min_samples_leaf': 1, 'estimator__min_samples_split': 2, 'estimator__min_weight_fraction_leaf': 0.0, 'estimator__monotonic_cst': None, 'estimator__random_state': 42, 'estimator__splitter': 'best', 'estimator': DecisionTreeClassifier(random_state=42), 'n_jobs': None}"
class_data-5.csv,none,20,70,0.2857142857142857,18,2.1137343159654996e+16,0.2514096797057762,40.45984964505323,0.07152282228617375,1380,6,0.04650000000000001,0.012680278927697552,42.08777077492415,6.782549743729756,-0.023740819413274515,0.2559503582860285,-0.18527333994831915,0.542990685204969,9.563360035865335,0.6906562644983719,1.998267153612999,0.8812908992306927,0.0,2,lr,0.8333333333333334,0.8101472995090016,0.0034589767456054688,0.7222222222222222,"{'estimator__C': 1.0, 'estimator__class_weight': None, 'estimator__dual': False, 'estimator__fit_intercept': True, 'estimator__intercept_scaling': 1, 'estimator__l1_ratio': None, 'estimator__max_iter': 10000, 'estimator__n_jobs': None, 'estimator__penalty': 'l2', 'estimator__random_state': 42, 'estimator__solver': 'saga', 'estimator__tol': 0.0001, 'estimator__verbose': 0, 'estimator__warm_start': False, 'estimator': LogisticRegression(l1_ratio=None, max_iter=10000, penalty='l2', random_state=42,
                   solver='saga'), 'n_jobs': None}"
class_data-5.csv,none,20,70,0.2857142857142857,18,2.1137343159654996e+16,0.2514096797057762,40.45984964505323,0.07152282228617375,1380,6,0.04650000000000001,0.012680278927697552,42.08777077492415,6.782549743729756,-0.023740819413274515,0.2559503582860285,-0.18527333994831915,0.542990685204969,9.563360035865335,0.6906562644983719,1.998267153612999,0.8812908992306927,0.0,2,mlp,0.8,0.7920454545454546,0.0826728343963623,0.7301587301587301,"{'estimator__activation': 'relu', 'estimator__alpha': 0.0001, 'estimator__batch_size': 'auto', 'estimator__beta_1': 0.9, 'estimator__beta_2': 0.999, 'estimator__early_stopping': False, 'estimator__epsilon': 1e-08, 'estimator__hidden_layer_sizes': 100, 'estimator__learning_rate': 'constant', 'estimator__learning_rate_init': 0.001, 'estimator__max_fun': 15000, 'estimator__max_iter': 10000, 'estimator__momentum': 0.9, 'estimator__n_iter_no_change': 10, 'estimator__nesterovs_momentum': True, 'estimator__power_t': 0.5, 'estimator__random_state': 42, 'estimator__shuffle': True, 'estimator__solver': 'adam', 'estimator__tol': 0.0001, 'estimator__validation_fraction': 0.1, 'estimator__verbose': False, 'estimator__warm_start': False, 'estimator': MLPClassifier(hidden_layer_sizes=100, max_iter=10000, random_state=42), 'n_jobs': None}"
class_data-5.csv,none,20,70,0.2857142857142857,18,2.1137343159654996e+16,0.2514096797057762,40.45984964505323,0.07152282228617375,1380,6,0.04650000000000001,0.012680278927697552,42.08777077492415,6.782549743729756,-0.023740819413274515,0.2559503582860285,-0.18527333994831915,0.542990685204969,9.563360035865335,0.6906562644983719,1.998267153612999,0.8812908992306927,0.0,2,nb,0.8333333333333334,0.8222222222222222,0.002354860305786133,0.753968253968254,"{'estimator__priors': None, 'estimator__var_smoothing': 1e-09, 'estimator': GaussianNB(), 'n_jobs': None}"
class_data-5.csv,none,20,70,0.2857142857142857,18,2.1137343159654996e+16,0.2514096797057762,40.45984964505323,0.07152282228617375,1380,6,0.04650000000000001,0.012680278927697552,42.08777077492415,6.782549743729756,-0.023740819413274515,0.2559503582860285,-0.18527333994831915,0.542990685204969,9.563360035865335,0.6906562644983719,1.998267153612999,0.8812908992306927,0.0,2,rf,0.8333333333333334,0.8101472995090016,0.0612790584564209,0.7222222222222222,"{'estimator__bootstrap': True, 'estimator__ccp_alpha': 0.0, 'estimator__class_weight': None, 'estimator__criterion': 'gini', 'estimator__max_depth': None, 'estimator__max_features': 'sqrt', 'estimator__max_leaf_nodes': None, 'estimator__max_samples': None, 'estimator__min_impurity_decrease': 0.0, 'estimator__min_samples_leaf': 1, 'estimator__min_samples_split': 2, 'estimator__min_weight_fraction_leaf': 0.0, 'estimator__monotonic_cst': None, 'estimator__n_estimators': 100, 'estimator__n_jobs': None, 'estimator__oob_score': False, 'estimator__random_state': 42, 'estimator__verbose': 0, 'estimator__warm_start': False, 'estimator': RandomForestClassifier(random_state=42), 'n_jobs': None}"
class_data-5.csv,none,20,70,0.2857142857142857,18,2.1137343159654996e+16,0.2514096797057762,40.45984964505323,0.07152282228617375,1380,6,0.04650000000000001,0.012680278927697552,42.08777077492415,6.782549743729756,-0.023740819413274515,0.2559503582860285,-0.18527333994831915,0.542990685204969,9.563360035865335,0.6906562644983719,1.998267153612999,0.8812908992306927,0.0,2,svc,0.7,0.5764705882352941,0.0027320384979248047,0.5,"{'estimator__C': 0.01, 'estimator__break_ties': False, 'estimator__cache_size': 200, 'estimator__class_weight': None, 'estimator__coef0': 0.0, 'estimator__decision_function_shape': 'ovr', 'estimator__degree': 3, 'estimator__gamma': 0.1, 'estimator__kernel': 'linear', 'estimator__max_iter': -1, 'estimator__probability': False, 'estimator__random_state': 42, 'estimator__shrinking': True, 'estimator__tol': 0.001, 'estimator__verbose': False, 'estimator': SVC(C=0.01, gamma=0.1, kernel='linear', probability=False, random_state=42), 'n_jobs': None}"
class_data-6.csv,pca,3,70,0.04285714285714286,3,1.481300667109794,0.5646152099329308,2.6645352591003757e-15,0.14664223273246976,210,1,0.13,0.052915026221291815,-2.6978470938182877e+17,8.172953140926506e+16,0.0879960351201677,0.1681698867212619,-0.5944243344655029,0.29078495730458204,-0.909284900196093,0.09459728430245395,1.9880902214428933,1.0,0.0,1,dt,0.8,0.7963800904977376,0.002567291259765625,0.7999999999999999,"{'estimator__ccp_alpha': 0.0, 'estimator__class_weight': None, 'estimator__criterion': 'gini', 'estimator__max_depth': None, 'estimator__max_features': None, 'estimator__max_leaf_nodes': None, 'estimator__min_impurity_decrease': 0.0, 'estimator__min_samples_leaf': 1, 'estimator__min_samples_split': 2, 'estimator__min_weight_fraction_leaf': 0.0, 'estimator__monotonic_cst': None, 'estimator__random_state': 42, 'estimator__splitter': 'best', 'estimator': DecisionTreeClassifier(random_state=42), 'n_jobs': None}"
class_data-6.csv,pca,3,70,0.04285714285714286,3,1.481300667109794,0.5646152099329308,2.6645352591003757e-15,0.14664223273246976,210,1,0.13,0.052915026221291815,-2.6978470938182877e+17,8.172953140926506e+16,0.0879960351201677,0.1681698867212619,-0.5944243344655029,0.29078495730458204,-0.909284900196093,0.09459728430245395,1.9880902214428933,1.0,0.0,1,lr,0.9,0.899888765294772,0.0026710033416748047,0.9,"{'estimator__C': 1.0, 'estimator__class_weight': None, 'estimator__dual': False, 'estimator__fit_intercept': True, 'estimator__intercept_scaling': 1, 'estimator__l1_ratio': None, 'estimator__max_iter': 10000, 'estimator__n_jobs': None, 'estimator__penalty': 'l2', 'estimator__random_state': 42, 'estimator__solver': 'saga', 'estimator__tol': 0.0001, 'estimator__verbose': 0, 'estimator__warm_start': False, 'estimator': LogisticRegression(l1_ratio=None, max_iter=10000, penalty='l2', random_state=42,
                   solver='saga'), 'n_jobs': None}"
class_data-6.csv,pca,3,70,0.04285714285714286,3,1.481300667109794,0.5646152099329308,2.6645352591003757e-15,0.14664223273246976,210,1,0.13,0.052915026221291815,-2.6978470938182877e+17,8.172953140926506e+16,0.0879960351201677,0.1681698867212619,-0.5944243344655029,0.29078495730458204,-0.909284900196093,0.09459728430245395,1.9880902214428933,1.0,0.0,1,mlp,0.9,0.899888765294772,0.07954597473144531,0.9,"{'estimator__activation': 'relu', 'estimator__alpha': 0.0001, 'estimator__batch_size': 'auto', 'estimator__beta_1': 0.9, 'estimator__beta_2': 0.999, 'estimator__early_stopping': False, 'estimator__epsilon': 1e-08, 'estimator__hidden_layer_sizes': 100, 'estimator__learning_rate': 'constant', 'estimator__learning_rate_init': 0.001, 'estimator__max_fun': 15000, 'estimator__max_iter': 10000, 'estimator__momentum': 0.9, 'estimator__n_iter_no_change': 10, 'estimator__nesterovs_momentum': True, 'estimator__power_t': 0.5, 'estimator__random_state': 42, 'estimator__shuffle': True, 'estimator__solver': 'adam', 'estimator__tol': 0.0001, 'estimator__validation_fraction': 0.1, 'estimator__verbose': False, 'estimator__warm_start': False, 'estimator': MLPClassifier(hidden_layer_sizes=100, max_iter=10000, random_state=42), 'n_jobs': None}"
class_data-6.csv,pca,3,70,0.04285714285714286,3,1.481300667109794,0.5646152099329308,2.6645352591003757e-15,0.14664223273246976,210,1,0.13,0.052915026221291815,-2.6978470938182877e+17,8.172953140926506e+16,0.0879960351201677,0.1681698867212619,-0.5944243344655029,0.29078495730458204,-0.909284900196093,0.09459728430245395,1.9880902214428933,1.0,0.0,1,nb,0.9,0.899888765294772,0.002492189407348633,0.9,"{'estimator__priors': None, 'estimator__var_smoothing': 1e-09, 'estimator': GaussianNB(), 'n_jobs': None}"
class_data-6.csv,pca,3,70,0.04285714285714286,3,1.481300667109794,0.5646152099329308,2.6645352591003757e-15,0.14664223273246976,210,1,0.13,0.052915026221291815,-2.6978470938182877e+17,8.172953140926506e+16,0.0879960351201677,0.1681698867212619,-0.5944243344655029,0.29078495730458204,-0.909284900196093,0.09459728430245395,1.9880902214428933,1.0,0.0,1,rf,0.9,0.899888765294772,0.05296778678894043,0.9,"{'estimator__bootstrap': True, 'estimator__ccp_alpha': 0.0, 'estimator__class_weight': None, 'estimator__criterion': 'gini', 'estimator__max_depth': None, 'estimator__max_features': 'sqrt', 'estimator__max_leaf_nodes': None, 'estimator__max_samples': None, 'estimator__min_impurity_decrease': 0.0, 'estimator__min_samples_leaf': 1, 'estimator__min_samples_split': 2, 'estimator__min_weight_fraction_leaf': 0.0, 'estimator__monotonic_cst': None, 'estimator__n_estimators': 100, 'estimator__n_jobs': None, 'estimator__oob_score': False, 'estimator__random_state': 42, 'estimator__verbose': 0, 'estimator__warm_start': False, 'estimator': RandomForestClassifier(random_state=42), 'n_jobs': None}"
class_data-6.csv,pca,3,70,0.04285714285714286,3,1.481300667109794,0.5646152099329308,2.6645352591003757e-15,0.14664223273246976,210,1,0.13,0.052915026221291815,-2.6978470938182877e+17,8.172953140926506e+16,0.0879960351201677,0.1681698867212619,-0.5944243344655029,0.29078495730458204,-0.909284900196093,0.09459728430245395,1.9880902214428933,1.0,0.0,1,svc,0.8666666666666667,0.8666666666666667,0.0030889511108398438,0.8666666666666667,"{'estimator__C': 0.01, 'estimator__break_ties': False, 'estimator__cache_size': 200, 'estimator__class_weight': None, 'estimator__coef0': 0.0, 'estimator__decision_function_shape': 'ovr', 'estimator__degree': 3, 'estimator__gamma': 0.1, 'estimator__kernel': 'linear', 'estimator__max_iter': -1, 'estimator__probability': False, 'estimator__random_state': 42, 'estimator__shrinking': True, 'estimator__tol': 0.001, 'estimator__verbose': False, 'estimator': SVC(C=0.01, gamma=0.1, kernel='linear', probability=False, random_state=42), 'n_jobs': None}"
class_data-6.csv,nmf,3,70,0.04285714285714286,2,4.490085627522181,1.77846214680804,2.741965134702152,0.24542189744970044,204,1,0.02666666666666667,0.015275252316519468,57.65585815073283,2.386138708733304,0.08982500789456221,0.0828046695880428,-0.9501418092084926,0.11534680142296225,0.9432537812151454,0.00520917121401078,1.9882234720360574,1.0,0.0,1,dt,0.9,0.899888765294772,0.0023458003997802734,0.9,"{'estimator__ccp_alpha': 0.0, 'estimator__class_weight': None, 'estimator__criterion': 'gini', 'estimator__max_depth': None, 'estimator__max_features': None, 'estimator__max_leaf_nodes': None, 'estimator__min_impurity_decrease': 0.0, 'estimator__min_samples_leaf': 1, 'estimator__min_samples_split': 2, 'estimator__min_weight_fraction_leaf': 0.0, 'estimator__monotonic_cst': None, 'estimator__random_state': 42, 'estimator__splitter': 'best', 'estimator': DecisionTreeClassifier(random_state=42), 'n_jobs': None}"
class_data-6.csv,nmf,3,70,0.04285714285714286,2,4.490085627522181,1.77846214680804,2.741965134702152,0.24542189744970044,204,1,0.02666666666666667,0.015275252316519468,57.65585815073283,2.386138708733304,0.08982500789456221,0.0828046695880428,-0.9501418092084926,0.11534680142296225,0.9432537812151454,0.00520917121401078,1.9882234720360574,1.0,0.0,1,lr,0.8666666666666667,0.8666666666666667,0.002691030502319336,0.8666666666666667,"{'estimator__C': 1.0, 'estimator__class_weight': None, 'estimator__dual': False, 'estimator__fit_intercept': True, 'estimator__intercept_scaling': 1, 'estimator__l1_ratio': None, 'estimator__max_iter': 10000, 'estimator__n_jobs': None, 'estimator__penalty': 'l2', 'estimator__random_state': 42, 'estimator__solver': 'saga', 'estimator__tol': 0.0001, 'estimator__verbose': 0, 'estimator__warm_start': False, 'estimator': LogisticRegression(l1_ratio=None, max_iter=10000, penalty='l2', random_state=42,
                   solver='saga'), 'n_jobs': None}"
class_data-6.csv,nmf,3,70,0.04285714285714286,2,4.490085627522181,1.77846214680804,2.741965134702152,0.24542189744970044,204,1,0.02666666666666667,0.015275252316519468,57.65585815073283,2.386138708733304,0.08982500789456221,0.0828046695880428,-0.9501418092084926,0.11534680142296225,0.9432537812151454,0.00520917121401078,1.9882234720360574,1.0,0.0,1,mlp,0.9,0.899888765294772,0.08214402198791504,0.9,"{'estimator__activation': 'relu', 'estimator__alpha': 0.0001, 'estimator__batch_size': 'auto', 'estimator__beta_1': 0.9, 'estimator__beta_2': 0.999, 'estimator__early_stopping': False, 'estimator__epsilon': 1e-08, 'estimator__hidden_layer_sizes': 100, 'estimator__learning_rate': 'constant', 'estimator__learning_rate_init': 0.001, 'estimator__max_fun': 15000, 'estimator__max_iter': 10000, 'estimator__momentum': 0.9, 'estimator__n_iter_no_change': 10, 'estimator__nesterovs_momentum': True, 'estimator__power_t': 0.5, 'estimator__random_state': 42, 'estimator__shuffle': True, 'estimator__solver': 'adam', 'estimator__tol': 0.0001, 'estimator__validation_fraction': 0.1, 'estimator__verbose': False, 'estimator__warm_start': False, 'estimator': MLPClassifier(hidden_layer_sizes=100, max_iter=10000, random_state=42), 'n_jobs': None}"
class_data-6.csv,nmf,3,70,0.04285714285714286,2,4.490085627522181,1.77846214680804,2.741965134702152,0.24542189744970044,204,1,0.02666666666666667,0.015275252316519468,57.65585815073283,2.386138708733304,0.08982500789456221,0.0828046695880428,-0.9501418092084926,0.11534680142296225,0.9432537812151454,0.00520917121401078,1.9882234720360574,1.0,0.0,1,nb,0.9333333333333333,0.9330357142857143,0.0029098987579345703,0.9333333333333333,"{'estimator__priors': None, 'estimator__var_smoothing': 1e-09, 'estimator': GaussianNB(), 'n_jobs': None}"
class_data-6.csv,nmf,3,70,0.04285714285714286,2,4.490085627522181,1.77846214680804,2.741965134702152,0.24542189744970044,204,1,0.02666666666666667,0.015275252316519468,57.65585815073283,2.386138708733304,0.08982500789456221,0.0828046695880428,-0.9501418092084926,0.11534680142296225,0.9432537812151454,0.00520917121401078,1.9882234720360574,1.0,0.0,1,rf,0.9333333333333333,0.9333333333333333,0.05126667022705078,0.9333333333333333,"{'estimator__bootstrap': True, 'estimator__ccp_alpha': 0.0, 'estimator__class_weight': None, 'estimator__criterion': 'gini', 'estimator__max_depth': None, 'estimator__max_features': 'sqrt', 'estimator__max_leaf_nodes': None, 'estimator__max_samples': None, 'estimator__min_impurity_decrease': 0.0, 'estimator__min_samples_leaf': 1, 'estimator__min_samples_split': 2, 'estimator__min_weight_fraction_leaf': 0.0, 'estimator__monotonic_cst': None, 'estimator__n_estimators': 100, 'estimator__n_jobs': None, 'estimator__oob_score': False, 'estimator__random_state': 42, 'estimator__verbose': 0, 'estimator__warm_start': False, 'estimator': RandomForestClassifier(random_state=42), 'n_jobs': None}"
class_data-6.csv,nmf,3,70,0.04285714285714286,2,4.490085627522181,1.77846214680804,2.741965134702152,0.24542189744970044,204,1,0.02666666666666667,0.015275252316519468,57.65585815073283,2.386138708733304,0.08982500789456221,0.0828046695880428,-0.9501418092084926,0.11534680142296225,0.9432537812151454,0.00520917121401078,1.9882234720360574,1.0,0.0,1,svc,0.8666666666666667,0.8666666666666667,0.0029010772705078125,0.8666666666666667,"{'estimator__C': 0.01, 'estimator__break_ties': False, 'estimator__cache_size': 200, 'estimator__class_weight': None, 'estimator__coef0': 0.0, 'estimator__decision_function_shape': 'ovr', 'estimator__degree': 3, 'estimator__gamma': 0.1, 'estimator__kernel': 'linear', 'estimator__max_iter': -1, 'estimator__probability': False, 'estimator__random_state': 42, 'estimator__shrinking': True, 'estimator__tol': 0.001, 'estimator__verbose': False, 'estimator': SVC(C=0.01, gamma=0.1, kernel='linear', probability=False, random_state=42), 'n_jobs': None}"
class_data-6.csv,none,20,70,0.2857142857142857,18,1.6063011142256032e+16,0.2183222160322775,40.46245843778305,0.06105048279183474,1380,6,0.05000000000000001,0.010760551736979408,45.61632239300144,7.627377970506654,0.08470562689689713,0.1900186082490338,-0.3293092732443706,0.49155561132599646,9.562092819587782,0.7523520746612141,1.9982698753416102,1.0,0.0,1,dt,0.9666666666666667,0.9666295884315907,0.002560138702392578,0.9666666666666667,"{'estimator__ccp_alpha': 0.0, 'estimator__class_weight': None, 'estimator__criterion': 'gini', 'estimator__max_depth': None, 'estimator__max_features': None, 'estimator__max_leaf_nodes': None, 'estimator__min_impurity_decrease': 0.0, 'estimator__min_samples_leaf': 1, 'estimator__min_samples_split': 2, 'estimator__min_weight_fraction_leaf': 0.0, 'estimator__monotonic_cst': None, 'estimator__random_state': 42, 'estimator__splitter': 'best', 'estimator': DecisionTreeClassifier(random_state=42), 'n_jobs': None}"
class_data-6.csv,none,20,70,0.2857142857142857,18,1.6063011142256032e+16,0.2183222160322775,40.46245843778305,0.06105048279183474,1380,6,0.05000000000000001,0.010760551736979408,45.61632239300144,7.627377970506654,0.08470562689689713,0.1900186082490338,-0.3293092732443706,0.49155561132599646,9.562092819587782,0.7523520746612141,1.9982698753416102,1.0,0.0,1,lr,0.9333333333333333,0.9330357142857143,0.0029523372650146484,0.9333333333333333,"{'estimator__C': 1.0, 'estimator__class_weight': None, 'estimator__dual': False, 'estimator__fit_intercept': True, 'estimator__intercept_scaling': 1, 'estimator__l1_ratio': None, 'estimator__max_iter': 10000, 'estimator__n_jobs': None, 'estimator__penalty': 'l2', 'estimator__random_state': 42, 'estimator__solver': 'saga', 'estimator__tol': 0.0001, 'estimator__verbose': 0, 'estimator__warm_start': False, 'estimator': LogisticRegression(l1_ratio=None, max_iter=10000, penalty='l2', random_state=42,
                   solver='saga'), 'n_jobs': None}"
class_data-6.csv,none,20,70,0.2857142857142857,18,1.6063011142256032e+16,0.2183222160322775,40.46245843778305,0.06105048279183474,1380,6,0.05000000000000001,0.010760551736979408,45.61632239300144,7.627377970506654,0.08470562689689713,0.1900186082490338,-0.3293092732443706,0.49155561132599646,9.562092819587782,0.7523520746612141,1.9982698753416102,1.0,0.0,1,mlp,0.8666666666666667,0.8660714285714285,0.08092522621154785,0.8666666666666667,"{'estimator__activation': 'relu', 'estimator__alpha': 0.0001, 'estimator__batch_size': 'auto', 'estimator__beta_1': 0.9, 'estimator__beta_2': 0.999, 'estimator__early_stopping': False, 'estimator__epsilon': 1e-08, 'estimator__hidden_layer_sizes': 100, 'estimator__learning_rate': 'constant', 'estimator__learning_rate_init': 0.001, 'estimator__max_fun': 15000, 'estimator__max_iter': 10000, 'estimator__momentum': 0.9, 'estimator__n_iter_no_change': 10, 'estimator__nesterovs_momentum': True, 'estimator__power_t': 0.5, 'estimator__random_state': 42, 'estimator__shuffle': True, 'estimator__solver': 'adam', 'estimator__tol': 0.0001, 'estimator__validation_fraction': 0.1, 'estimator__verbose': False, 'estimator__warm_start': False, 'estimator': MLPClassifier(hidden_layer_sizes=100, max_iter=10000, random_state=42), 'n_jobs': None}"
class_data-6.csv,none,20,70,0.2857142857142857,18,1.6063011142256032e+16,0.2183222160322775,40.46245843778305,0.06105048279183474,1380,6,0.05000000000000001,0.010760551736979408,45.61632239300144,7.627377970506654,0.08470562689689713,0.1900186082490338,-0.3293092732443706,0.49155561132599646,9.562092819587782,0.7523520746612141,1.9982698753416102,1.0,0.0,1,nb,0.9666666666666667,0.9666295884315907,0.0023419857025146484,0.9666666666666667,"{'estimator__priors': None, 'estimator__var_smoothing': 1e-09, 'estimator': GaussianNB(), 'n_jobs': None}"
class_data-6.csv,none,20,70,0.2857142857142857,18,1.6063011142256032e+16,0.2183222160322775,40.46245843778305,0.06105048279183474,1380,6,0.05000000000000001,0.010760551736979408,45.61632239300144,7.627377970506654,0.08470562689689713,0.1900186082490338,-0.3293092732443706,0.49155561132599646,9.562092819587782,0.7523520746612141,1.9982698753416102,1.0,0.0,1,rf,1.0,1.0,0.062435150146484375,1.0,"{'estimator__bootstrap': True, 'estimator__ccp_alpha': 0.0, 'estimator__class_weight': None, 'estimator__criterion': 'gini', 'estimator__max_depth': None, 'estimator__max_features': 'sqrt', 'estimator__max_leaf_nodes': None, 'estimator__max_samples': None, 'estimator__min_impurity_decrease': 0.0, 'estimator__min_samples_leaf': 1, 'estimator__min_samples_split': 2, 'estimator__min_weight_fraction_leaf': 0.0, 'estimator__monotonic_cst': None, 'estimator__n_estimators': 100, 'estimator__n_jobs': None, 'estimator__oob_score': False, 'estimator__random_state': 42, 'estimator__verbose': 0, 'estimator__warm_start': False, 'estimator': RandomForestClassifier(random_state=42), 'n_jobs': None}"
class_data-6.csv,none,20,70,0.2857142857142857,18,1.6063011142256032e+16,0.2183222160322775,40.46245843778305,0.06105048279183474,1380,6,0.05000000000000001,0.010760551736979408,45.61632239300144,7.627377970506654,0.08470562689689713,0.1900186082490338,-0.3293092732443706,0.49155561132599646,9.562092819587782,0.7523520746612141,1.9982698753416102,1.0,0.0,1,svc,0.9666666666666667,0.9666295884315907,0.0031201839447021484,0.9666666666666667,"{'estimator__C': 0.01, 'estimator__break_ties': False, 'estimator__cache_size': 200, 'estimator__class_weight': None, 'estimator__coef0': 0.0, 'estimator__decision_function_shape': 'ovr', 'estimator__degree': 3, 'estimator__gamma': 0.1, 'estimator__kernel': 'linear', 'estimator__max_iter': -1, 'estimator__probability': False, 'estimator__random_state': 42, 'estimator__shrinking': True, 'estimator__tol': 0.001, 'estimator__verbose': False, 'estimator': SVC(C=0.01, gamma=0.1, kernel='linear', probability=False, random_state=42), 'n_jobs': None}"
class_data-6.csv,pca,3,70,0.04285714285714286,3,1.5348771729060073,0.6441976616524613,1.7763568394002505e-15,0.16739520761587942,210,1,0.12666666666666668,0.06429100507328638,-2.1450102884694876e+18,3.231794441603506e+18,0.0879204681604519,0.0669494579546818,-0.5053042116709482,0.5157873947328178,-0.8263626656771282,0.10310212950146651,1.9883279384453951,1.0,0.0,2,dt,0.8666666666666667,0.8666666666666667,0.002494335174560547,0.8666666666666667,"{'estimator__ccp_alpha': 0.0, 'estimator__class_weight': None, 'estimator__criterion': 'gini', 'estimator__max_depth': None, 'estimator__max_features': None, 'estimator__max_leaf_nodes': None, 'estimator__min_impurity_decrease': 0.0, 'estimator__min_samples_leaf': 1, 'estimator__min_samples_split': 2, 'estimator__min_weight_fraction_leaf': 0.0, 'estimator__monotonic_cst': None, 'estimator__random_state': 42, 'estimator__splitter': 'best', 'estimator': DecisionTreeClassifier(random_state=42), 'n_jobs': None}"
class_data-6.csv,pca,3,70,0.04285714285714286,3,1.5348771729060073,0.6441976616524613,1.7763568394002505e-15,0.16739520761587942,210,1,0.12666666666666668,0.06429100507328638,-2.1450102884694876e+18,3.231794441603506e+18,0.0879204681604519,0.0669494579546818,-0.5053042116709482,0.5157873947328178,-0.8263626656771282,0.10310212950146651,1.9883279384453951,1.0,0.0,2,lr,0.9,0.899888765294772,0.0023491382598876953,0.9,"{'estimator__C': 1.0, 'estimator__class_weight': None, 'estimator__dual': False, 'estimator__fit_intercept': True, 'estimator__intercept_scaling': 1, 'estimator__l1_ratio': None, 'estimator__max_iter': 10000, 'estimator__n_jobs': None, 'estimator__penalty': 'l2', 'estimator__random_state': 42, 'estimator__solver': 'saga', 'estimator__tol': 0.0001, 'estimator__verbose': 0, 'estimator__warm_start': False, 'estimator': LogisticRegression(l1_ratio=None, max_iter=10000, penalty='l2', random_state=42,
                   solver='saga'), 'n_jobs': None}"
class_data-6.csv,pca,3,70,0.04285714285714286,3,1.5348771729060073,0.6441976616524613,1.7763568394002505e-15,0.16739520761587942,210,1,0.12666666666666668,0.06429100507328638,-2.1450102884694876e+18,3.231794441603506e+18,0.0879204681604519,0.0669494579546818,-0.5053042116709482,0.5157873947328178,-0.8263626656771282,0.10310212950146651,1.9883279384453951,1.0,0.0,2,mlp,0.9,0.899888765294772,0.0683598518371582,0.9,"{'estimator__activation': 'relu', 'estimator__alpha': 0.0001, 'estimator__batch_size': 'auto', 'estimator__beta_1': 0.9, 'estimator__beta_2': 0.999, 'estimator__early_stopping': False, 'estimator__epsilon': 1e-08, 'estimator__hidden_layer_sizes': 100, 'estimator__learning_rate': 'constant', 'estimator__learning_rate_init': 0.001, 'estimator__max_fun': 15000, 'estimator__max_iter': 10000, 'estimator__momentum': 0.9, 'estimator__n_iter_no_change': 10, 'estimator__nesterovs_momentum': True, 'estimator__power_t': 0.5, 'estimator__random_state': 42, 'estimator__shuffle': True, 'estimator__solver': 'adam', 'estimator__tol': 0.0001, 'estimator__validation_fraction': 0.1, 'estimator__verbose': False, 'estimator__warm_start': False, 'estimator': MLPClassifier(hidden_layer_sizes=100, max_iter=10000, random_state=42), 'n_jobs': None}"
class_data-6.csv,pca,3,70,0.04285714285714286,3,1.5348771729060073,0.6441976616524613,1.7763568394002505e-15,0.16739520761587942,210,1,0.12666666666666668,0.06429100507328638,-2.1450102884694876e+18,3.231794441603506e+18,0.0879204681604519,0.0669494579546818,-0.5053042116709482,0.5157873947328178,-0.8263626656771282,0.10310212950146651,1.9883279384453951,1.0,0.0,2,nb,0.9,0.898989898989899,0.0023491382598876953,0.9,"{'estimator__priors': None, 'estimator__var_smoothing': 1e-09, 'estimator': GaussianNB(), 'n_jobs': None}"
class_data-6.csv,pca,3,70,0.04285714285714286,3,1.5348771729060073,0.6441976616524613,1.7763568394002505e-15,0.16739520761587942,210,1,0.12666666666666668,0.06429100507328638,-2.1450102884694876e+18,3.231794441603506e+18,0.0879204681604519,0.0669494579546818,-0.5053042116709482,0.5157873947328178,-0.8263626656771282,0.10310212950146651,1.9883279384453951,1.0,0.0,2,rf,0.9,0.898989898989899,0.06168174743652344,0.9,"{'estimator__bootstrap': True, 'estimator__ccp_alpha': 0.0, 'estimator__class_weight': None, 'estimator__criterion': 'gini', 'estimator__max_depth': None, 'estimator__max_features': 'sqrt', 'estimator__max_leaf_nodes': None, 'estimator__max_samples': None, 'estimator__min_impurity_decrease': 0.0, 'estimator__min_samples_leaf': 1, 'estimator__min_samples_split': 2, 'estimator__min_weight_fraction_leaf': 0.0, 'estimator__monotonic_cst': None, 'estimator__n_estimators': 100, 'estimator__n_jobs': None, 'estimator__oob_score': False, 'estimator__random_state': 42, 'estimator__verbose': 0, 'estimator__warm_start': False, 'estimator': RandomForestClassifier(random_state=42), 'n_jobs': None}"
class_data-6.csv,pca,3,70,0.04285714285714286,3,1.5348771729060073,0.6441976616524613,1.7763568394002505e-15,0.16739520761587942,210,1,0.12666666666666668,0.06429100507328638,-2.1450102884694876e+18,3.231794441603506e+18,0.0879204681604519,0.0669494579546818,-0.5053042116709482,0.5157873947328178,-0.8263626656771282,0.10310212950146651,1.9883279384453951,1.0,0.0,2,svc,0.8333333333333334,0.8331479421579533,0.002701997756958008,0.8333333333333334,"{'estimator__C': 0.01, 'estimator__break_ties': False, 'estimator__cache_size': 200, 'estimator__class_weight': None, 'estimator__coef0': 0.0, 'estimator__decision_function_shape': 'ovr', 'estimator__degree': 3, 'estimator__gamma': 0.1, 'estimator__kernel': 'linear', 'estimator__max_iter': -1, 'estimator__probability': False, 'estimator__random_state': 42, 'estimator__shrinking': True, 'estimator__tol': 0.001, 'estimator__verbose': False, 'estimator': SVC(C=0.01, gamma=0.1, kernel='linear', probability=False, random_state=42), 'n_jobs': None}"
class_data-6.csv,nmf,3,70,0.04285714285714286,2,4.002955376755822,2.1404954782629386,2.587278636740523,0.2697774981072014,205,1,0.02666666666666667,0.015275252316519468,58.34315679342014,6.87835632762789,-0.002649416097331094,0.07534878508731044,-1.1568639402809184,0.28410246971133396,0.9095178931755203,0.007772837699301611,1.9886339502995576,1.0,0.0,2,dt,0.9,0.899888765294772,0.0021560192108154297,0.9,"{'estimator__ccp_alpha': 0.0, 'estimator__class_weight': None, 'estimator__criterion': 'gini', 'estimator__max_depth': None, 'estimator__max_features': None, 'estimator__max_leaf_nodes': None, 'estimator__min_impurity_decrease': 0.0, 'estimator__min_samples_leaf': 1, 'estimator__min_samples_split': 2, 'estimator__min_weight_fraction_leaf': 0.0, 'estimator__monotonic_cst': None, 'estimator__random_state': 42, 'estimator__splitter': 'best', 'estimator': DecisionTreeClassifier(random_state=42), 'n_jobs': None}"
class_data-6.csv,nmf,3,70,0.04285714285714286,2,4.002955376755822,2.1404954782629386,2.587278636740523,0.2697774981072014,205,1,0.02666666666666667,0.015275252316519468,58.34315679342014,6.87835632762789,-0.002649416097331094,0.07534878508731044,-1.1568639402809184,0.28410246971133396,0.9095178931755203,0.007772837699301611,1.9886339502995576,1.0,0.0,2,lr,0.9,0.899888765294772,0.002301931381225586,0.9,"{'estimator__C': 1.0, 'estimator__class_weight': None, 'estimator__dual': False, 'estimator__fit_intercept': True, 'estimator__intercept_scaling': 1, 'estimator__l1_ratio': None, 'estimator__max_iter': 10000, 'estimator__n_jobs': None, 'estimator__penalty': 'l2', 'estimator__random_state': 42, 'estimator__solver': 'saga', 'estimator__tol': 0.0001, 'estimator__verbose': 0, 'estimator__warm_start': False, 'estimator': LogisticRegression(l1_ratio=None, max_iter=10000, penalty='l2', random_state=42,
                   solver='saga'), 'n_jobs': None}"
class_data-6.csv,nmf,3,70,0.04285714285714286,2,4.002955376755822,2.1404954782629386,2.587278636740523,0.2697774981072014,205,1,0.02666666666666667,0.015275252316519468,58.34315679342014,6.87835632762789,-0.002649416097331094,0.07534878508731044,-1.1568639402809184,0.28410246971133396,0.9095178931755203,0.007772837699301611,1.9886339502995576,1.0,0.0,2,mlp,0.9,0.899888765294772,0.07985901832580566,0.9,"{'estimator__activation': 'relu', 'estimator__alpha': 0.0001, 'estimator__batch_size': 'auto', 'estimator__beta_1': 0.9, 'estimator__beta_2': 0.999, 'estimator__early_stopping': False, 'estimator__epsilon': 1e-08, 'estimator__hidden_layer_sizes': 100, 'estimator__learning_rate': 'constant', 'estimator__learning_rate_init': 0.001, 'estimator__max_fun': 15000, 'estimator__max_iter': 10000, 'estimator__momentum': 0.9, 'estimator__n_iter_no_change': 10, 'estimator__nesterovs_momentum': True, 'estimator__power_t': 0.5, 'estimator__random_state': 42, 'estimator__shuffle': True, 'estimator__solver': 'adam', 'estimator__tol': 0.0001, 'estimator__validation_fraction': 0.1, 'estimator__verbose': False, 'estimator__warm_start': False, 'estimator': MLPClassifier(hidden_layer_sizes=100, max_iter=10000, random_state=42), 'n_jobs': None}"
class_data-6.csv,nmf,3,70,0.04285714285714286,2,4.002955376755822,2.1404954782629386,2.587278636740523,0.2697774981072014,205,1,0.02666666666666667,0.015275252316519468,58.34315679342014,6.87835632762789,-0.002649416097331094,0.07534878508731044,-1.1568639402809184,0.28410246971133396,0.9095178931755203,0.007772837699301611,1.9886339502995576,1.0,0.0,2,nb,0.8666666666666667,0.8666666666666667,0.002351045608520508,0.8666666666666667,"{'estimator__priors': None, 'estimator__var_smoothing': 1e-09, 'estimator': GaussianNB(), 'n_jobs': None}"
class_data-6.csv,nmf,3,70,0.04285714285714286,2,4.002955376755822,2.1404954782629386,2.587278636740523,0.2697774981072014,205,1,0.02666666666666667,0.015275252316519468,58.34315679342014,6.87835632762789,-0.002649416097331094,0.07534878508731044,-1.1568639402809184,0.28410246971133396,0.9095178931755203,0.007772837699301611,1.9886339502995576,1.0,0.0,2,rf,0.9,0.899888765294772,0.058235883712768555,0.9,"{'estimator__bootstrap': True, 'estimator__ccp_alpha': 0.0, 'estimator__class_weight': None, 'estimator__criterion': 'gini', 'estimator__max_depth': None, 'estimator__max_features': 'sqrt', 'estimator__max_leaf_nodes': None, 'estimator__max_samples': None, 'estimator__min_impurity_decrease': 0.0, 'estimator__min_samples_leaf': 1, 'estimator__min_samples_split': 2, 'estimator__min_weight_fraction_leaf': 0.0, 'estimator__monotonic_cst': None, 'estimator__n_estimators': 100, 'estimator__n_jobs': None, 'estimator__oob_score': False, 'estimator__random_state': 42, 'estimator__verbose': 0, 'estimator__warm_start': False, 'estimator': RandomForestClassifier(random_state=42), 'n_jobs': None}"
class_data-6.csv,nmf,3,70,0.04285714285714286,2,4.002955376755822,2.1404954782629386,2.587278636740523,0.2697774981072014,205,1,0.02666666666666667,0.015275252316519468,58.34315679342014,6.87835632762789,-0.002649416097331094,0.07534878508731044,-1.1568639402809184,0.28410246971133396,0.9095178931755203,0.007772837699301611,1.9886339502995576,1.0,0.0,2,svc,0.9,0.899888765294772,0.0025370121002197266,0.9,"{'estimator__C': 0.01, 'estimator__break_ties': False, 'estimator__cache_size': 200, 'estimator__class_weight': None, 'estimator__coef0': 0.0, 'estimator__decision_function_shape': 'ovr', 'estimator__degree': 3, 'estimator__gamma': 0.1, 'estimator__kernel': 'linear', 'estimator__max_iter': -1, 'estimator__probability': False, 'estimator__random_state': 42, 'estimator__shrinking': True, 'estimator__tol': 0.001, 'estimator__verbose': False, 'estimator': SVC(C=0.01, gamma=0.1, kernel='linear', probability=False, random_state=42), 'n_jobs': None}"
class_data-6.csv,none,20,70,0.2857142857142857,18,3.2891542948935572e+16,0.21964676338383882,37.07186688125901,0.0748772677668748,1380,6,0.05150000000000001,0.013088765773505318,44.0274747728473,7.148567252438273,0.004274825018657851,0.12921892097192653,-0.39723186596367255,0.5206824532850063,9.56179856627048,0.7777728956207489,1.998268833144856,1.0,0.0,2,dt,0.9,0.899888765294772,0.00286102294921875,0.9,"{'estimator__ccp_alpha': 0.0, 'estimator__class_weight': None, 'estimator__criterion': 'gini', 'estimator__max_depth': None, 'estimator__max_features': None, 'estimator__max_leaf_nodes': None, 'estimator__min_impurity_decrease': 0.0, 'estimator__min_samples_leaf': 1, 'estimator__min_samples_split': 2, 'estimator__min_weight_fraction_leaf': 0.0, 'estimator__monotonic_cst': None, 'estimator__random_state': 42, 'estimator__splitter': 'best', 'estimator': DecisionTreeClassifier(random_state=42), 'n_jobs': None}"
class_data-6.csv,none,20,70,0.2857142857142857,18,3.2891542948935572e+16,0.21964676338383882,37.07186688125901,0.0748772677668748,1380,6,0.05150000000000001,0.013088765773505318,44.0274747728473,7.148567252438273,0.004274825018657851,0.12921892097192653,-0.39723186596367255,0.5206824532850063,9.56179856627048,0.7777728956207489,1.998268833144856,1.0,0.0,2,lr,0.9333333333333333,0.9333333333333333,0.002918720245361328,0.9333333333333333,"{'estimator__C': 1.0, 'estimator__class_weight': None, 'estimator__dual': False, 'estimator__fit_intercept': True, 'estimator__intercept_scaling': 1, 'estimator__l1_ratio': None, 'estimator__max_iter': 10000, 'estimator__n_jobs': None, 'estimator__penalty': 'l2', 'estimator__random_state': 42, 'estimator__solver': 'saga', 'estimator__tol': 0.0001, 'estimator__verbose': 0, 'estimator__warm_start': False, 'estimator': LogisticRegression(l1_ratio=None, max_iter=10000, penalty='l2', random_state=42,
                   solver='saga'), 'n_jobs': None}"
class_data-6.csv,none,20,70,0.2857142857142857,18,3.2891542948935572e+16,0.21964676338383882,37.07186688125901,0.0748772677668748,1380,6,0.05150000000000001,0.013088765773505318,44.0274747728473,7.148567252438273,0.004274825018657851,0.12921892097192653,-0.39723186596367255,0.5206824532850063,9.56179856627048,0.7777728956207489,1.998268833144856,1.0,0.0,2,mlp,0.9,0.899888765294772,0.08296608924865723,0.9,"{'estimator__activation': 'relu', 'estimator__alpha': 0.0001, 'estimator__batch_size': 'auto', 'estimator__beta_1': 0.9, 'estimator__beta_2': 0.999, 'estimator__early_stopping': False, 'estimator__epsilon': 1e-08, 'estimator__hidden_layer_sizes': 100, 'estimator__learning_rate': 'constant', 'estimator__learning_rate_init': 0.001, 'estimator__max_fun': 15000, 'estimator__max_iter': 10000, 'estimator__momentum': 0.9, 'estimator__n_iter_no_change': 10, 'estimator__nesterovs_momentum': True, 'estimator__power_t': 0.5, 'estimator__random_state': 42, 'estimator__shuffle': True, 'estimator__solver': 'adam', 'estimator__tol': 0.0001, 'estimator__validation_fraction': 0.1, 'estimator__verbose': False, 'estimator__warm_start': False, 'estimator': MLPClassifier(hidden_layer_sizes=100, max_iter=10000, random_state=42), 'n_jobs': None}"
class_data-6.csv,none,20,70,0.2857142857142857,18,3.2891542948935572e+16,0.21964676338383882,37.07186688125901,0.0748772677668748,1380,6,0.05150000000000001,0.013088765773505318,44.0274747728473,7.148567252438273,0.004274825018657851,0.12921892097192653,-0.39723186596367255,0.5206824532850063,9.56179856627048,0.7777728956207489,1.998268833144856,1.0,0.0,2,nb,0.9,0.899888765294772,0.0024940967559814453,0.9,"{'estimator__priors': None, 'estimator__var_smoothing': 1e-09, 'estimator': GaussianNB(), 'n_jobs': None}"
class_data-6.csv,none,20,70,0.2857142857142857,18,3.2891542948935572e+16,0.21964676338383882,37.07186688125901,0.0748772677668748,1380,6,0.05150000000000001,0.013088765773505318,44.0274747728473,7.148567252438273,0.004274825018657851,0.12921892097192653,-0.39723186596367255,0.5206824532850063,9.56179856627048,0.7777728956207489,1.998268833144856,1.0,0.0,2,rf,0.9,0.899888765294772,0.060311079025268555,0.9,"{'estimator__bootstrap': True, 'estimator__ccp_alpha': 0.0, 'estimator__class_weight': None, 'estimator__criterion': 'gini', 'estimator__max_depth': None, 'estimator__max_features': 'sqrt', 'estimator__max_leaf_nodes': None, 'estimator__max_samples': None, 'estimator__min_impurity_decrease': 0.0, 'estimator__min_samples_leaf': 1, 'estimator__min_samples_split': 2, 'estimator__min_weight_fraction_leaf': 0.0, 'estimator__monotonic_cst': None, 'estimator__n_estimators': 100, 'estimator__n_jobs': None, 'estimator__oob_score': False, 'estimator__random_state': 42, 'estimator__verbose': 0, 'estimator__warm_start': False, 'estimator': RandomForestClassifier(random_state=42), 'n_jobs': None}"
class_data-6.csv,none,20,70,0.2857142857142857,18,3.2891542948935572e+16,0.21964676338383882,37.07186688125901,0.0748772677668748,1380,6,0.05150000000000001,0.013088765773505318,44.0274747728473,7.148567252438273,0.004274825018657851,0.12921892097192653,-0.39723186596367255,0.5206824532850063,9.56179856627048,0.7777728956207489,1.998268833144856,1.0,0.0,2,svc,0.8333333333333334,0.8331479421579533,0.0031938552856445312,0.8333333333333334,"{'estimator__C': 0.01, 'estimator__break_ties': False, 'estimator__cache_size': 200, 'estimator__class_weight': None, 'estimator__coef0': 0.0, 'estimator__decision_function_shape': 'ovr', 'estimator__degree': 3, 'estimator__gamma': 0.1, 'estimator__kernel': 'linear', 'estimator__max_iter': -1, 'estimator__probability': False, 'estimator__random_state': 42, 'estimator__shrinking': True, 'estimator__tol': 0.001, 'estimator__verbose': False, 'estimator': SVC(C=0.01, gamma=0.1, kernel='linear', probability=False, random_state=42), 'n_jobs': None}"
class_data-7.csv,pca,3,70,0.04285714285714286,3,1.5858035103963897,0.10803790940254435,4.440892098500626e-16,0.06185410711513092,210,1,0.13,0.06999999999999999,1.4856325423629725e+17,3.188688407537623e+17,0.09089347430728238,0.22496083893333244,-0.38142173246340905,0.6321734894180149,-0.8378357490885681,0.10065966643262982,1.9883939294134856,0.8980587934501658,0.0,1,dt,0.5,0.4911080711354309,0.002914905548095703,0.3888888888888889,"{'estimator__ccp_alpha': 0.0, 'estimator__class_weight': None, 'estimator__criterion': 'gini', 'estimator__max_depth': None, 'estimator__max_features': None, 'estimator__max_leaf_nodes': None, 'estimator__min_impurity_decrease': 0.0, 'estimator__min_samples_leaf': 1, 'estimator__min_samples_split': 2, 'estimator__min_weight_fraction_leaf': 0.0, 'estimator__monotonic_cst': None, 'estimator__random_state': 42, 'estimator__splitter': 'best', 'estimator': DecisionTreeClassifier(random_state=42), 'n_jobs': None}"
class_data-7.csv,pca,3,70,0.04285714285714286,3,1.5858035103963897,0.10803790940254435,4.440892098500626e-16,0.06185410711513092,210,1,0.13,0.06999999999999999,1.4856325423629725e+17,3.188688407537623e+17,0.09089347430728238,0.22496083893333244,-0.38142173246340905,0.6321734894180149,-0.8378357490885681,0.10065966643262982,1.9883939294134856,0.8980587934501658,0.0,1,lr,0.6333333333333333,0.5428571428571428,0.0027048587799072266,0.4523809523809524,"{'estimator__C': 1.0, 'estimator__class_weight': None, 'estimator__dual': False, 'estimator__fit_intercept': True, 'estimator__intercept_scaling': 1, 'estimator__l1_ratio': None, 'estimator__max_iter': 10000, 'estimator__n_jobs': None, 'estimator__penalty': 'l2', 'estimator__random_state': 42, 'estimator__solver': 'saga', 'estimator__tol': 0.0001, 'estimator__verbose': 0, 'estimator__warm_start': False, 'estimator': LogisticRegression(l1_ratio=None, max_iter=10000, penalty='l2', random_state=42,
                   solver='saga'), 'n_jobs': None}"
class_data-7.csv,pca,3,70,0.04285714285714286,3,1.5858035103963897,0.10803790940254435,4.440892098500626e-16,0.06185410711513092,210,1,0.13,0.06999999999999999,1.4856325423629725e+17,3.188688407537623e+17,0.09089347430728238,0.22496083893333244,-0.38142173246340905,0.6321734894180149,-0.8378357490885681,0.10065966643262982,1.9883939294134856,0.8980587934501658,0.0,1,mlp,0.4666666666666667,0.48888888888888893,0.3837120532989502,0.4603174603174603,"{'estimator__activation': 'relu', 'estimator__alpha': 0.0001, 'estimator__batch_size': 'auto', 'estimator__beta_1': 0.9, 'estimator__beta_2': 0.999, 'estimator__early_stopping': False, 'estimator__epsilon': 1e-08, 'estimator__hidden_layer_sizes': 100, 'estimator__learning_rate': 'constant', 'estimator__learning_rate_init': 0.001, 'estimator__max_fun': 15000, 'estimator__max_iter': 10000, 'estimator__momentum': 0.9, 'estimator__n_iter_no_change': 10, 'estimator__nesterovs_momentum': True, 'estimator__power_t': 0.5, 'estimator__random_state': 42, 'estimator__shuffle': True, 'estimator__solver': 'adam', 'estimator__tol': 0.0001, 'estimator__validation_fraction': 0.1, 'estimator__verbose': False, 'estimator__warm_start': False, 'estimator': MLPClassifier(hidden_layer_sizes=100, max_iter=10000, random_state=42), 'n_jobs': None}"
class_data-7.csv,pca,3,70,0.04285714285714286,3,1.5858035103963897,0.10803790940254435,4.440892098500626e-16,0.06185410711513092,210,1,0.13,0.06999999999999999,1.4856325423629725e+17,3.188688407537623e+17,0.09089347430728238,0.22496083893333244,-0.38142173246340905,0.6321734894180149,-0.8378357490885681,0.10065966643262982,1.9883939294134856,0.8980587934501658,0.0,1,nb,0.6333333333333333,0.6088888888888888,0.0024361610412597656,0.5158730158730158,"{'estimator__priors': None, 'estimator__var_smoothing': 1e-09, 'estimator': GaussianNB(), 'n_jobs': None}"
class_data-7.csv,pca,3,70,0.04285714285714286,3,1.5858035103963897,0.10803790940254435,4.440892098500626e-16,0.06185410711513092,210,1,0.13,0.06999999999999999,1.4856325423629725e+17,3.188688407537623e+17,0.09089347430728238,0.22496083893333244,-0.38142173246340905,0.6321734894180149,-0.8378357490885681,0.10065966643262982,1.9883939294134856,0.8980587934501658,0.0,1,rf,0.5666666666666667,0.5727856225930681,0.05294179916381836,0.5,"{'estimator__bootstrap': True, 'estimator__ccp_alpha': 0.0, 'estimator__class_weight': None, 'estimator__criterion': 'gini', 'estimator__max_depth': None, 'estimator__max_features': 'sqrt', 'estimator__max_leaf_nodes': None, 'estimator__max_samples': None, 'estimator__min_impurity_decrease': 0.0, 'estimator__min_samples_leaf': 1, 'estimator__min_samples_split': 2, 'estimator__min_weight_fraction_leaf': 0.0, 'estimator__monotonic_cst': None, 'estimator__n_estimators': 100, 'estimator__n_jobs': None, 'estimator__oob_score': False, 'estimator__random_state': 42, 'estimator__verbose': 0, 'estimator__warm_start': False, 'estimator': RandomForestClassifier(random_state=42), 'n_jobs': None}"
class_data-7.csv,pca,3,70,0.04285714285714286,3,1.5858035103963897,0.10803790940254435,4.440892098500626e-16,0.06185410711513092,210,1,0.13,0.06999999999999999,1.4856325423629725e+17,3.188688407537623e+17,0.09089347430728238,0.22496083893333244,-0.38142173246340905,0.6321734894180149,-0.8378357490885681,0.10065966643262982,1.9883939294134856,0.8980587934501658,0.0,1,svc,0.7,0.5764705882352941,0.003142118453979492,0.5,"{'estimator__C': 0.01, 'estimator__break_ties': False, 'estimator__cache_size': 200, 'estimator__class_weight': None, 'estimator__coef0': 0.0, 'estimator__decision_function_shape': 'ovr', 'estimator__degree': 3, 'estimator__gamma': 0.1, 'estimator__kernel': 'linear', 'estimator__max_iter': -1, 'estimator__probability': False, 'estimator__random_state': 42, 'estimator__shrinking': True, 'estimator__tol': 0.001, 'estimator__verbose': False, 'estimator': SVC(C=0.01, gamma=0.1, kernel='linear', probability=False, random_state=42), 'n_jobs': None}"
class_data-7.csv,nmf,3,70,0.04285714285714286,2,3.966822006571512,0.16576810107881246,2.7536382431593225,0.09326590326336064,196,1,0.03333333333333333,0.020816659994661327,58.45085286560889,6.415772041343248,-0.1850594784258998,0.05034198627322929,-0.9037081768605835,0.1444050734610898,0.7680709485224185,0.010269088086679395,1.9883230331722195,0.8980587934501658,0.0,1,dt,0.4666666666666667,0.48888888888888893,0.002462148666381836,0.4603174603174603,"{'estimator__ccp_alpha': 0.0, 'estimator__class_weight': None, 'estimator__criterion': 'gini', 'estimator__max_depth': None, 'estimator__max_features': None, 'estimator__max_leaf_nodes': None, 'estimator__min_impurity_decrease': 0.0, 'estimator__min_samples_leaf': 1, 'estimator__min_samples_split': 2, 'estimator__min_weight_fraction_leaf': 0.0, 'estimator__monotonic_cst': None, 'estimator__random_state': 42, 'estimator__splitter': 'best', 'estimator': DecisionTreeClassifier(random_state=42), 'n_jobs': None}"
class_data-7.csv,nmf,3,70,0.04285714285714286,2,3.966822006571512,0.16576810107881246,2.7536382431593225,0.09326590326336064,196,1,0.03333333333333333,0.020816659994661327,58.45085286560889,6.415772041343248,-0.1850594784258998,0.05034198627322929,-0.9037081768605835,0.1444050734610898,0.7680709485224185,0.010269088086679395,1.9883230331722195,0.8980587934501658,0.0,1,lr,0.7,0.5764705882352941,0.003314971923828125,0.5,"{'estimator__C': 1.0, 'estimator__class_weight': None, 'estimator__dual': False, 'estimator__fit_intercept': True, 'estimator__intercept_scaling': 1, 'estimator__l1_ratio': None, 'estimator__max_iter': 10000, 'estimator__n_jobs': None, 'estimator__penalty': 'l2', 'estimator__random_state': 42, 'estimator__solver': 'saga', 'estimator__tol': 0.0001, 'estimator__verbose': 0, 'estimator__warm_start': False, 'estimator': LogisticRegression(l1_ratio=None, max_iter=10000, penalty='l2', random_state=42,
                   solver='saga'), 'n_jobs': None}"
class_data-7.csv,nmf,3,70,0.04285714285714286,2,3.966822006571512,0.16576810107881246,2.7536382431593225,0.09326590326336064,196,1,0.03333333333333333,0.020816659994661327,58.45085286560889,6.415772041343248,-0.1850594784258998,0.05034198627322929,-0.9037081768605835,0.1444050734610898,0.7680709485224185,0.010269088086679395,1.9883230331722195,0.8980587934501658,0.0,1,mlp,0.7333333333333333,0.7227272727272728,0.1334679126739502,0.6507936507936507,"{'estimator__activation': 'relu', 'estimator__alpha': 0.0001, 'estimator__batch_size': 'auto', 'estimator__beta_1': 0.9, 'estimator__beta_2': 0.999, 'estimator__early_stopping': False, 'estimator__epsilon': 1e-08, 'estimator__hidden_layer_sizes': 100, 'estimator__learning_rate': 'constant', 'estimator__learning_rate_init': 0.001, 'estimator__max_fun': 15000, 'estimator__max_iter': 10000, 'estimator__momentum': 0.9, 'estimator__n_iter_no_change': 10, 'estimator__nesterovs_momentum': True, 'estimator__power_t': 0.5, 'estimator__random_state': 42, 'estimator__shuffle': True, 'estimator__solver': 'adam', 'estimator__tol': 0.0001, 'estimator__validation_fraction': 0.1, 'estimator__verbose': False, 'estimator__warm_start': False, 'estimator': MLPClassifier(hidden_layer_sizes=100, max_iter=10000, random_state=42), 'n_jobs': None}"
class_data-7.csv,nmf,3,70,0.04285714285714286,2,3.966822006571512,0.16576810107881246,2.7536382431593225,0.09326590326336064,196,1,0.03333333333333333,0.020816659994661327,58.45085286560889,6.415772041343248,-0.1850594784258998,0.05034198627322929,-0.9037081768605835,0.1444050734610898,0.7680709485224185,0.010269088086679395,1.9883230331722195,0.8980587934501658,0.0,1,nb,0.6333333333333333,0.6454212454212453,0.002456188201904297,0.6111111111111112,"{'estimator__priors': None, 'estimator__var_smoothing': 1e-09, 'estimator': GaussianNB(), 'n_jobs': None}"
class_data-7.csv,nmf,3,70,0.04285714285714286,2,3.966822006571512,0.16576810107881246,2.7536382431593225,0.09326590326336064,196,1,0.03333333333333333,0.020816659994661327,58.45085286560889,6.415772041343248,-0.1850594784258998,0.05034198627322929,-0.9037081768605835,0.1444050734610898,0.7680709485224185,0.010269088086679395,1.9883230331722195,0.8980587934501658,0.0,1,rf,0.43333333333333335,0.4413350449293966,0.06068778038024902,0.3412698412698413,"{'estimator__bootstrap': True, 'estimator__ccp_alpha': 0.0, 'estimator__class_weight': None, 'estimator__criterion': 'gini', 'estimator__max_depth': None, 'estimator__max_features': 'sqrt', 'estimator__max_leaf_nodes': None, 'estimator__max_samples': None, 'estimator__min_impurity_decrease': 0.0, 'estimator__min_samples_leaf': 1, 'estimator__min_samples_split': 2, 'estimator__min_weight_fraction_leaf': 0.0, 'estimator__monotonic_cst': None, 'estimator__n_estimators': 100, 'estimator__n_jobs': None, 'estimator__oob_score': False, 'estimator__random_state': 42, 'estimator__verbose': 0, 'estimator__warm_start': False, 'estimator': RandomForestClassifier(random_state=42), 'n_jobs': None}"
class_data-7.csv,nmf,3,70,0.04285714285714286,2,3.966822006571512,0.16576810107881246,2.7536382431593225,0.09326590326336064,196,1,0.03333333333333333,0.020816659994661327,58.45085286560889,6.415772041343248,-0.1850594784258998,0.05034198627322929,-0.9037081768605835,0.1444050734610898,0.7680709485224185,0.010269088086679395,1.9883230331722195,0.8980587934501658,0.0,1,svc,0.7,0.5764705882352941,0.0028100013732910156,0.5,"{'estimator__C': 0.01, 'estimator__break_ties': False, 'estimator__cache_size': 200, 'estimator__class_weight': None, 'estimator__coef0': 0.0, 'estimator__decision_function_shape': 'ovr', 'estimator__degree': 3, 'estimator__gamma': 0.1, 'estimator__kernel': 'linear', 'estimator__max_iter': -1, 'estimator__probability': False, 'estimator__random_state': 42, 'estimator__shrinking': True, 'estimator__tol': 0.001, 'estimator__verbose': False, 'estimator': SVC(C=0.01, gamma=0.1, kernel='linear', probability=False, random_state=42), 'n_jobs': None}"
class_data-7.csv,none,20,70,0.2857142857142857,18,1.859676313970195e+16,0.07415581759116462,44.849377685490865,0.05208434589836843,1380,6,0.05200000000000001,0.010052493799000691,44.57192479355728,6.747229142216736,-0.019376804367408986,0.2509703279034363,-0.34310719093659925,0.41459513829057676,9.562403367311614,0.6900461683959687,1.9982654456126583,0.8980587934501658,0.0,1,dt,0.7666666666666667,0.762517099863201,0.0029311180114746094,0.7063492063492064,"{'estimator__ccp_alpha': 0.0, 'estimator__class_weight': None, 'estimator__criterion': 'gini', 'estimator__max_depth': None, 'estimator__max_features': None, 'estimator__max_leaf_nodes': None, 'estimator__min_impurity_decrease': 0.0, 'estimator__min_samples_leaf': 1, 'estimator__min_samples_split': 2, 'estimator__min_weight_fraction_leaf': 0.0, 'estimator__monotonic_cst': None, 'estimator__random_state': 42, 'estimator__splitter': 'best', 'estimator': DecisionTreeClassifier(random_state=42), 'n_jobs': None}"
class_data-7.csv,none,20,70,0.2857142857142857,18,1.859676313970195e+16,0.07415581759116462,44.849377685490865,0.05208434589836843,1380,6,0.05200000000000001,0.010052493799000691,44.57192479355728,6.747229142216736,-0.019376804367408986,0.2509703279034363,-0.34310719093659925,0.41459513829057676,9.562403367311614,0.6900461683959687,1.9982654456126583,0.8980587934501658,0.0,1,lr,0.6666666666666666,0.6335403726708075,0.0038590431213378906,0.5396825396825397,"{'estimator__C': 1.0, 'estimator__class_weight': None, 'estimator__dual': False, 'estimator__fit_intercept': True, 'estimator__intercept_scaling': 1, 'estimator__l1_ratio': None, 'estimator__max_iter': 10000, 'estimator__n_jobs': None, 'estimator__penalty': 'l2', 'estimator__random_state': 42, 'estimator__solver': 'saga', 'estimator__tol': 0.0001, 'estimator__verbose': 0, 'estimator__warm_start': False, 'estimator': LogisticRegression(l1_ratio=None, max_iter=10000, penalty='l2', random_state=42,
                   solver='saga'), 'n_jobs': None}"
class_data-7.csv,none,20,70,0.2857142857142857,18,1.859676313970195e+16,0.07415581759116462,44.849377685490865,0.05208434589836843,1380,6,0.05200000000000001,0.010052493799000691,44.57192479355728,6.747229142216736,-0.019376804367408986,0.2509703279034363,-0.34310719093659925,0.41459513829057676,9.562403367311614,0.6900461683959687,1.9982654456126583,0.8980587934501658,0.0,1,mlp,0.7,0.6946648426812584,0.12720680236816406,0.626984126984127,"{'estimator__activation': 'relu', 'estimator__alpha': 0.0001, 'estimator__batch_size': 'auto', 'estimator__beta_1': 0.9, 'estimator__beta_2': 0.999, 'estimator__early_stopping': False, 'estimator__epsilon': 1e-08, 'estimator__hidden_layer_sizes': 100, 'estimator__learning_rate': 'constant', 'estimator__learning_rate_init': 0.001, 'estimator__max_fun': 15000, 'estimator__max_iter': 10000, 'estimator__momentum': 0.9, 'estimator__n_iter_no_change': 10, 'estimator__nesterovs_momentum': True, 'estimator__power_t': 0.5, 'estimator__random_state': 42, 'estimator__shuffle': True, 'estimator__solver': 'adam', 'estimator__tol': 0.0001, 'estimator__validation_fraction': 0.1, 'estimator__verbose': False, 'estimator__warm_start': False, 'estimator': MLPClassifier(hidden_layer_sizes=100, max_iter=10000, random_state=42), 'n_jobs': None}"
class_data-7.csv,none,20,70,0.2857142857142857,18,1.859676313970195e+16,0.07415581759116462,44.849377685490865,0.05208434589836843,1380,6,0.05200000000000001,0.010052493799000691,44.57192479355728,6.747229142216736,-0.019376804367408986,0.2509703279034363,-0.34310719093659925,0.41459513829057676,9.562403367311614,0.6900461683959687,1.9982654456126583,0.8980587934501658,0.0,1,nb,0.7,0.7098901098901098,0.002466917037963867,0.6904761904761906,"{'estimator__priors': None, 'estimator__var_smoothing': 1e-09, 'estimator': GaussianNB(), 'n_jobs': None}"
class_data-7.csv,none,20,70,0.2857142857142857,18,1.859676313970195e+16,0.07415581759116462,44.849377685490865,0.05208434589836843,1380,6,0.05200000000000001,0.010052493799000691,44.57192479355728,6.747229142216736,-0.019376804367408986,0.2509703279034363,-0.34310719093659925,0.41459513829057676,9.562403367311614,0.6900461683959687,1.9982654456126583,0.8980587934501658,0.0,1,rf,0.7666666666666667,0.762517099863201,0.06250596046447754,0.7063492063492064,"{'estimator__bootstrap': True, 'estimator__ccp_alpha': 0.0, 'estimator__class_weight': None, 'estimator__criterion': 'gini', 'estimator__max_depth': None, 'estimator__max_features': 'sqrt', 'estimator__max_leaf_nodes': None, 'estimator__max_samples': None, 'estimator__min_impurity_decrease': 0.0, 'estimator__min_samples_leaf': 1, 'estimator__min_samples_split': 2, 'estimator__min_weight_fraction_leaf': 0.0, 'estimator__monotonic_cst': None, 'estimator__n_estimators': 100, 'estimator__n_jobs': None, 'estimator__oob_score': False, 'estimator__random_state': 42, 'estimator__verbose': 0, 'estimator__warm_start': False, 'estimator': RandomForestClassifier(random_state=42), 'n_jobs': None}"
class_data-7.csv,none,20,70,0.2857142857142857,18,1.859676313970195e+16,0.07415581759116462,44.849377685490865,0.05208434589836843,1380,6,0.05200000000000001,0.010052493799000691,44.57192479355728,6.747229142216736,-0.019376804367408986,0.2509703279034363,-0.34310719093659925,0.41459513829057676,9.562403367311614,0.6900461683959687,1.9982654456126583,0.8980587934501658,0.0,1,svc,0.7,0.5764705882352941,0.0031599998474121094,0.5,"{'estimator__C': 0.01, 'estimator__break_ties': False, 'estimator__cache_size': 200, 'estimator__class_weight': None, 'estimator__coef0': 0.0, 'estimator__decision_function_shape': 'ovr', 'estimator__degree': 3, 'estimator__gamma': 0.1, 'estimator__kernel': 'linear', 'estimator__max_iter': -1, 'estimator__probability': False, 'estimator__random_state': 42, 'estimator__shrinking': True, 'estimator__tol': 0.001, 'estimator__verbose': False, 'estimator': SVC(C=0.01, gamma=0.1, kernel='linear', probability=False, random_state=42), 'n_jobs': None}"
class_data-7.csv,pca,3,70,0.04285714285714286,3,1.6442032796459414,0.1632794062440106,8.881784197001252e-16,0.08108379817988487,210,1,0.13,0.07810249675906655,-5.269263508750896e+18,8.374839349993181e+18,-0.032678753554676344,0.7193041156504579,-0.06631564639620417,0.8805987960060253,-0.6937491889628924,0.0998862383374429,1.9883312948849703,0.8980587934501658,0.0,2,dt,0.7,0.6946648426812584,0.0027780532836914062,0.626984126984127,"{'estimator__ccp_alpha': 0.0, 'estimator__class_weight': None, 'estimator__criterion': 'gini', 'estimator__max_depth': None, 'estimator__max_features': None, 'estimator__max_leaf_nodes': None, 'estimator__min_impurity_decrease': 0.0, 'estimator__min_samples_leaf': 1, 'estimator__min_samples_split': 2, 'estimator__min_weight_fraction_leaf': 0.0, 'estimator__monotonic_cst': None, 'estimator__random_state': 42, 'estimator__splitter': 'best', 'estimator': DecisionTreeClassifier(random_state=42), 'n_jobs': None}"
class_data-7.csv,pca,3,70,0.04285714285714286,3,1.6442032796459414,0.1632794062440106,8.881784197001252e-16,0.08108379817988487,210,1,0.13,0.07810249675906655,-5.269263508750896e+18,8.374839349993181e+18,-0.032678753554676344,0.7193041156504579,-0.06631564639620417,0.8805987960060253,-0.6937491889628924,0.0998862383374429,1.9883312948849703,0.8980587934501658,0.0,2,lr,0.6666666666666666,0.6335403726708075,0.002682209014892578,0.5396825396825397,"{'estimator__C': 1.0, 'estimator__class_weight': None, 'estimator__dual': False, 'estimator__fit_intercept': True, 'estimator__intercept_scaling': 1, 'estimator__l1_ratio': None, 'estimator__max_iter': 10000, 'estimator__n_jobs': None, 'estimator__penalty': 'l2', 'estimator__random_state': 42, 'estimator__solver': 'saga', 'estimator__tol': 0.0001, 'estimator__verbose': 0, 'estimator__warm_start': False, 'estimator': LogisticRegression(l1_ratio=None, max_iter=10000, penalty='l2', random_state=42,
                   solver='saga'), 'n_jobs': None}"
class_data-7.csv,pca,3,70,0.04285714285714286,3,1.6442032796459414,0.1632794062440106,8.881784197001252e-16,0.08108379817988487,210,1,0.13,0.07810249675906655,-5.269263508750896e+18,8.374839349993181e+18,-0.032678753554676344,0.7193041156504579,-0.06631564639620417,0.8805987960060253,-0.6937491889628924,0.0998862383374429,1.9883312948849703,0.8980587934501658,0.0,2,mlp,0.8,0.7920454545454546,0.12417793273925781,0.7301587301587301,"{'estimator__activation': 'relu', 'estimator__alpha': 0.0001, 'estimator__batch_size': 'auto', 'estimator__beta_1': 0.9, 'estimator__beta_2': 0.999, 'estimator__early_stopping': False, 'estimator__epsilon': 1e-08, 'estimator__hidden_layer_sizes': 100, 'estimator__learning_rate': 'constant', 'estimator__learning_rate_init': 0.001, 'estimator__max_fun': 15000, 'estimator__max_iter': 10000, 'estimator__momentum': 0.9, 'estimator__n_iter_no_change': 10, 'estimator__nesterovs_momentum': True, 'estimator__power_t': 0.5, 'estimator__random_state': 42, 'estimator__shuffle': True, 'estimator__solver': 'adam', 'estimator__tol': 0.0001, 'estimator__validation_fraction': 0.1, 'estimator__verbose': False, 'estimator__warm_start': False, 'estimator': MLPClassifier(hidden_layer_sizes=100, max_iter=10000, random_state=42), 'n_jobs': None}"
class_data-7.csv,pca,3,70,0.04285714285714286,3,1.6442032796459414,0.1632794062440106,8.881784197001252e-16,0.08108379817988487,210,1,0.13,0.07810249675906655,-5.269263508750896e+18,8.374839349993181e+18,-0.032678753554676344,0.7193041156504579,-0.06631564639620417,0.8805987960060253,-0.6937491889628924,0.0998862383374429,1.9883312948849703,0.8980587934501658,0.0,2,nb,0.7666666666666667,0.7342062193126023,0.0025081634521484375,0.6428571428571428,"{'estimator__priors': None, 'estimator__var_smoothing': 1e-09, 'estimator': GaussianNB(), 'n_jobs': None}"
class_data-7.csv,pca,3,70,0.04285714285714286,3,1.6442032796459414,0.1632794062440106,8.881784197001252e-16,0.08108379817988487,210,1,0.13,0.07810249675906655,-5.269263508750896e+18,8.374839349993181e+18,-0.032678753554676344,0.7193041156504579,-0.06631564639620417,0.8805987960060253,-0.6937491889628924,0.0998862383374429,1.9883312948849703,0.8980587934501658,0.0,2,rf,0.7666666666666667,0.7511111111111112,0.060562849044799805,0.6746031746031746,"{'estimator__bootstrap': True, 'estimator__ccp_alpha': 0.0, 'estimator__class_weight': None, 'estimator__criterion': 'gini', 'estimator__max_depth': None, 'estimator__max_features': 'sqrt', 'estimator__max_leaf_nodes': None, 'estimator__max_samples': None, 'estimator__min_impurity_decrease': 0.0, 'estimator__min_samples_leaf': 1, 'estimator__min_samples_split': 2, 'estimator__min_weight_fraction_leaf': 0.0, 'estimator__monotonic_cst': None, 'estimator__n_estimators': 100, 'estimator__n_jobs': None, 'estimator__oob_score': False, 'estimator__random_state': 42, 'estimator__verbose': 0, 'estimator__warm_start': False, 'estimator': RandomForestClassifier(random_state=42), 'n_jobs': None}"
class_data-7.csv,pca,3,70,0.04285714285714286,3,1.6442032796459414,0.1632794062440106,8.881784197001252e-16,0.08108379817988487,210,1,0.13,0.07810249675906655,-5.269263508750896e+18,8.374839349993181e+18,-0.032678753554676344,0.7193041156504579,-0.06631564639620417,0.8805987960060253,-0.6937491889628924,0.0998862383374429,1.9883312948849703,0.8980587934501658,0.0,2,svc,0.7,0.5764705882352941,0.003231048583984375,0.5,"{'estimator__C': 0.01, 'estimator__break_ties': False, 'estimator__cache_size': 200, 'estimator__class_weight': None, 'estimator__coef0': 0.0, 'estimator__decision_function_shape': 'ovr', 'estimator__degree': 3, 'estimator__gamma': 0.1, 'estimator__kernel': 'linear', 'estimator__max_iter': -1, 'estimator__probability': False, 'estimator__random_state': 42, 'estimator__shrinking': True, 'estimator__tol': 0.001, 'estimator__verbose': False, 'estimator': SVC(C=0.01, gamma=0.1, kernel='linear', probability=False, random_state=42), 'n_jobs': None}"
class_data-7.csv,nmf,3,70,0.04285714285714286,2,3.1330038370285784,0.11033164490357443,2.824627786983233,0.05772635348335875,199,1,0.02666666666666667,0.015275252316519468,56.88831944826066,2.0379347470799267,-0.11009747971642624,0.14535418415017481,-0.7492659160267205,0.04978882371066564,0.8582586300409227,0.006162198406132069,1.9882758736395234,0.8980587934501658,0.0,2,dt,0.5333333333333333,0.5527777777777778,0.002374887466430664,0.5396825396825397,"{'estimator__ccp_alpha': 0.0, 'estimator__class_weight': None, 'estimator__criterion': 'gini', 'estimator__max_depth': None, 'estimator__max_features': None, 'estimator__max_leaf_nodes': None, 'estimator__min_impurity_decrease': 0.0, 'estimator__min_samples_leaf': 1, 'estimator__min_samples_split': 2, 'estimator__min_weight_fraction_leaf': 0.0, 'estimator__monotonic_cst': None, 'estimator__random_state': 42, 'estimator__splitter': 'best', 'estimator': DecisionTreeClassifier(random_state=42), 'n_jobs': None}"
class_data-7.csv,nmf,3,70,0.04285714285714286,2,3.1330038370285784,0.11033164490357443,2.824627786983233,0.05772635348335875,199,1,0.02666666666666667,0.015275252316519468,56.88831944826066,2.0379347470799267,-0.11009747971642624,0.14535418415017481,-0.7492659160267205,0.04978882371066564,0.8582586300409227,0.006162198406132069,1.9882758736395234,0.8980587934501658,0.0,2,lr,0.7,0.5764705882352941,0.0025780200958251953,0.5,"{'estimator__C': 1.0, 'estimator__class_weight': None, 'estimator__dual': False, 'estimator__fit_intercept': True, 'estimator__intercept_scaling': 1, 'estimator__l1_ratio': None, 'estimator__max_iter': 10000, 'estimator__n_jobs': None, 'estimator__penalty': 'l2', 'estimator__random_state': 42, 'estimator__solver': 'saga', 'estimator__tol': 0.0001, 'estimator__verbose': 0, 'estimator__warm_start': False, 'estimator': LogisticRegression(l1_ratio=None, max_iter=10000, penalty='l2', random_state=42,
                   solver='saga'), 'n_jobs': None}"
class_data-7.csv,nmf,3,70,0.04285714285714286,2,3.1330038370285784,0.11033164490357443,2.824627786983233,0.05772635348335875,199,1,0.02666666666666667,0.015275252316519468,56.88831944826066,2.0379347470799267,-0.11009747971642624,0.14535418415017481,-0.7492659160267205,0.04978882371066564,0.8582586300409227,0.006162198406132069,1.9882758736395234,0.8980587934501658,0.0,2,mlp,0.6333333333333333,0.5428571428571428,0.03786802291870117,0.4523809523809524,"{'estimator__activation': 'relu', 'estimator__alpha': 0.0001, 'estimator__batch_size': 'auto', 'estimator__beta_1': 0.9, 'estimator__beta_2': 0.999, 'estimator__early_stopping': False, 'estimator__epsilon': 1e-08, 'estimator__hidden_layer_sizes': 100, 'estimator__learning_rate': 'constant', 'estimator__learning_rate_init': 0.001, 'estimator__max_fun': 15000, 'estimator__max_iter': 10000, 'estimator__momentum': 0.9, 'estimator__n_iter_no_change': 10, 'estimator__nesterovs_momentum': True, 'estimator__power_t': 0.5, 'estimator__random_state': 42, 'estimator__shuffle': True, 'estimator__solver': 'adam', 'estimator__tol': 0.0001, 'estimator__validation_fraction': 0.1, 'estimator__verbose': False, 'estimator__warm_start': False, 'estimator': MLPClassifier(hidden_layer_sizes=100, max_iter=10000, random_state=42), 'n_jobs': None}"
class_data-7.csv,nmf,3,70,0.04285714285714286,2,3.1330038370285784,0.11033164490357443,2.824627786983233,0.05772635348335875,199,1,0.02666666666666667,0.015275252316519468,56.88831944826066,2.0379347470799267,-0.11009747971642624,0.14535418415017481,-0.7492659160267205,0.04978882371066564,0.8582586300409227,0.006162198406132069,1.9882758736395234,0.8980587934501658,0.0,2,nb,0.7666666666666667,0.7743589743589744,0.002134084701538086,0.7698412698412699,"{'estimator__priors': None, 'estimator__var_smoothing': 1e-09, 'estimator': GaussianNB(), 'n_jobs': None}"
class_data-7.csv,nmf,3,70,0.04285714285714286,2,3.1330038370285784,0.11033164490357443,2.824627786983233,0.05772635348335875,199,1,0.02666666666666667,0.015275252316519468,56.88831944826066,2.0379347470799267,-0.11009747971642624,0.14535418415017481,-0.7492659160267205,0.04978882371066564,0.8582586300409227,0.006162198406132069,1.9882758736395234,0.8980587934501658,0.0,2,rf,0.6666666666666666,0.679425837320574,0.05865979194641113,0.6666666666666667,"{'estimator__bootstrap': True, 'estimator__ccp_alpha': 0.0, 'estimator__class_weight': None, 'estimator__criterion': 'gini', 'estimator__max_depth': None, 'estimator__max_features': 'sqrt', 'estimator__max_leaf_nodes': None, 'estimator__max_samples': None, 'estimator__min_impurity_decrease': 0.0, 'estimator__min_samples_leaf': 1, 'estimator__min_samples_split': 2, 'estimator__min_weight_fraction_leaf': 0.0, 'estimator__monotonic_cst': None, 'estimator__n_estimators': 100, 'estimator__n_jobs': None, 'estimator__oob_score': False, 'estimator__random_state': 42, 'estimator__verbose': 0, 'estimator__warm_start': False, 'estimator': RandomForestClassifier(random_state=42), 'n_jobs': None}"
class_data-7.csv,nmf,3,70,0.04285714285714286,2,3.1330038370285784,0.11033164490357443,2.824627786983233,0.05772635348335875,199,1,0.02666666666666667,0.015275252316519468,56.88831944826066,2.0379347470799267,-0.11009747971642624,0.14535418415017481,-0.7492659160267205,0.04978882371066564,0.8582586300409227,0.006162198406132069,1.9882758736395234,0.8980587934501658,0.0,2,svc,0.7,0.5764705882352941,0.002893686294555664,0.5,"{'estimator__C': 0.01, 'estimator__break_ties': False, 'estimator__cache_size': 200, 'estimator__class_weight': None, 'estimator__coef0': 0.0, 'estimator__decision_function_shape': 'ovr', 'estimator__degree': 3, 'estimator__gamma': 0.1, 'estimator__kernel': 'linear', 'estimator__max_iter': -1, 'estimator__probability': False, 'estimator__random_state': 42, 'estimator__shrinking': True, 'estimator__tol': 0.001, 'estimator__verbose': False, 'estimator': SVC(C=0.01, gamma=0.1, kernel='linear', probability=False, random_state=42), 'n_jobs': None}"
class_data-7.csv,none,20,70,0.2857142857142857,17,3.357699991073111e+16,0.07813869663131473,44.90200191312172,0.03625465416213734,1380,6,0.05000000000000001,0.012977713690461004,44.86746778628016,7.706221442363639,-0.03524564496509981,0.28901097499777934,-0.2129408170226969,0.5739893763285173,9.562776058073668,0.5862842256042795,1.9982688786749914,0.8980587934501658,0.0,2,dt,0.6,0.6166666666666667,0.0027239322662353516,0.6190476190476191,"{'estimator__ccp_alpha': 0.0, 'estimator__class_weight': None, 'estimator__criterion': 'gini', 'estimator__max_depth': None, 'estimator__max_features': None, 'estimator__max_leaf_nodes': None, 'estimator__min_impurity_decrease': 0.0, 'estimator__min_samples_leaf': 1, 'estimator__min_samples_split': 2, 'estimator__min_weight_fraction_leaf': 0.0, 'estimator__monotonic_cst': None, 'estimator__random_state': 42, 'estimator__splitter': 'best', 'estimator': DecisionTreeClassifier(random_state=42), 'n_jobs': None}"
class_data-7.csv,none,20,70,0.2857142857142857,17,3.357699991073111e+16,0.07813869663131473,44.90200191312172,0.03625465416213734,1380,6,0.05000000000000001,0.012977713690461004,44.86746778628016,7.706221442363639,-0.03524564496509981,0.28901097499777934,-0.2129408170226969,0.5739893763285173,9.562776058073668,0.5862842256042795,1.9982688786749914,0.8980587934501658,0.0,2,lr,0.6666666666666666,0.6335403726708075,0.0038840770721435547,0.5396825396825397,"{'estimator__C': 1.0, 'estimator__class_weight': None, 'estimator__dual': False, 'estimator__fit_intercept': True, 'estimator__intercept_scaling': 1, 'estimator__l1_ratio': None, 'estimator__max_iter': 10000, 'estimator__n_jobs': None, 'estimator__penalty': 'l2', 'estimator__random_state': 42, 'estimator__solver': 'saga', 'estimator__tol': 0.0001, 'estimator__verbose': 0, 'estimator__warm_start': False, 'estimator': LogisticRegression(l1_ratio=None, max_iter=10000, penalty='l2', random_state=42,
                   solver='saga'), 'n_jobs': None}"
class_data-7.csv,none,20,70,0.2857142857142857,17,3.357699991073111e+16,0.07813869663131473,44.90200191312172,0.03625465416213734,1380,6,0.05000000000000001,0.012977713690461004,44.86746778628016,7.706221442363639,-0.03524564496509981,0.28901097499777934,-0.2129408170226969,0.5739893763285173,9.562776058073668,0.5862842256042795,1.9982688786749914,0.8980587934501658,0.0,2,mlp,0.7,0.7098901098901098,0.12837505340576172,0.6904761904761906,"{'estimator__activation': 'relu', 'estimator__alpha': 0.0001, 'estimator__batch_size': 'auto', 'estimator__beta_1': 0.9, 'estimator__beta_2': 0.999, 'estimator__early_stopping': False, 'estimator__epsilon': 1e-08, 'estimator__hidden_layer_sizes': 100, 'estimator__learning_rate': 'constant', 'estimator__learning_rate_init': 0.001, 'estimator__max_fun': 15000, 'estimator__max_iter': 10000, 'estimator__momentum': 0.9, 'estimator__n_iter_no_change': 10, 'estimator__nesterovs_momentum': True, 'estimator__power_t': 0.5, 'estimator__random_state': 42, 'estimator__shuffle': True, 'estimator__solver': 'adam', 'estimator__tol': 0.0001, 'estimator__validation_fraction': 0.1, 'estimator__verbose': False, 'estimator__warm_start': False, 'estimator': MLPClassifier(hidden_layer_sizes=100, max_iter=10000, random_state=42), 'n_jobs': None}"
class_data-7.csv,none,20,70,0.2857142857142857,17,3.357699991073111e+16,0.07813869663131473,44.90200191312172,0.03625465416213734,1380,6,0.05000000000000001,0.012977713690461004,44.86746778628016,7.706221442363639,-0.03524564496509981,0.28901097499777934,-0.2129408170226969,0.5739893763285173,9.562776058073668,0.5862842256042795,1.9982688786749914,0.8980587934501658,0.0,2,nb,0.7333333333333333,0.7444444444444444,0.0025038719177246094,0.7777777777777777,"{'estimator__priors': None, 'estimator__var_smoothing': 1e-09, 'estimator': GaussianNB(), 'n_jobs': None}"
class_data-7.csv,none,20,70,0.2857142857142857,17,3.357699991073111e+16,0.07813869663131473,44.90200191312172,0.03625465416213734,1380,6,0.05000000000000001,0.012977713690461004,44.86746778628016,7.706221442363639,-0.03524564496509981,0.28901097499777934,-0.2129408170226969,0.5739893763285173,9.562776058073668,0.5862842256042795,1.9982688786749914,0.8980587934501658,0.0,2,rf,0.6666666666666666,0.6666666666666666,0.061850786209106445,0.6031746031746031,"{'estimator__bootstrap': True, 'estimator__ccp_alpha': 0.0, 'estimator__class_weight': None, 'estimator__criterion': 'gini', 'estimator__max_depth': None, 'estimator__max_features': 'sqrt', 'estimator__max_leaf_nodes': None, 'estimator__max_samples': None, 'estimator__min_impurity_decrease': 0.0, 'estimator__min_samples_leaf': 1, 'estimator__min_samples_split': 2, 'estimator__min_weight_fraction_leaf': 0.0, 'estimator__monotonic_cst': None, 'estimator__n_estimators': 100, 'estimator__n_jobs': None, 'estimator__oob_score': False, 'estimator__random_state': 42, 'estimator__verbose': 0, 'estimator__warm_start': False, 'estimator': RandomForestClassifier(random_state=42), 'n_jobs': None}"
class_data-7.csv,none,20,70,0.2857142857142857,17,3.357699991073111e+16,0.07813869663131473,44.90200191312172,0.03625465416213734,1380,6,0.05000000000000001,0.012977713690461004,44.86746778628016,7.706221442363639,-0.03524564496509981,0.28901097499777934,-0.2129408170226969,0.5739893763285173,9.562776058073668,0.5862842256042795,1.9982688786749914,0.8980587934501658,0.0,2,svc,0.7,0.5764705882352941,0.003131866455078125,0.5,"{'estimator__C': 0.01, 'estimator__break_ties': False, 'estimator__cache_size': 200, 'estimator__class_weight': None, 'estimator__coef0': 0.0, 'estimator__decision_function_shape': 'ovr', 'estimator__degree': 3, 'estimator__gamma': 0.1, 'estimator__kernel': 'linear', 'estimator__max_iter': -1, 'estimator__probability': False, 'estimator__random_state': 42, 'estimator__shrinking': True, 'estimator__tol': 0.001, 'estimator__verbose': False, 'estimator': SVC(C=0.01, gamma=0.1, kernel='linear', probability=False, random_state=42), 'n_jobs': None}"
class_data-8.csv,pca,3,70,0.04285714285714286,3,1.3907813248034913,0.042050278332415376,8.881784197001252e-16,0.02402836919133174,210,1,0.10666666666666667,0.03785938897200182,-6.57158517842097e+17,1.8139113452511352e+18,0.07337460173516523,0.35290375873603164,0.17548805631596368,0.45845075794636725,-0.6067794372064251,0.0937825718301198,1.9885885151975817,0.9994110647387552,0.0,1,dt,0.43333333333333335,0.4276094276094276,0.002819061279296875,0.4333333333333333,"{'estimator__ccp_alpha': 0.0, 'estimator__class_weight': None, 'estimator__criterion': 'gini', 'estimator__max_depth': None, 'estimator__max_features': None, 'estimator__max_leaf_nodes': None, 'estimator__min_impurity_decrease': 0.0, 'estimator__min_samples_leaf': 1, 'estimator__min_samples_split': 2, 'estimator__min_weight_fraction_leaf': 0.0, 'estimator__monotonic_cst': None, 'estimator__random_state': 42, 'estimator__splitter': 'best', 'estimator': DecisionTreeClassifier(random_state=42), 'n_jobs': None}"
class_data-8.csv,pca,3,70,0.04285714285714286,3,1.3907813248034913,0.042050278332415376,8.881784197001252e-16,0.02402836919133174,210,1,0.10666666666666667,0.03785938897200182,-6.57158517842097e+17,1.8139113452511352e+18,0.07337460173516523,0.35290375873603164,0.17548805631596368,0.45845075794636725,-0.6067794372064251,0.0937825718301198,1.9885885151975817,0.9994110647387552,0.0,1,lr,0.6,0.5982142857142857,0.003076791763305664,0.6000000000000001,"{'estimator__C': 1.0, 'estimator__class_weight': None, 'estimator__dual': False, 'estimator__fit_intercept': True, 'estimator__intercept_scaling': 1, 'estimator__l1_ratio': None, 'estimator__max_iter': 10000, 'estimator__n_jobs': None, 'estimator__penalty': 'l2', 'estimator__random_state': 42, 'estimator__solver': 'saga', 'estimator__tol': 0.0001, 'estimator__verbose': 0, 'estimator__warm_start': False, 'estimator': LogisticRegression(l1_ratio=None, max_iter=10000, penalty='l2', random_state=42,
                   solver='saga'), 'n_jobs': None}"
class_data-8.csv,pca,3,70,0.04285714285714286,3,1.3907813248034913,0.042050278332415376,8.881784197001252e-16,0.02402836919133174,210,1,0.10666666666666667,0.03785938897200182,-6.57158517842097e+17,1.8139113452511352e+18,0.07337460173516523,0.35290375873603164,0.17548805631596368,0.45845075794636725,-0.6067794372064251,0.0937825718301198,1.9885885151975817,0.9994110647387552,0.0,1,mlp,0.5666666666666667,0.5622895622895623,0.36193084716796875,0.5666666666666668,"{'estimator__activation': 'relu', 'estimator__alpha': 0.0001, 'estimator__batch_size': 'auto', 'estimator__beta_1': 0.9, 'estimator__beta_2': 0.999, 'estimator__early_stopping': False, 'estimator__epsilon': 1e-08, 'estimator__hidden_layer_sizes': 100, 'estimator__learning_rate': 'constant', 'estimator__learning_rate_init': 0.001, 'estimator__max_fun': 15000, 'estimator__max_iter': 10000, 'estimator__momentum': 0.9, 'estimator__n_iter_no_change': 10, 'estimator__nesterovs_momentum': True, 'estimator__power_t': 0.5, 'estimator__random_state': 42, 'estimator__shuffle': True, 'estimator__solver': 'adam', 'estimator__tol': 0.0001, 'estimator__validation_fraction': 0.1, 'estimator__verbose': False, 'estimator__warm_start': False, 'estimator': MLPClassifier(hidden_layer_sizes=100, max_iter=10000, random_state=42), 'n_jobs': None}"
class_data-8.csv,pca,3,70,0.04285714285714286,3,1.3907813248034913,0.042050278332415376,8.881784197001252e-16,0.02402836919133174,210,1,0.10666666666666667,0.03785938897200182,-6.57158517842097e+17,1.8139113452511352e+18,0.07337460173516523,0.35290375873603164,0.17548805631596368,0.45845075794636725,-0.6067794372064251,0.0937825718301198,1.9885885151975817,0.9994110647387552,0.0,1,nb,0.5666666666666667,0.5238095238095238,0.0029239654541015625,0.5666666666666667,"{'estimator__priors': None, 'estimator__var_smoothing': 1e-09, 'estimator': GaussianNB(), 'n_jobs': None}"
class_data-8.csv,pca,3,70,0.04285714285714286,3,1.3907813248034913,0.042050278332415376,8.881784197001252e-16,0.02402836919133174,210,1,0.10666666666666667,0.03785938897200182,-6.57158517842097e+17,1.8139113452511352e+18,0.07337460173516523,0.35290375873603164,0.17548805631596368,0.45845075794636725,-0.6067794372064251,0.0937825718301198,1.9885885151975817,0.9994110647387552,0.0,1,rf,0.5666666666666667,0.5542857142857142,0.0585479736328125,0.5666666666666667,"{'estimator__bootstrap': True, 'estimator__ccp_alpha': 0.0, 'estimator__class_weight': None, 'estimator__criterion': 'gini', 'estimator__max_depth': None, 'estimator__max_features': 'sqrt', 'estimator__max_leaf_nodes': None, 'estimator__max_samples': None, 'estimator__min_impurity_decrease': 0.0, 'estimator__min_samples_leaf': 1, 'estimator__min_samples_split': 2, 'estimator__min_weight_fraction_leaf': 0.0, 'estimator__monotonic_cst': None, 'estimator__n_estimators': 100, 'estimator__n_jobs': None, 'estimator__oob_score': False, 'estimator__random_state': 42, 'estimator__verbose': 0, 'estimator__warm_start': False, 'estimator': RandomForestClassifier(random_state=42), 'n_jobs': None}"
class_data-8.csv,pca,3,70,0.04285714285714286,3,1.3907813248034913,0.042050278332415376,8.881784197001252e-16,0.02402836919133174,210,1,0.10666666666666667,0.03785938897200182,-6.57158517842097e+17,1.8139113452511352e+18,0.07337460173516523,0.35290375873603164,0.17548805631596368,0.45845075794636725,-0.6067794372064251,0.0937825718301198,1.9885885151975817,0.9994110647387552,0.0,1,svc,0.5,0.3333333333333333,0.003206968307495117,0.5,"{'estimator__C': 0.01, 'estimator__break_ties': False, 'estimator__cache_size': 200, 'estimator__class_weight': None, 'estimator__coef0': 0.0, 'estimator__decision_function_shape': 'ovr', 'estimator__degree': 3, 'estimator__gamma': 0.1, 'estimator__kernel': 'linear', 'estimator__max_iter': -1, 'estimator__probability': False, 'estimator__random_state': 42, 'estimator__shrinking': True, 'estimator__tol': 0.001, 'estimator__verbose': False, 'estimator': SVC(C=0.01, gamma=0.1, kernel='linear', probability=False, random_state=42), 'n_jobs': None}"
class_data-8.csv,nmf,3,70,0.04285714285714286,2,3.522049579026943,0.04669711658625496,2.7815042941956065,0.01754527556538103,201,1,0.02666666666666667,0.015275252316519468,52.35590623203071,1.7769485065652593,-0.04892093947595269,0.2636910907874814,-0.3573218195548485,0.49559097569463545,0.891648278590352,0.007506733171312762,1.9885960483553375,0.9994110647387552,0.0,1,dt,0.5333333333333333,0.53125,0.002180814743041992,0.5333333333333333,"{'estimator__ccp_alpha': 0.0, 'estimator__class_weight': None, 'estimator__criterion': 'gini', 'estimator__max_depth': None, 'estimator__max_features': None, 'estimator__max_leaf_nodes': None, 'estimator__min_impurity_decrease': 0.0, 'estimator__min_samples_leaf': 1, 'estimator__min_samples_split': 2, 'estimator__min_weight_fraction_leaf': 0.0, 'estimator__monotonic_cst': None, 'estimator__random_state': 42, 'estimator__splitter': 'best', 'estimator': DecisionTreeClassifier(random_state=42), 'n_jobs': None}"
class_data-8.csv,nmf,3,70,0.04285714285714286,2,3.522049579026943,0.04669711658625496,2.7815042941956065,0.01754527556538103,201,1,0.02666666666666667,0.015275252316519468,52.35590623203071,1.7769485065652593,-0.04892093947595269,0.2636910907874814,-0.3573218195548485,0.49559097569463545,0.891648278590352,0.007506733171312762,1.9885960483553375,0.9994110647387552,0.0,1,lr,0.6333333333333333,0.6228571428571429,0.002288818359375,0.6333333333333334,"{'estimator__C': 1.0, 'estimator__class_weight': None, 'estimator__dual': False, 'estimator__fit_intercept': True, 'estimator__intercept_scaling': 1, 'estimator__l1_ratio': None, 'estimator__max_iter': 10000, 'estimator__n_jobs': None, 'estimator__penalty': 'l2', 'estimator__random_state': 42, 'estimator__solver': 'saga', 'estimator__tol': 0.0001, 'estimator__verbose': 0, 'estimator__warm_start': False, 'estimator': LogisticRegression(l1_ratio=None, max_iter=10000, penalty='l2', random_state=42,
                   solver='saga'), 'n_jobs': None}"
class_data-8.csv,nmf,3,70,0.04285714285714286,2,3.522049579026943,0.04669711658625496,2.7815042941956065,0.01754527556538103,201,1,0.02666666666666667,0.015275252316519468,52.35590623203071,1.7769485065652593,-0.04892093947595269,0.2636910907874814,-0.3573218195548485,0.49559097569463545,0.891648278590352,0.007506733171312762,1.9885960483553375,0.9994110647387552,0.0,1,mlp,0.6666666666666666,0.6651785714285715,0.02353382110595703,0.6666666666666667,"{'estimator__activation': 'relu', 'estimator__alpha': 0.0001, 'estimator__batch_size': 'auto', 'estimator__beta_1': 0.9, 'estimator__beta_2': 0.999, 'estimator__early_stopping': False, 'estimator__epsilon': 1e-08, 'estimator__hidden_layer_sizes': 100, 'estimator__learning_rate': 'constant', 'estimator__learning_rate_init': 0.001, 'estimator__max_fun': 15000, 'estimator__max_iter': 10000, 'estimator__momentum': 0.9, 'estimator__n_iter_no_change': 10, 'estimator__nesterovs_momentum': True, 'estimator__power_t': 0.5, 'estimator__random_state': 42, 'estimator__shuffle': True, 'estimator__solver': 'adam', 'estimator__tol': 0.0001, 'estimator__validation_fraction': 0.1, 'estimator__verbose': False, 'estimator__warm_start': False, 'estimator': MLPClassifier(hidden_layer_sizes=100, max_iter=10000, random_state=42), 'n_jobs': None}"
class_data-8.csv,nmf,3,70,0.04285714285714286,2,3.522049579026943,0.04669711658625496,2.7815042941956065,0.01754527556538103,201,1,0.02666666666666667,0.015275252316519468,52.35590623203071,1.7769485065652593,-0.04892093947595269,0.2636910907874814,-0.3573218195548485,0.49559097569463545,0.891648278590352,0.007506733171312762,1.9885960483553375,0.9994110647387552,0.0,1,nb,0.5666666666666667,0.5622895622895623,0.0020856857299804688,0.5666666666666668,"{'estimator__priors': None, 'estimator__var_smoothing': 1e-09, 'estimator': GaussianNB(), 'n_jobs': None}"
class_data-8.csv,nmf,3,70,0.04285714285714286,2,3.522049579026943,0.04669711658625496,2.7815042941956065,0.01754527556538103,201,1,0.02666666666666667,0.015275252316519468,52.35590623203071,1.7769485065652593,-0.04892093947595269,0.2636910907874814,-0.3573218195548485,0.49559097569463545,0.891648278590352,0.007506733171312762,1.9885960483553375,0.9994110647387552,0.0,1,rf,0.5,0.49944382647385993,0.053734779357910156,0.5,"{'estimator__bootstrap': True, 'estimator__ccp_alpha': 0.0, 'estimator__class_weight': None, 'estimator__criterion': 'gini', 'estimator__max_depth': None, 'estimator__max_features': 'sqrt', 'estimator__max_leaf_nodes': None, 'estimator__max_samples': None, 'estimator__min_impurity_decrease': 0.0, 'estimator__min_samples_leaf': 1, 'estimator__min_samples_split': 2, 'estimator__min_weight_fraction_leaf': 0.0, 'estimator__monotonic_cst': None, 'estimator__n_estimators': 100, 'estimator__n_jobs': None, 'estimator__oob_score': False, 'estimator__random_state': 42, 'estimator__verbose': 0, 'estimator__warm_start': False, 'estimator': RandomForestClassifier(random_state=42), 'n_jobs': None}"
class_data-8.csv,nmf,3,70,0.04285714285714286,2,3.522049579026943,0.04669711658625496,2.7815042941956065,0.01754527556538103,201,1,0.02666666666666667,0.015275252316519468,52.35590623203071,1.7769485065652593,-0.04892093947595269,0.2636910907874814,-0.3573218195548485,0.49559097569463545,0.891648278590352,0.007506733171312762,1.9885960483553375,0.9994110647387552,0.0,1,svc,0.5,0.3333333333333333,0.002730131149291992,0.5,"{'estimator__C': 0.01, 'estimator__break_ties': False, 'estimator__cache_size': 200, 'estimator__class_weight': None, 'estimator__coef0': 0.0, 'estimator__decision_function_shape': 'ovr', 'estimator__degree': 3, 'estimator__gamma': 0.1, 'estimator__kernel': 'linear', 'estimator__max_iter': -1, 'estimator__probability': False, 'estimator__random_state': 42, 'estimator__shrinking': True, 'estimator__tol': 0.001, 'estimator__verbose': False, 'estimator': SVC(C=0.01, gamma=0.1, kernel='linear', probability=False, random_state=42), 'n_jobs': None}"
class_data-8.csv,none,20,70,0.2857142857142857,18,3.71922085553041e+16,0.03528086279292133,43.18618086548658,0.03261684082037216,1380,6,0.04650000000000001,0.008750939799154206,42.64181729064991,5.622172434340168,-0.002285250589681739,0.2687882858174583,-0.16773485469224075,0.3398616940437923,9.564545163689084,0.5463566277075474,1.9982654421498347,0.9994110647387552,0.0,1,dt,0.9,0.899888765294772,0.0025010108947753906,0.9,"{'estimator__ccp_alpha': 0.0, 'estimator__class_weight': None, 'estimator__criterion': 'gini', 'estimator__max_depth': None, 'estimator__max_features': None, 'estimator__max_leaf_nodes': None, 'estimator__min_impurity_decrease': 0.0, 'estimator__min_samples_leaf': 1, 'estimator__min_samples_split': 2, 'estimator__min_weight_fraction_leaf': 0.0, 'estimator__monotonic_cst': None, 'estimator__random_state': 42, 'estimator__splitter': 'best', 'estimator': DecisionTreeClassifier(random_state=42), 'n_jobs': None}"
class_data-8.csv,none,20,70,0.2857142857142857,18,3.71922085553041e+16,0.03528086279292133,43.18618086548658,0.03261684082037216,1380,6,0.04650000000000001,0.008750939799154206,42.64181729064991,5.622172434340168,-0.002285250589681739,0.2687882858174583,-0.16773485469224075,0.3398616940437923,9.564545163689084,0.5463566277075474,1.9982654421498347,0.9994110647387552,0.0,1,lr,0.7666666666666667,0.7664071190211346,0.0035011768341064453,0.7666666666666667,"{'estimator__C': 1.0, 'estimator__class_weight': None, 'estimator__dual': False, 'estimator__fit_intercept': True, 'estimator__intercept_scaling': 1, 'estimator__l1_ratio': None, 'estimator__max_iter': 10000, 'estimator__n_jobs': None, 'estimator__penalty': 'l2', 'estimator__random_state': 42, 'estimator__solver': 'saga', 'estimator__tol': 0.0001, 'estimator__verbose': 0, 'estimator__warm_start': False, 'estimator': LogisticRegression(l1_ratio=None, max_iter=10000, penalty='l2', random_state=42,
                   solver='saga'), 'n_jobs': None}"
class_data-8.csv,none,20,70,0.2857142857142857,18,3.71922085553041e+16,0.03528086279292133,43.18618086548658,0.03261684082037216,1380,6,0.04650000000000001,0.008750939799154206,42.64181729064991,5.622172434340168,-0.002285250589681739,0.2687882858174583,-0.16773485469224075,0.3398616940437923,9.564545163689084,0.5463566277075474,1.9982654421498347,0.9994110647387552,0.0,1,mlp,0.6666666666666666,0.6651785714285715,0.14972424507141113,0.6666666666666667,"{'estimator__activation': 'relu', 'estimator__alpha': 0.0001, 'estimator__batch_size': 'auto', 'estimator__beta_1': 0.9, 'estimator__beta_2': 0.999, 'estimator__early_stopping': False, 'estimator__epsilon': 1e-08, 'estimator__hidden_layer_sizes': 100, 'estimator__learning_rate': 'constant', 'estimator__learning_rate_init': 0.001, 'estimator__max_fun': 15000, 'estimator__max_iter': 10000, 'estimator__momentum': 0.9, 'estimator__n_iter_no_change': 10, 'estimator__nesterovs_momentum': True, 'estimator__power_t': 0.5, 'estimator__random_state': 42, 'estimator__shuffle': True, 'estimator__solver': 'adam', 'estimator__tol': 0.0001, 'estimator__validation_fraction': 0.1, 'estimator__verbose': False, 'estimator__warm_start': False, 'estimator': MLPClassifier(hidden_layer_sizes=100, max_iter=10000, random_state=42), 'n_jobs': None}"
class_data-8.csv,none,20,70,0.2857142857142857,18,3.71922085553041e+16,0.03528086279292133,43.18618086548658,0.03261684082037216,1380,6,0.04650000000000001,0.008750939799154206,42.64181729064991,5.622172434340168,-0.002285250589681739,0.2687882858174583,-0.16773485469224075,0.3398616940437923,9.564545163689084,0.5463566277075474,1.9982654421498347,0.9994110647387552,0.0,1,nb,0.7,0.6996662958843161,0.002249002456665039,0.7000000000000001,"{'estimator__priors': None, 'estimator__var_smoothing': 1e-09, 'estimator': GaussianNB(), 'n_jobs': None}"
class_data-8.csv,none,20,70,0.2857142857142857,18,3.71922085553041e+16,0.03528086279292133,43.18618086548658,0.03261684082037216,1380,6,0.04650000000000001,0.008750939799154206,42.64181729064991,5.622172434340168,-0.002285250589681739,0.2687882858174583,-0.16773485469224075,0.3398616940437923,9.564545163689084,0.5463566277075474,1.9982654421498347,0.9994110647387552,0.0,1,rf,0.8,0.7991071428571428,0.06414198875427246,0.8,"{'estimator__bootstrap': True, 'estimator__ccp_alpha': 0.0, 'estimator__class_weight': None, 'estimator__criterion': 'gini', 'estimator__max_depth': None, 'estimator__max_features': 'sqrt', 'estimator__max_leaf_nodes': None, 'estimator__max_samples': None, 'estimator__min_impurity_decrease': 0.0, 'estimator__min_samples_leaf': 1, 'estimator__min_samples_split': 2, 'estimator__min_weight_fraction_leaf': 0.0, 'estimator__monotonic_cst': None, 'estimator__n_estimators': 100, 'estimator__n_jobs': None, 'estimator__oob_score': False, 'estimator__random_state': 42, 'estimator__verbose': 0, 'estimator__warm_start': False, 'estimator': RandomForestClassifier(random_state=42), 'n_jobs': None}"
class_data-8.csv,none,20,70,0.2857142857142857,18,3.71922085553041e+16,0.03528086279292133,43.18618086548658,0.03261684082037216,1380,6,0.04650000000000001,0.008750939799154206,42.64181729064991,5.622172434340168,-0.002285250589681739,0.2687882858174583,-0.16773485469224075,0.3398616940437923,9.564545163689084,0.5463566277075474,1.9982654421498347,0.9994110647387552,0.0,1,svc,0.5,0.3333333333333333,0.002911090850830078,0.5,"{'estimator__C': 0.01, 'estimator__break_ties': False, 'estimator__cache_size': 200, 'estimator__class_weight': None, 'estimator__coef0': 0.0, 'estimator__decision_function_shape': 'ovr', 'estimator__degree': 3, 'estimator__gamma': 0.1, 'estimator__kernel': 'linear', 'estimator__max_iter': -1, 'estimator__probability': False, 'estimator__random_state': 42, 'estimator__shrinking': True, 'estimator__tol': 0.001, 'estimator__verbose': False, 'estimator': SVC(C=0.01, gamma=0.1, kernel='linear', probability=False, random_state=42), 'n_jobs': None}"
class_data-8.csv,pca,3,70,0.04285714285714286,3,1.4587494053910224,0.05458380480763037,0.0,0.045170030072939925,210,1,0.11,0.04358898943540674,-2.9364673348242714e+17,2.3683256085409485e+17,-0.1394826527209834,0.25931369968820756,-0.39659535348241626,0.15089370803694674,-0.6831309434916365,0.10782895379379871,1.9884694906717364,0.9994110647387552,0.0,2,dt,0.7,0.6914285714285714,0.0026161670684814453,0.7,"{'estimator__ccp_alpha': 0.0, 'estimator__class_weight': None, 'estimator__criterion': 'gini', 'estimator__max_depth': None, 'estimator__max_features': None, 'estimator__max_leaf_nodes': None, 'estimator__min_impurity_decrease': 0.0, 'estimator__min_samples_leaf': 1, 'estimator__min_samples_split': 2, 'estimator__min_weight_fraction_leaf': 0.0, 'estimator__monotonic_cst': None, 'estimator__random_state': 42, 'estimator__splitter': 'best', 'estimator': DecisionTreeClassifier(random_state=42), 'n_jobs': None}"
class_data-8.csv,pca,3,70,0.04285714285714286,3,1.4587494053910224,0.05458380480763037,0.0,0.045170030072939925,210,1,0.11,0.04358898943540674,-2.9364673348242714e+17,2.3683256085409485e+17,-0.1394826527209834,0.25931369968820756,-0.39659535348241626,0.15089370803694674,-0.6831309434916365,0.10782895379379871,1.9884694906717364,0.9994110647387552,0.0,2,lr,0.5666666666666667,0.5661846496106785,0.0026400089263916016,0.5666666666666667,"{'estimator__C': 1.0, 'estimator__class_weight': None, 'estimator__dual': False, 'estimator__fit_intercept': True, 'estimator__intercept_scaling': 1, 'estimator__l1_ratio': None, 'estimator__max_iter': 10000, 'estimator__n_jobs': None, 'estimator__penalty': 'l2', 'estimator__random_state': 42, 'estimator__solver': 'saga', 'estimator__tol': 0.0001, 'estimator__verbose': 0, 'estimator__warm_start': False, 'estimator': LogisticRegression(l1_ratio=None, max_iter=10000, penalty='l2', random_state=42,
                   solver='saga'), 'n_jobs': None}"
class_data-8.csv,pca,3,70,0.04285714285714286,3,1.4587494053910224,0.05458380480763037,0.0,0.045170030072939925,210,1,0.11,0.04358898943540674,-2.9364673348242714e+17,2.3683256085409485e+17,-0.1394826527209834,0.25931369968820756,-0.39659535348241626,0.15089370803694674,-0.6831309434916365,0.10782895379379871,1.9884694906717364,0.9994110647387552,0.0,2,mlp,0.7,0.696969696969697,0.12964701652526855,0.7000000000000002,"{'estimator__activation': 'relu', 'estimator__alpha': 0.0001, 'estimator__batch_size': 'auto', 'estimator__beta_1': 0.9, 'estimator__beta_2': 0.999, 'estimator__early_stopping': False, 'estimator__epsilon': 1e-08, 'estimator__hidden_layer_sizes': 100, 'estimator__learning_rate': 'constant', 'estimator__learning_rate_init': 0.001, 'estimator__max_fun': 15000, 'estimator__max_iter': 10000, 'estimator__momentum': 0.9, 'estimator__n_iter_no_change': 10, 'estimator__nesterovs_momentum': True, 'estimator__power_t': 0.5, 'estimator__random_state': 42, 'estimator__shuffle': True, 'estimator__solver': 'adam', 'estimator__tol': 0.0001, 'estimator__validation_fraction': 0.1, 'estimator__verbose': False, 'estimator__warm_start': False, 'estimator': MLPClassifier(hidden_layer_sizes=100, max_iter=10000, random_state=42), 'n_jobs': None}"
class_data-8.csv,pca,3,70,0.04285714285714286,3,1.4587494053910224,0.05458380480763037,0.0,0.045170030072939925,210,1,0.11,0.04358898943540674,-2.9364673348242714e+17,2.3683256085409485e+17,-0.1394826527209834,0.25931369968820756,-0.39659535348241626,0.15089370803694674,-0.6831309434916365,0.10782895379379871,1.9884694906717364,0.9994110647387552,0.0,2,nb,0.6,0.5927601809954751,0.0023200511932373047,0.6000000000000001,"{'estimator__priors': None, 'estimator__var_smoothing': 1e-09, 'estimator': GaussianNB(), 'n_jobs': None}"
class_data-8.csv,pca,3,70,0.04285714285714286,3,1.4587494053910224,0.05458380480763037,0.0,0.045170030072939925,210,1,0.11,0.04358898943540674,-2.9364673348242714e+17,2.3683256085409485e+17,-0.1394826527209834,0.25931369968820756,-0.39659535348241626,0.15089370803694674,-0.6831309434916365,0.10782895379379871,1.9884694906717364,0.9994110647387552,0.0,2,rf,0.5666666666666667,0.5417156286721504,0.050618886947631836,0.5666666666666667,"{'estimator__bootstrap': True, 'estimator__ccp_alpha': 0.0, 'estimator__class_weight': None, 'estimator__criterion': 'gini', 'estimator__max_depth': None, 'estimator__max_features': 'sqrt', 'estimator__max_leaf_nodes': None, 'estimator__max_samples': None, 'estimator__min_impurity_decrease': 0.0, 'estimator__min_samples_leaf': 1, 'estimator__min_samples_split': 2, 'estimator__min_weight_fraction_leaf': 0.0, 'estimator__monotonic_cst': None, 'estimator__n_estimators': 100, 'estimator__n_jobs': None, 'estimator__oob_score': False, 'estimator__random_state': 42, 'estimator__verbose': 0, 'estimator__warm_start': False, 'estimator': RandomForestClassifier(random_state=42), 'n_jobs': None}"
class_data-8.csv,pca,3,70,0.04285714285714286,3,1.4587494053910224,0.05458380480763037,0.0,0.045170030072939925,210,1,0.11,0.04358898943540674,-2.9364673348242714e+17,2.3683256085409485e+17,-0.1394826527209834,0.25931369968820756,-0.39659535348241626,0.15089370803694674,-0.6831309434916365,0.10782895379379871,1.9884694906717364,0.9994110647387552,0.0,2,svc,0.5,0.3333333333333333,0.0031228065490722656,0.5,"{'estimator__C': 0.01, 'estimator__break_ties': False, 'estimator__cache_size': 200, 'estimator__class_weight': None, 'estimator__coef0': 0.0, 'estimator__decision_function_shape': 'ovr', 'estimator__degree': 3, 'estimator__gamma': 0.1, 'estimator__kernel': 'linear', 'estimator__max_iter': -1, 'estimator__probability': False, 'estimator__random_state': 42, 'estimator__shrinking': True, 'estimator__tol': 0.001, 'estimator__verbose': False, 'estimator': SVC(C=0.01, gamma=0.1, kernel='linear', probability=False, random_state=42), 'n_jobs': None}"
class_data-8.csv,nmf,3,70,0.04285714285714286,2,4.582460140730172,0.10085795378857138,2.656565733751158,0.013169043332005895,201,1,0.02666666666666667,0.015275252316519468,53.427822268147075,3.6293755938043093,0.023900683787453025,0.31769269927762767,-0.5623156395039434,0.17438553542168864,0.9495712706486419,0.004963128214302078,1.9886176233304043,0.9994110647387552,0.0,2,dt,0.5666666666666667,0.5661846496106785,0.0027740001678466797,0.5666666666666667,"{'estimator__ccp_alpha': 0.0, 'estimator__class_weight': None, 'estimator__criterion': 'gini', 'estimator__max_depth': None, 'estimator__max_features': None, 'estimator__max_leaf_nodes': None, 'estimator__min_impurity_decrease': 0.0, 'estimator__min_samples_leaf': 1, 'estimator__min_samples_split': 2, 'estimator__min_weight_fraction_leaf': 0.0, 'estimator__monotonic_cst': None, 'estimator__random_state': 42, 'estimator__splitter': 'best', 'estimator': DecisionTreeClassifier(random_state=42), 'n_jobs': None}"
class_data-8.csv,nmf,3,70,0.04285714285714286,2,4.582460140730172,0.10085795378857138,2.656565733751158,0.013169043332005895,201,1,0.02666666666666667,0.015275252316519468,53.427822268147075,3.6293755938043093,0.023900683787453025,0.31769269927762767,-0.5623156395039434,0.17438553542168864,0.9495712706486419,0.004963128214302078,1.9886176233304043,0.9994110647387552,0.0,2,lr,0.6333333333333333,0.6329254727474972,0.0026962757110595703,0.6333333333333334,"{'estimator__C': 1.0, 'estimator__class_weight': None, 'estimator__dual': False, 'estimator__fit_intercept': True, 'estimator__intercept_scaling': 1, 'estimator__l1_ratio': None, 'estimator__max_iter': 10000, 'estimator__n_jobs': None, 'estimator__penalty': 'l2', 'estimator__random_state': 42, 'estimator__solver': 'saga', 'estimator__tol': 0.0001, 'estimator__verbose': 0, 'estimator__warm_start': False, 'estimator': LogisticRegression(l1_ratio=None, max_iter=10000, penalty='l2', random_state=42,
                   solver='saga'), 'n_jobs': None}"
class_data-8.csv,nmf,3,70,0.04285714285714286,2,4.582460140730172,0.10085795378857138,2.656565733751158,0.013169043332005895,201,1,0.02666666666666667,0.015275252316519468,53.427822268147075,3.6293755938043093,0.023900683787453025,0.31769269927762767,-0.5623156395039434,0.17438553542168864,0.9495712706486419,0.004963128214302078,1.9886176233304043,0.9994110647387552,0.0,2,mlp,0.6333333333333333,0.6296296296296297,0.15180492401123047,0.6333333333333333,"{'estimator__activation': 'relu', 'estimator__alpha': 0.0001, 'estimator__batch_size': 'auto', 'estimator__beta_1': 0.9, 'estimator__beta_2': 0.999, 'estimator__early_stopping': False, 'estimator__epsilon': 1e-08, 'estimator__hidden_layer_sizes': 100, 'estimator__learning_rate': 'constant', 'estimator__learning_rate_init': 0.001, 'estimator__max_fun': 15000, 'estimator__max_iter': 10000, 'estimator__momentum': 0.9, 'estimator__n_iter_no_change': 10, 'estimator__nesterovs_momentum': True, 'estimator__power_t': 0.5, 'estimator__random_state': 42, 'estimator__shuffle': True, 'estimator__solver': 'adam', 'estimator__tol': 0.0001, 'estimator__validation_fraction': 0.1, 'estimator__verbose': False, 'estimator__warm_start': False, 'estimator': MLPClassifier(hidden_layer_sizes=100, max_iter=10000, random_state=42), 'n_jobs': None}"
class_data-8.csv,nmf,3,70,0.04285714285714286,2,4.582460140730172,0.10085795378857138,2.656565733751158,0.013169043332005895,201,1,0.02666666666666667,0.015275252316519468,53.427822268147075,3.6293755938043093,0.023900683787453025,0.31769269927762767,-0.5623156395039434,0.17438553542168864,0.9495712706486419,0.004963128214302078,1.9886176233304043,0.9994110647387552,0.0,2,nb,0.6333333333333333,0.6329254727474972,0.0024640560150146484,0.6333333333333334,"{'estimator__priors': None, 'estimator__var_smoothing': 1e-09, 'estimator': GaussianNB(), 'n_jobs': None}"
class_data-8.csv,nmf,3,70,0.04285714285714286,2,4.582460140730172,0.10085795378857138,2.656565733751158,0.013169043332005895,201,1,0.02666666666666667,0.015275252316519468,53.427822268147075,3.6293755938043093,0.023900683787453025,0.31769269927762767,-0.5623156395039434,0.17438553542168864,0.9495712706486419,0.004963128214302078,1.9886176233304043,0.9994110647387552,0.0,2,rf,0.6,0.5982142857142857,0.0501708984375,0.6000000000000001,"{'estimator__bootstrap': True, 'estimator__ccp_alpha': 0.0, 'estimator__class_weight': None, 'estimator__criterion': 'gini', 'estimator__max_depth': None, 'estimator__max_features': 'sqrt', 'estimator__max_leaf_nodes': None, 'estimator__max_samples': None, 'estimator__min_impurity_decrease': 0.0, 'estimator__min_samples_leaf': 1, 'estimator__min_samples_split': 2, 'estimator__min_weight_fraction_leaf': 0.0, 'estimator__monotonic_cst': None, 'estimator__n_estimators': 100, 'estimator__n_jobs': None, 'estimator__oob_score': False, 'estimator__random_state': 42, 'estimator__verbose': 0, 'estimator__warm_start': False, 'estimator': RandomForestClassifier(random_state=42), 'n_jobs': None}"
class_data-8.csv,nmf,3,70,0.04285714285714286,2,4.582460140730172,0.10085795378857138,2.656565733751158,0.013169043332005895,201,1,0.02666666666666667,0.015275252316519468,53.427822268147075,3.6293755938043093,0.023900683787453025,0.31769269927762767,-0.5623156395039434,0.17438553542168864,0.9495712706486419,0.004963128214302078,1.9886176233304043,0.9994110647387552,0.0,2,svc,0.5,0.3333333333333333,0.0035331249237060547,0.5,"{'estimator__C': 0.01, 'estimator__break_ties': False, 'estimator__cache_size': 200, 'estimator__class_weight': None, 'estimator__coef0': 0.0, 'estimator__decision_function_shape': 'ovr', 'estimator__degree': 3, 'estimator__gamma': 0.1, 'estimator__kernel': 'linear', 'estimator__max_iter': -1, 'estimator__probability': False, 'estimator__random_state': 42, 'estimator__shrinking': True, 'estimator__tol': 0.001, 'estimator__verbose': False, 'estimator': SVC(C=0.01, gamma=0.1, kernel='linear', probability=False, random_state=42), 'n_jobs': None}"
class_data-8.csv,none,20,70,0.2857142857142857,18,3.057794818552974e+16,0.029776502314163213,45.461285142310786,0.017736105208882746,1380,8,0.04650000000000001,0.005871429486123999,43.54636885483217,5.855615415331819,-0.008001812865163247,0.26831109968251143,-0.13997274457167172,0.27743823265696843,9.563275758697916,0.5387176467622581,1.9982644136780743,0.9994110647387552,0.0,2,dt,0.8,0.7963800904977376,0.00304412841796875,0.8,"{'estimator__ccp_alpha': 0.0, 'estimator__class_weight': None, 'estimator__criterion': 'gini', 'estimator__max_depth': None, 'estimator__max_features': None, 'estimator__max_leaf_nodes': None, 'estimator__min_impurity_decrease': 0.0, 'estimator__min_samples_leaf': 1, 'estimator__min_samples_split': 2, 'estimator__min_weight_fraction_leaf': 0.0, 'estimator__monotonic_cst': None, 'estimator__random_state': 42, 'estimator__splitter': 'best', 'estimator': DecisionTreeClassifier(random_state=42), 'n_jobs': None}"
class_data-8.csv,none,20,70,0.2857142857142857,18,3.057794818552974e+16,0.029776502314163213,45.461285142310786,0.017736105208882746,1380,8,0.04650000000000001,0.005871429486123999,43.54636885483217,5.855615415331819,-0.008001812865163247,0.26831109968251143,-0.13997274457167172,0.27743823265696843,9.563275758697916,0.5387176467622581,1.9982644136780743,0.9994110647387552,0.0,2,lr,0.7666666666666667,0.7664071190211346,0.003756999969482422,0.7666666666666667,"{'estimator__C': 1.0, 'estimator__class_weight': None, 'estimator__dual': False, 'estimator__fit_intercept': True, 'estimator__intercept_scaling': 1, 'estimator__l1_ratio': None, 'estimator__max_iter': 10000, 'estimator__n_jobs': None, 'estimator__penalty': 'l2', 'estimator__random_state': 42, 'estimator__solver': 'saga', 'estimator__tol': 0.0001, 'estimator__verbose': 0, 'estimator__warm_start': False, 'estimator': LogisticRegression(l1_ratio=None, max_iter=10000, penalty='l2', random_state=42,
                   solver='saga'), 'n_jobs': None}"
class_data-8.csv,none,20,70,0.2857142857142857,18,3.057794818552974e+16,0.029776502314163213,45.461285142310786,0.017736105208882746,1380,8,0.04650000000000001,0.005871429486123999,43.54636885483217,5.855615415331819,-0.008001812865163247,0.26831109968251143,-0.13997274457167172,0.27743823265696843,9.563275758697916,0.5387176467622581,1.9982644136780743,0.9994110647387552,0.0,2,mlp,0.7,0.6996662958843161,0.1580352783203125,0.7000000000000001,"{'estimator__activation': 'relu', 'estimator__alpha': 0.0001, 'estimator__batch_size': 'auto', 'estimator__beta_1': 0.9, 'estimator__beta_2': 0.999, 'estimator__early_stopping': False, 'estimator__epsilon': 1e-08, 'estimator__hidden_layer_sizes': 100, 'estimator__learning_rate': 'constant', 'estimator__learning_rate_init': 0.001, 'estimator__max_fun': 15000, 'estimator__max_iter': 10000, 'estimator__momentum': 0.9, 'estimator__n_iter_no_change': 10, 'estimator__nesterovs_momentum': True, 'estimator__power_t': 0.5, 'estimator__random_state': 42, 'estimator__shuffle': True, 'estimator__solver': 'adam', 'estimator__tol': 0.0001, 'estimator__validation_fraction': 0.1, 'estimator__verbose': False, 'estimator__warm_start': False, 'estimator': MLPClassifier(hidden_layer_sizes=100, max_iter=10000, random_state=42), 'n_jobs': None}"
class_data-8.csv,none,20,70,0.2857142857142857,18,3.057794818552974e+16,0.029776502314163213,45.461285142310786,0.017736105208882746,1380,8,0.04650000000000001,0.005871429486123999,43.54636885483217,5.855615415331819,-0.008001812865163247,0.26831109968251143,-0.13997274457167172,0.27743823265696843,9.563275758697916,0.5387176467622581,1.9982644136780743,0.9994110647387552,0.0,2,nb,0.7666666666666667,0.7664071190211346,0.0024809837341308594,0.7666666666666667,"{'estimator__priors': None, 'estimator__var_smoothing': 1e-09, 'estimator': GaussianNB(), 'n_jobs': None}"
class_data-8.csv,none,20,70,0.2857142857142857,18,3.057794818552974e+16,0.029776502314163213,45.461285142310786,0.017736105208882746,1380,8,0.04650000000000001,0.005871429486123999,43.54636885483217,5.855615415331819,-0.008001812865163247,0.26831109968251143,-0.13997274457167172,0.27743823265696843,9.563275758697916,0.5387176467622581,1.9982644136780743,0.9994110647387552,0.0,2,rf,0.6666666666666666,0.6606334841628959,0.06192207336425781,0.6666666666666666,"{'estimator__bootstrap': True, 'estimator__ccp_alpha': 0.0, 'estimator__class_weight': None, 'estimator__criterion': 'gini', 'estimator__max_depth': None, 'estimator__max_features': 'sqrt', 'estimator__max_leaf_nodes': None, 'estimator__max_samples': None, 'estimator__min_impurity_decrease': 0.0, 'estimator__min_samples_leaf': 1, 'estimator__min_samples_split': 2, 'estimator__min_weight_fraction_leaf': 0.0, 'estimator__monotonic_cst': None, 'estimator__n_estimators': 100, 'estimator__n_jobs': None, 'estimator__oob_score': False, 'estimator__random_state': 42, 'estimator__verbose': 0, 'estimator__warm_start': False, 'estimator': RandomForestClassifier(random_state=42), 'n_jobs': None}"
class_data-8.csv,none,20,70,0.2857142857142857,18,3.057794818552974e+16,0.029776502314163213,45.461285142310786,0.017736105208882746,1380,8,0.04650000000000001,0.005871429486123999,43.54636885483217,5.855615415331819,-0.008001812865163247,0.26831109968251143,-0.13997274457167172,0.27743823265696843,9.563275758697916,0.5387176467622581,1.9982644136780743,0.9994110647387552,0.0,2,svc,0.5,0.3333333333333333,0.003236055374145508,0.5,"{'estimator__C': 0.01, 'estimator__break_ties': False, 'estimator__cache_size': 200, 'estimator__class_weight': None, 'estimator__coef0': 0.0, 'estimator__decision_function_shape': 'ovr', 'estimator__degree': 3, 'estimator__gamma': 0.1, 'estimator__kernel': 'linear', 'estimator__max_iter': -1, 'estimator__probability': False, 'estimator__random_state': 42, 'estimator__shrinking': True, 'estimator__tol': 0.001, 'estimator__verbose': False, 'estimator': SVC(C=0.01, gamma=0.1, kernel='linear', probability=False, random_state=42), 'n_jobs': None}"
class_data-9.csv,pca,3,140,0.02142857142857143,3,1.4028853664960366,0.41231362406375816,1.1546319456101628e-14,0.07848996287121368,420,1,0.06666666666666667,0.020816659994661323,2.912737746109223e+17,7.237196169108265e+17,0.18533691296326016,0.21421066547696177,-0.01782142509572922,0.5495058451902401,-0.1572816272695611,0.057961262913968636,1.9941947169077503,0.8812908992306927,0.0,1,dt,0.8333333333333334,0.8222222222222222,0.0029129981994628906,0.753968253968254,"{'estimator__ccp_alpha': 0.0, 'estimator__class_weight': None, 'estimator__criterion': 'gini', 'estimator__max_depth': None, 'estimator__max_features': None, 'estimator__max_leaf_nodes': None, 'estimator__min_impurity_decrease': 0.0, 'estimator__min_samples_leaf': 1, 'estimator__min_samples_split': 2, 'estimator__min_weight_fraction_leaf': 0.0, 'estimator__monotonic_cst': None, 'estimator__random_state': 42, 'estimator__splitter': 'best', 'estimator': DecisionTreeClassifier(random_state=42), 'n_jobs': None}"
class_data-9.csv,pca,3,140,0.02142857142857143,3,1.4028853664960366,0.41231362406375816,1.1546319456101628e-14,0.07848996287121368,420,1,0.06666666666666667,0.020816659994661323,2.912737746109223e+17,7.237196169108265e+17,0.18533691296326016,0.21421066547696177,-0.01782142509572922,0.5495058451902401,-0.1572816272695611,0.057961262913968636,1.9941947169077503,0.8812908992306927,0.0,1,lr,0.8,0.7721767594108021,0.002836942672729492,0.6825396825396826,"{'estimator__C': 1.0, 'estimator__class_weight': None, 'estimator__dual': False, 'estimator__fit_intercept': True, 'estimator__intercept_scaling': 1, 'estimator__l1_ratio': None, 'estimator__max_iter': 10000, 'estimator__n_jobs': None, 'estimator__penalty': 'l2', 'estimator__random_state': 42, 'estimator__solver': 'saga', 'estimator__tol': 0.0001, 'estimator__verbose': 0, 'estimator__warm_start': False, 'estimator': LogisticRegression(l1_ratio=None, max_iter=10000, penalty='l2', random_state=42,
                   solver='saga'), 'n_jobs': None}"
class_data-9.csv,pca,3,140,0.02142857142857143,3,1.4028853664960366,0.41231362406375816,1.1546319456101628e-14,0.07848996287121368,420,1,0.06666666666666667,0.020816659994661323,2.912737746109223e+17,7.237196169108265e+17,0.18533691296326016,0.21421066547696177,-0.01782142509572922,0.5495058451902401,-0.1572816272695611,0.057961262913968636,1.9941947169077503,0.8812908992306927,0.0,1,mlp,0.8333333333333334,0.8267045454545454,0.06172609329223633,0.7698412698412699,"{'estimator__activation': 'relu', 'estimator__alpha': 0.0001, 'estimator__batch_size': 'auto', 'estimator__beta_1': 0.9, 'estimator__beta_2': 0.999, 'estimator__early_stopping': False, 'estimator__epsilon': 1e-08, 'estimator__hidden_layer_sizes': 100, 'estimator__learning_rate': 'constant', 'estimator__learning_rate_init': 0.001, 'estimator__max_fun': 15000, 'estimator__max_iter': 10000, 'estimator__momentum': 0.9, 'estimator__n_iter_no_change': 10, 'estimator__nesterovs_momentum': True, 'estimator__power_t': 0.5, 'estimator__random_state': 42, 'estimator__shuffle': True, 'estimator__solver': 'adam', 'estimator__tol': 0.0001, 'estimator__validation_fraction': 0.1, 'estimator__verbose': False, 'estimator__warm_start': False, 'estimator': MLPClassifier(hidden_layer_sizes=100, max_iter=10000, random_state=42), 'n_jobs': None}"
class_data-9.csv,pca,3,140,0.02142857142857143,3,1.4028853664960366,0.41231362406375816,1.1546319456101628e-14,0.07848996287121368,420,1,0.06666666666666667,0.020816659994661323,2.912737746109223e+17,7.237196169108265e+17,0.18533691296326016,0.21421066547696177,-0.01782142509572922,0.5495058451902401,-0.1572816272695611,0.057961262913968636,1.9941947169077503,0.8812908992306927,0.0,1,nb,0.85,0.8376657824933688,0.0026199817657470703,0.7658730158730158,"{'estimator__priors': None, 'estimator__var_smoothing': 1e-09, 'estimator': GaussianNB(), 'n_jobs': None}"
class_data-9.csv,pca,3,140,0.02142857142857143,3,1.4028853664960366,0.41231362406375816,1.1546319456101628e-14,0.07848996287121368,420,1,0.06666666666666667,0.020816659994661323,2.912737746109223e+17,7.237196169108265e+17,0.18533691296326016,0.21421066547696177,-0.01782142509572922,0.5495058451902401,-0.1572816272695611,0.057961262913968636,1.9941947169077503,0.8812908992306927,0.0,1,rf,0.85,0.8376657824933688,0.0638129711151123,0.7658730158730158,"{'estimator__bootstrap': True, 'estimator__ccp_alpha': 0.0, 'estimator__class_weight': None, 'estimator__criterion': 'gini', 'estimator__max_depth': None, 'estimator__max_features': 'sqrt', 'estimator__max_leaf_nodes': None, 'estimator__max_samples': None, 'estimator__min_impurity_decrease': 0.0, 'estimator__min_samples_leaf': 1, 'estimator__min_samples_split': 2, 'estimator__min_weight_fraction_leaf': 0.0, 'estimator__monotonic_cst': None, 'estimator__n_estimators': 100, 'estimator__n_jobs': None, 'estimator__oob_score': False, 'estimator__random_state': 42, 'estimator__verbose': 0, 'estimator__warm_start': False, 'estimator': RandomForestClassifier(random_state=42), 'n_jobs': None}"
class_data-9.csv,pca,3,140,0.02142857142857143,3,1.4028853664960366,0.41231362406375816,1.1546319456101628e-14,0.07848996287121368,420,1,0.06666666666666667,0.020816659994661323,2.912737746109223e+17,7.237196169108265e+17,0.18533691296326016,0.21421066547696177,-0.01782142509572922,0.5495058451902401,-0.1572816272695611,0.057961262913968636,1.9941947169077503,0.8812908992306927,0.0,1,svc,0.7,0.5764705882352941,0.0030579566955566406,0.5,"{'estimator__C': 0.01, 'estimator__break_ties': False, 'estimator__cache_size': 200, 'estimator__class_weight': None, 'estimator__coef0': 0.0, 'estimator__decision_function_shape': 'ovr', 'estimator__degree': 3, 'estimator__gamma': 0.1, 'estimator__kernel': 'linear', 'estimator__max_iter': -1, 'estimator__probability': False, 'estimator__random_state': 42, 'estimator__shrinking': True, 'estimator__tol': 0.001, 'estimator__verbose': False, 'estimator': SVC(C=0.01, gamma=0.1, kernel='linear', probability=False, random_state=42), 'n_jobs': None}"
class_data-9.csv,nmf,3,140,0.02142857142857143,2,5.140352993288706,0.22381487849572626,2.4420972191615187,0.1060107403643867,410,1,0.016666666666666666,0.011547005383792514,50.7253606823879,8.553171697671216,0.24076683032593996,0.23883647223702484,-0.017924826234795965,0.6894984427215533,1.3504033825207926,0.0026738637869482274,1.9941947169077503,0.8812908992306927,0.0,1,dt,0.7666666666666667,0.7725000000000001,0.0025179386138916016,0.753968253968254,"{'estimator__ccp_alpha': 0.0, 'estimator__class_weight': None, 'estimator__criterion': 'gini', 'estimator__max_depth': None, 'estimator__max_features': None, 'estimator__max_leaf_nodes': None, 'estimator__min_impurity_decrease': 0.0, 'estimator__min_samples_leaf': 1, 'estimator__min_samples_split': 2, 'estimator__min_weight_fraction_leaf': 0.0, 'estimator__monotonic_cst': None, 'estimator__random_state': 42, 'estimator__splitter': 'best', 'estimator': DecisionTreeClassifier(random_state=42), 'n_jobs': None}"
class_data-9.csv,nmf,3,140,0.02142857142857143,2,5.140352993288706,0.22381487849572626,2.4420972191615187,0.1060107403643867,410,1,0.016666666666666666,0.011547005383792514,50.7253606823879,8.553171697671216,0.24076683032593996,0.23883647223702484,-0.017924826234795965,0.6894984427215533,1.3504033825207926,0.0026738637869482274,1.9941947169077503,0.8812908992306927,0.0,1,lr,0.7,0.5764705882352941,0.0025920867919921875,0.5,"{'estimator__C': 1.0, 'estimator__class_weight': None, 'estimator__dual': False, 'estimator__fit_intercept': True, 'estimator__intercept_scaling': 1, 'estimator__l1_ratio': None, 'estimator__max_iter': 10000, 'estimator__n_jobs': None, 'estimator__penalty': 'l2', 'estimator__random_state': 42, 'estimator__solver': 'saga', 'estimator__tol': 0.0001, 'estimator__verbose': 0, 'estimator__warm_start': False, 'estimator': LogisticRegression(l1_ratio=None, max_iter=10000, penalty='l2', random_state=42,
                   solver='saga'), 'n_jobs': None}"
class_data-9.csv,nmf,3,140,0.02142857142857143,2,5.140352993288706,0.22381487849572626,2.4420972191615187,0.1060107403643867,410,1,0.016666666666666666,0.011547005383792514,50.7253606823879,8.553171697671216,0.24076683032593996,0.23883647223702484,-0.017924826234795965,0.6894984427215533,1.3504033825207926,0.0026738637869482274,1.9941947169077503,0.8812908992306927,0.0,1,mlp,0.8333333333333334,0.8267045454545454,0.09924721717834473,0.7698412698412699,"{'estimator__activation': 'relu', 'estimator__alpha': 0.0001, 'estimator__batch_size': 'auto', 'estimator__beta_1': 0.9, 'estimator__beta_2': 0.999, 'estimator__early_stopping': False, 'estimator__epsilon': 1e-08, 'estimator__hidden_layer_sizes': 100, 'estimator__learning_rate': 'constant', 'estimator__learning_rate_init': 0.001, 'estimator__max_fun': 15000, 'estimator__max_iter': 10000, 'estimator__momentum': 0.9, 'estimator__n_iter_no_change': 10, 'estimator__nesterovs_momentum': True, 'estimator__power_t': 0.5, 'estimator__random_state': 42, 'estimator__shuffle': True, 'estimator__solver': 'adam', 'estimator__tol': 0.0001, 'estimator__validation_fraction': 0.1, 'estimator__verbose': False, 'estimator__warm_start': False, 'estimator': MLPClassifier(hidden_layer_sizes=100, max_iter=10000, random_state=42), 'n_jobs': None}"
class_data-9.csv,nmf,3,140,0.02142857142857143,2,5.140352993288706,0.22381487849572626,2.4420972191615187,0.1060107403643867,410,1,0.016666666666666666,0.011547005383792514,50.7253606823879,8.553171697671216,0.24076683032593996,0.23883647223702484,-0.017924826234795965,0.6894984427215533,1.3504033825207926,0.0026738637869482274,1.9941947169077503,0.8812908992306927,0.0,1,nb,0.85,0.8457680250783699,0.0023059844970703125,0.7976190476190477,"{'estimator__priors': None, 'estimator__var_smoothing': 1e-09, 'estimator': GaussianNB(), 'n_jobs': None}"
class_data-9.csv,nmf,3,140,0.02142857142857143,2,5.140352993288706,0.22381487849572626,2.4420972191615187,0.1060107403643867,410,1,0.016666666666666666,0.011547005383792514,50.7253606823879,8.553171697671216,0.24076683032593996,0.23883647223702484,-0.017924826234795965,0.6894984427215533,1.3504033825207926,0.0026738637869482274,1.9941947169077503,0.8812908992306927,0.0,1,rf,0.8333333333333334,0.8303693570451436,0.06226992607116699,0.7857142857142858,"{'estimator__bootstrap': True, 'estimator__ccp_alpha': 0.0, 'estimator__class_weight': None, 'estimator__criterion': 'gini', 'estimator__max_depth': None, 'estimator__max_features': 'sqrt', 'estimator__max_leaf_nodes': None, 'estimator__max_samples': None, 'estimator__min_impurity_decrease': 0.0, 'estimator__min_samples_leaf': 1, 'estimator__min_samples_split': 2, 'estimator__min_weight_fraction_leaf': 0.0, 'estimator__monotonic_cst': None, 'estimator__n_estimators': 100, 'estimator__n_jobs': None, 'estimator__oob_score': False, 'estimator__random_state': 42, 'estimator__verbose': 0, 'estimator__warm_start': False, 'estimator': RandomForestClassifier(random_state=42), 'n_jobs': None}"
class_data-9.csv,nmf,3,140,0.02142857142857143,2,5.140352993288706,0.22381487849572626,2.4420972191615187,0.1060107403643867,410,1,0.016666666666666666,0.011547005383792514,50.7253606823879,8.553171697671216,0.24076683032593996,0.23883647223702484,-0.017924826234795965,0.6894984427215533,1.3504033825207926,0.0026738637869482274,1.9941947169077503,0.8812908992306927,0.0,1,svc,0.7,0.5764705882352941,0.0033559799194335938,0.5,"{'estimator__C': 0.01, 'estimator__break_ties': False, 'estimator__cache_size': 200, 'estimator__class_weight': None, 'estimator__coef0': 0.0, 'estimator__decision_function_shape': 'ovr', 'estimator__degree': 3, 'estimator__gamma': 0.1, 'estimator__kernel': 'linear', 'estimator__max_iter': -1, 'estimator__probability': False, 'estimator__random_state': 42, 'estimator__shrinking': True, 'estimator__tol': 0.001, 'estimator__verbose': False, 'estimator': SVC(C=0.01, gamma=0.1, kernel='linear', probability=False, random_state=42), 'n_jobs': None}"
class_data-9.csv,none,10,140,0.07142857142857142,8,1.41977199365414e+16,0.24025225106602102,11.846696322711136,0.06678796573378325,1390,3,0.037,0.00483045891539648,38.097534651074675,5.260088868808808,-0.00014078993139190755,0.26572770710853405,-0.005578441582641513,0.34292015643751106,2.6759597137396867,0.2066456642972987,1.998263132759691,0.8812908992306927,0.0,1,dt,0.75,0.758985200845666,0.002913236618041992,0.7579365079365079,"{'estimator__ccp_alpha': 0.0, 'estimator__class_weight': None, 'estimator__criterion': 'gini', 'estimator__max_depth': None, 'estimator__max_features': None, 'estimator__max_leaf_nodes': None, 'estimator__min_impurity_decrease': 0.0, 'estimator__min_samples_leaf': 1, 'estimator__min_samples_split': 2, 'estimator__min_weight_fraction_leaf': 0.0, 'estimator__monotonic_cst': None, 'estimator__random_state': 42, 'estimator__splitter': 'best', 'estimator': DecisionTreeClassifier(random_state=42), 'n_jobs': None}"
class_data-9.csv,none,10,140,0.07142857142857142,8,1.41977199365414e+16,0.24025225106602102,11.846696322711136,0.06678796573378325,1390,3,0.037,0.00483045891539648,38.097534651074675,5.260088868808808,-0.00014078993139190755,0.26572770710853405,-0.005578441582641513,0.34292015643751106,2.6759597137396867,0.2066456642972987,1.998263132759691,0.8812908992306927,0.0,1,lr,0.8833333333333333,0.8737400530503979,0.002980947494506836,0.8055555555555556,"{'estimator__C': 1.0, 'estimator__class_weight': None, 'estimator__dual': False, 'estimator__fit_intercept': True, 'estimator__intercept_scaling': 1, 'estimator__l1_ratio': None, 'estimator__max_iter': 10000, 'estimator__n_jobs': None, 'estimator__penalty': 'l2', 'estimator__random_state': 42, 'estimator__solver': 'saga', 'estimator__tol': 0.0001, 'estimator__verbose': 0, 'estimator__warm_start': False, 'estimator': LogisticRegression(l1_ratio=None, max_iter=10000, penalty='l2', random_state=42,
                   solver='saga'), 'n_jobs': None}"
class_data-9.csv,none,10,140,0.07142857142857142,8,1.41977199365414e+16,0.24025225106602102,11.846696322711136,0.06678796573378325,1390,3,0.037,0.00483045891539648,38.097534651074675,5.260088868808808,-0.00014078993139190755,0.26572770710853405,-0.005578441582641513,0.34292015643751106,2.6759597137396867,0.2066456642972987,1.998263132759691,0.8812908992306927,0.0,1,mlp,0.8833333333333333,0.8800417972831766,0.0952458381652832,0.8373015873015872,"{'estimator__activation': 'relu', 'estimator__alpha': 0.0001, 'estimator__batch_size': 'auto', 'estimator__beta_1': 0.9, 'estimator__beta_2': 0.999, 'estimator__early_stopping': False, 'estimator__epsilon': 1e-08, 'estimator__hidden_layer_sizes': 100, 'estimator__learning_rate': 'constant', 'estimator__learning_rate_init': 0.001, 'estimator__max_fun': 15000, 'estimator__max_iter': 10000, 'estimator__momentum': 0.9, 'estimator__n_iter_no_change': 10, 'estimator__nesterovs_momentum': True, 'estimator__power_t': 0.5, 'estimator__random_state': 42, 'estimator__shuffle': True, 'estimator__solver': 'adam', 'estimator__tol': 0.0001, 'estimator__validation_fraction': 0.1, 'estimator__verbose': False, 'estimator__warm_start': False, 'estimator': MLPClassifier(hidden_layer_sizes=100, max_iter=10000, random_state=42), 'n_jobs': None}"
class_data-9.csv,none,10,140,0.07142857142857142,8,1.41977199365414e+16,0.24025225106602102,11.846696322711136,0.06678796573378325,1390,3,0.037,0.00483045891539648,38.097534651074675,5.260088868808808,-0.00014078993139190755,0.26572770710853405,-0.005578441582641513,0.34292015643751106,2.6759597137396867,0.2066456642972987,1.998263132759691,0.8812908992306927,0.0,1,nb,0.9,0.8982216142270861,0.0024750232696533203,0.8650793650793651,"{'estimator__priors': None, 'estimator__var_smoothing': 1e-09, 'estimator': GaussianNB(), 'n_jobs': None}"
class_data-9.csv,none,10,140,0.07142857142857142,8,1.41977199365414e+16,0.24025225106602102,11.846696322711136,0.06678796573378325,1390,3,0.037,0.00483045891539648,38.097534651074675,5.260088868808808,-0.00014078993139190755,0.26572770710853405,-0.005578441582641513,0.34292015643751106,2.6759597137396867,0.2066456642972987,1.998263132759691,0.8812908992306927,0.0,1,rf,0.9166666666666666,0.9172907847606643,0.06596493721008301,0.9087301587301587,"{'estimator__bootstrap': True, 'estimator__ccp_alpha': 0.0, 'estimator__class_weight': None, 'estimator__criterion': 'gini', 'estimator__max_depth': None, 'estimator__max_features': 'sqrt', 'estimator__max_leaf_nodes': None, 'estimator__max_samples': None, 'estimator__min_impurity_decrease': 0.0, 'estimator__min_samples_leaf': 1, 'estimator__min_samples_split': 2, 'estimator__min_weight_fraction_leaf': 0.0, 'estimator__monotonic_cst': None, 'estimator__n_estimators': 100, 'estimator__n_jobs': None, 'estimator__oob_score': False, 'estimator__random_state': 42, 'estimator__verbose': 0, 'estimator__warm_start': False, 'estimator': RandomForestClassifier(random_state=42), 'n_jobs': None}"
class_data-9.csv,none,10,140,0.07142857142857142,8,1.41977199365414e+16,0.24025225106602102,11.846696322711136,0.06678796573378325,1390,3,0.037,0.00483045891539648,38.097534651074675,5.260088868808808,-0.00014078993139190755,0.26572770710853405,-0.005578441582641513,0.34292015643751106,2.6759597137396867,0.2066456642972987,1.998263132759691,0.8812908992306927,0.0,1,svc,0.7,0.5764705882352941,0.003053903579711914,0.5,"{'estimator__C': 0.01, 'estimator__break_ties': False, 'estimator__cache_size': 200, 'estimator__class_weight': None, 'estimator__coef0': 0.0, 'estimator__decision_function_shape': 'ovr', 'estimator__degree': 3, 'estimator__gamma': 0.1, 'estimator__kernel': 'linear', 'estimator__max_iter': -1, 'estimator__probability': False, 'estimator__random_state': 42, 'estimator__shrinking': True, 'estimator__tol': 0.001, 'estimator__verbose': False, 'estimator': SVC(C=0.01, gamma=0.1, kernel='linear', probability=False, random_state=42), 'n_jobs': None}"
class_data-9.csv,pca,3,140,0.02142857142857143,3,1.3645196128587858,0.3936595180233853,7.105427357601002e-15,0.0647618495106439,420,1,0.06666666666666667,0.020816659994661323,-3.251864184969473e+17,4.7926559628003283e+17,-0.0033275201131242513,0.3645868902647356,0.22347902843901224,0.6344858475904819,-0.23068640788478645,0.06578052577728684,1.9941947169077503,0.8812908992306927,0.0,2,dt,0.75,0.76,0.0024733543395996094,0.773809523809524,"{'estimator__ccp_alpha': 0.0, 'estimator__class_weight': None, 'estimator__criterion': 'gini', 'estimator__max_depth': None, 'estimator__max_features': None, 'estimator__max_leaf_nodes': None, 'estimator__min_impurity_decrease': 0.0, 'estimator__min_samples_leaf': 1, 'estimator__min_samples_split': 2, 'estimator__min_weight_fraction_leaf': 0.0, 'estimator__monotonic_cst': None, 'estimator__random_state': 42, 'estimator__splitter': 'best', 'estimator': DecisionTreeClassifier(random_state=42), 'n_jobs': None}"
class_data-9.csv,pca,3,140,0.02142857142857143,3,1.3645196128587858,0.3936595180233853,7.105427357601002e-15,0.0647618495106439,420,1,0.06666666666666667,0.020816659994661323,-3.251864184969473e+17,4.7926559628003283e+17,-0.0033275201131242513,0.3645868902647356,0.22347902843901224,0.6344858475904819,-0.23068640788478645,0.06578052577728684,1.9941947169077503,0.8812908992306927,0.0,2,lr,0.8666666666666667,0.853416149068323,0.002635955810546875,0.7777777777777778,"{'estimator__C': 1.0, 'estimator__class_weight': None, 'estimator__dual': False, 'estimator__fit_intercept': True, 'estimator__intercept_scaling': 1, 'estimator__l1_ratio': None, 'estimator__max_iter': 10000, 'estimator__n_jobs': None, 'estimator__penalty': 'l2', 'estimator__random_state': 42, 'estimator__solver': 'saga', 'estimator__tol': 0.0001, 'estimator__verbose': 0, 'estimator__warm_start': False, 'estimator': LogisticRegression(l1_ratio=None, max_iter=10000, penalty='l2', random_state=42,
                   solver='saga'), 'n_jobs': None}"
class_data-9.csv,pca,3,140,0.02142857142857143,3,1.3645196128587858,0.3936595180233853,7.105427357601002e-15,0.0647618495106439,420,1,0.06666666666666667,0.020816659994661323,-3.251864184969473e+17,4.7926559628003283e+17,-0.0033275201131242513,0.3645868902647356,0.22347902843901224,0.6344858475904819,-0.23068640788478645,0.06578052577728684,1.9941947169077503,0.8812908992306927,0.0,2,mlp,0.9,0.8933333333333333,0.05583596229553223,0.8333333333333334,"{'estimator__activation': 'relu', 'estimator__alpha': 0.0001, 'estimator__batch_size': 'auto', 'estimator__beta_1': 0.9, 'estimator__beta_2': 0.999, 'estimator__early_stopping': False, 'estimator__epsilon': 1e-08, 'estimator__hidden_layer_sizes': 100, 'estimator__learning_rate': 'constant', 'estimator__learning_rate_init': 0.001, 'estimator__max_fun': 15000, 'estimator__max_iter': 10000, 'estimator__momentum': 0.9, 'estimator__n_iter_no_change': 10, 'estimator__nesterovs_momentum': True, 'estimator__power_t': 0.5, 'estimator__random_state': 42, 'estimator__shuffle': True, 'estimator__solver': 'adam', 'estimator__tol': 0.0001, 'estimator__validation_fraction': 0.1, 'estimator__verbose': False, 'estimator__warm_start': False, 'estimator': MLPClassifier(hidden_layer_sizes=100, max_iter=10000, random_state=42), 'n_jobs': None}"
class_data-9.csv,pca,3,140,0.02142857142857143,3,1.3645196128587858,0.3936595180233853,7.105427357601002e-15,0.0647618495106439,420,1,0.06666666666666667,0.020816659994661323,-3.251864184969473e+17,4.7926559628003283e+17,-0.0033275201131242513,0.3645868902647356,0.22347902843901224,0.6344858475904819,-0.23068640788478645,0.06578052577728684,1.9941947169077503,0.8812908992306927,0.0,2,nb,0.8833333333333333,0.8737400530503979,0.0025310516357421875,0.8055555555555556,"{'estimator__priors': None, 'estimator__var_smoothing': 1e-09, 'estimator': GaussianNB(), 'n_jobs': None}"
class_data-9.csv,pca,3,140,0.02142857142857143,3,1.3645196128587858,0.3936595180233853,7.105427357601002e-15,0.0647618495106439,420,1,0.06666666666666667,0.020816659994661323,-3.251864184969473e+17,4.7926559628003283e+17,-0.0033275201131242513,0.3645868902647356,0.22347902843901224,0.6344858475904819,-0.23068640788478645,0.06578052577728684,1.9941947169077503,0.8812908992306927,0.0,2,rf,0.8,0.7866666666666666,0.05148506164550781,0.7142857142857143,"{'estimator__bootstrap': True, 'estimator__ccp_alpha': 0.0, 'estimator__class_weight': None, 'estimator__criterion': 'gini', 'estimator__max_depth': None, 'estimator__max_features': 'sqrt', 'estimator__max_leaf_nodes': None, 'estimator__max_samples': None, 'estimator__min_impurity_decrease': 0.0, 'estimator__min_samples_leaf': 1, 'estimator__min_samples_split': 2, 'estimator__min_weight_fraction_leaf': 0.0, 'estimator__monotonic_cst': None, 'estimator__n_estimators': 100, 'estimator__n_jobs': None, 'estimator__oob_score': False, 'estimator__random_state': 42, 'estimator__verbose': 0, 'estimator__warm_start': False, 'estimator': RandomForestClassifier(random_state=42), 'n_jobs': None}"
class_data-9.csv,pca,3,140,0.02142857142857143,3,1.3645196128587858,0.3936595180233853,7.105427357601002e-15,0.0647618495106439,420,1,0.06666666666666667,0.020816659994661323,-3.251864184969473e+17,4.7926559628003283e+17,-0.0033275201131242513,0.3645868902647356,0.22347902843901224,0.6344858475904819,-0.23068640788478645,0.06578052577728684,1.9941947169077503,0.8812908992306927,0.0,2,svc,0.7,0.5764705882352941,0.0030841827392578125,0.5,"{'estimator__C': 0.01, 'estimator__break_ties': False, 'estimator__cache_size': 200, 'estimator__class_weight': None, 'estimator__coef0': 0.0, 'estimator__decision_function_shape': 'ovr', 'estimator__degree': 3, 'estimator__gamma': 0.1, 'estimator__kernel': 'linear', 'estimator__max_iter': -1, 'estimator__probability': False, 'estimator__random_state': 42, 'estimator__shrinking': True, 'estimator__tol': 0.001, 'estimator__verbose': False, 'estimator': SVC(C=0.01, gamma=0.1, kernel='linear', probability=False, random_state=42), 'n_jobs': None}"
class_data-9.csv,nmf,3,140,0.02142857142857143,3,3.9448602503626375,0.5764037541213872,2.3809737466177943,0.12995601998975256,407,1,0.013333333333333334,0.005773502691896258,49.41863022442383,12.991690975925744,0.10645815872138481,0.3723653208448364,0.06687789518136429,0.28277055627078856,1.2880815956112563,0.0044415750893095915,1.9941947169077499,0.8812908992306927,0.0,2,dt,0.7833333333333333,0.7876543209876543,0.002698183059692383,0.7658730158730159,"{'estimator__ccp_alpha': 0.0, 'estimator__class_weight': None, 'estimator__criterion': 'gini', 'estimator__max_depth': None, 'estimator__max_features': None, 'estimator__max_leaf_nodes': None, 'estimator__min_impurity_decrease': 0.0, 'estimator__min_samples_leaf': 1, 'estimator__min_samples_split': 2, 'estimator__min_weight_fraction_leaf': 0.0, 'estimator__monotonic_cst': None, 'estimator__random_state': 42, 'estimator__splitter': 'best', 'estimator': DecisionTreeClassifier(random_state=42), 'n_jobs': None}"
class_data-9.csv,nmf,3,140,0.02142857142857143,3,3.9448602503626375,0.5764037541213872,2.3809737466177943,0.12995601998975256,407,1,0.013333333333333334,0.005773502691896258,49.41863022442383,12.991690975925744,0.10645815872138481,0.3723653208448364,0.06687789518136429,0.28277055627078856,1.2880815956112563,0.0044415750893095915,1.9941947169077499,0.8812908992306927,0.0,2,lr,0.7666666666666667,0.7090909090909091,0.0028951168060302734,0.6111111111111112,"{'estimator__C': 1.0, 'estimator__class_weight': None, 'estimator__dual': False, 'estimator__fit_intercept': True, 'estimator__intercept_scaling': 1, 'estimator__l1_ratio': None, 'estimator__max_iter': 10000, 'estimator__n_jobs': None, 'estimator__penalty': 'l2', 'estimator__random_state': 42, 'estimator__solver': 'saga', 'estimator__tol': 0.0001, 'estimator__verbose': 0, 'estimator__warm_start': False, 'estimator': LogisticRegression(l1_ratio=None, max_iter=10000, penalty='l2', random_state=42,
                   solver='saga'), 'n_jobs': None}"
class_data-9.csv,nmf,3,140,0.02142857142857143,3,3.9448602503626375,0.5764037541213872,2.3809737466177943,0.12995601998975256,407,1,0.013333333333333334,0.005773502691896258,49.41863022442383,12.991690975925744,0.10645815872138481,0.3723653208448364,0.06687789518136429,0.28277055627078856,1.2880815956112563,0.0044415750893095915,1.9941947169077499,0.8812908992306927,0.0,2,mlp,0.8666666666666667,0.8642954856361149,0.12042474746704102,0.8253968253968254,"{'estimator__activation': 'relu', 'estimator__alpha': 0.0001, 'estimator__batch_size': 'auto', 'estimator__beta_1': 0.9, 'estimator__beta_2': 0.999, 'estimator__early_stopping': False, 'estimator__epsilon': 1e-08, 'estimator__hidden_layer_sizes': 100, 'estimator__learning_rate': 'constant', 'estimator__learning_rate_init': 0.001, 'estimator__max_fun': 15000, 'estimator__max_iter': 10000, 'estimator__momentum': 0.9, 'estimator__n_iter_no_change': 10, 'estimator__nesterovs_momentum': True, 'estimator__power_t': 0.5, 'estimator__random_state': 42, 'estimator__shuffle': True, 'estimator__solver': 'adam', 'estimator__tol': 0.0001, 'estimator__validation_fraction': 0.1, 'estimator__verbose': False, 'estimator__warm_start': False, 'estimator': MLPClassifier(hidden_layer_sizes=100, max_iter=10000, random_state=42), 'n_jobs': None}"
class_data-9.csv,nmf,3,140,0.02142857142857143,3,3.9448602503626375,0.5764037541213872,2.3809737466177943,0.12995601998975256,407,1,0.013333333333333334,0.005773502691896258,49.41863022442383,12.991690975925744,0.10645815872138481,0.3723653208448364,0.06687789518136429,0.28277055627078856,1.2880815956112563,0.0044415750893095915,1.9941947169077499,0.8812908992306927,0.0,2,nb,0.85,0.8487394957983194,0.00215911865234375,0.8134920634920635,"{'estimator__priors': None, 'estimator__var_smoothing': 1e-09, 'estimator': GaussianNB(), 'n_jobs': None}"
class_data-9.csv,nmf,3,140,0.02142857142857143,3,3.9448602503626375,0.5764037541213872,2.3809737466177943,0.12995601998975256,407,1,0.013333333333333334,0.005773502691896258,49.41863022442383,12.991690975925744,0.10645815872138481,0.3723653208448364,0.06687789518136429,0.28277055627078856,1.2880815956112563,0.0044415750893095915,1.9941947169077499,0.8812908992306927,0.0,2,rf,0.8,0.7964432284541724,0.05796098709106445,0.746031746031746,"{'estimator__bootstrap': True, 'estimator__ccp_alpha': 0.0, 'estimator__class_weight': None, 'estimator__criterion': 'gini', 'estimator__max_depth': None, 'estimator__max_features': 'sqrt', 'estimator__max_leaf_nodes': None, 'estimator__max_samples': None, 'estimator__min_impurity_decrease': 0.0, 'estimator__min_samples_leaf': 1, 'estimator__min_samples_split': 2, 'estimator__min_weight_fraction_leaf': 0.0, 'estimator__monotonic_cst': None, 'estimator__n_estimators': 100, 'estimator__n_jobs': None, 'estimator__oob_score': False, 'estimator__random_state': 42, 'estimator__verbose': 0, 'estimator__warm_start': False, 'estimator': RandomForestClassifier(random_state=42), 'n_jobs': None}"
class_data-9.csv,nmf,3,140,0.02142857142857143,3,3.9448602503626375,0.5764037541213872,2.3809737466177943,0.12995601998975256,407,1,0.013333333333333334,0.005773502691896258,49.41863022442383,12.991690975925744,0.10645815872138481,0.3723653208448364,0.06687789518136429,0.28277055627078856,1.2880815956112563,0.0044415750893095915,1.9941947169077499,0.8812908992306927,0.0,2,svc,0.7,0.5764705882352941,0.003473997116088867,0.5,"{'estimator__C': 0.01, 'estimator__break_ties': False, 'estimator__cache_size': 200, 'estimator__class_weight': None, 'estimator__coef0': 0.0, 'estimator__decision_function_shape': 'ovr', 'estimator__degree': 3, 'estimator__gamma': 0.1, 'estimator__kernel': 'linear', 'estimator__max_iter': -1, 'estimator__probability': False, 'estimator__random_state': 42, 'estimator__shrinking': True, 'estimator__tol': 0.001, 'estimator__verbose': False, 'estimator': SVC(C=0.01, gamma=0.1, kernel='linear', probability=False, random_state=42), 'n_jobs': None}"
class_data-9.csv,none,10,140,0.07142857142857142,8,2.5756528277862936e+16,0.24514239025636975,12.243942521243824,0.06933759532041257,1390,3,0.039,0.00737864787372622,39.244198433336194,6.041203921818849,0.010580123528158824,0.25553478507127964,-0.06394827102005407,0.2813648423825262,2.6463239186613197,0.21207929006511997,1.9982689511549836,0.8812908992306927,0.0,2,dt,0.8666666666666667,0.8613636363636363,0.0034279823303222656,0.8095238095238095,"{'estimator__ccp_alpha': 0.0, 'estimator__class_weight': None, 'estimator__criterion': 'gini', 'estimator__max_depth': None, 'estimator__max_features': None, 'estimator__max_leaf_nodes': None, 'estimator__min_impurity_decrease': 0.0, 'estimator__min_samples_leaf': 1, 'estimator__min_samples_split': 2, 'estimator__min_weight_fraction_leaf': 0.0, 'estimator__monotonic_cst': None, 'estimator__random_state': 42, 'estimator__splitter': 'best', 'estimator': DecisionTreeClassifier(random_state=42), 'n_jobs': None}"
class_data-9.csv,none,10,140,0.07142857142857142,8,2.5756528277862936e+16,0.24514239025636975,12.243942521243824,0.06933759532041257,1390,3,0.039,0.00737864787372622,39.244198433336194,6.041203921818849,0.010580123528158824,0.25553478507127964,-0.06394827102005407,0.2813648423825262,2.6463239186613197,0.21207929006511997,1.9982689511549836,0.8812908992306927,0.0,2,lr,0.8333333333333334,0.8167701863354038,0.0033159255981445312,0.7380952380952381,"{'estimator__C': 1.0, 'estimator__class_weight': None, 'estimator__dual': False, 'estimator__fit_intercept': True, 'estimator__intercept_scaling': 1, 'estimator__l1_ratio': None, 'estimator__max_iter': 10000, 'estimator__n_jobs': None, 'estimator__penalty': 'l2', 'estimator__random_state': 42, 'estimator__solver': 'saga', 'estimator__tol': 0.0001, 'estimator__verbose': 0, 'estimator__warm_start': False, 'estimator': LogisticRegression(l1_ratio=None, max_iter=10000, penalty='l2', random_state=42,
                   solver='saga'), 'n_jobs': None}"
class_data-9.csv,none,10,140,0.07142857142857142,8,2.5756528277862936e+16,0.24514239025636975,12.243942521243824,0.06933759532041257,1390,3,0.039,0.00737864787372622,39.244198433336194,6.041203921818849,0.010580123528158824,0.25553478507127964,-0.06394827102005407,0.2813648423825262,2.6463239186613197,0.21207929006511997,1.9982689511549836,0.8812908992306927,0.0,2,mlp,0.8666666666666667,0.8613636363636363,0.09065032005310059,0.8095238095238095,"{'estimator__activation': 'relu', 'estimator__alpha': 0.0001, 'estimator__batch_size': 'auto', 'estimator__beta_1': 0.9, 'estimator__beta_2': 0.999, 'estimator__early_stopping': False, 'estimator__epsilon': 1e-08, 'estimator__hidden_layer_sizes': 100, 'estimator__learning_rate': 'constant', 'estimator__learning_rate_init': 0.001, 'estimator__max_fun': 15000, 'estimator__max_iter': 10000, 'estimator__momentum': 0.9, 'estimator__n_iter_no_change': 10, 'estimator__nesterovs_momentum': True, 'estimator__power_t': 0.5, 'estimator__random_state': 42, 'estimator__shuffle': True, 'estimator__solver': 'adam', 'estimator__tol': 0.0001, 'estimator__validation_fraction': 0.1, 'estimator__verbose': False, 'estimator__warm_start': False, 'estimator': MLPClassifier(hidden_layer_sizes=100, max_iter=10000, random_state=42), 'n_jobs': None}"
class_data-9.csv,none,10,140,0.07142857142857142,8,2.5756528277862936e+16,0.24514239025636975,12.243942521243824,0.06933759532041257,1390,3,0.039,0.00737864787372622,39.244198433336194,6.041203921818849,0.010580123528158824,0.25553478507127964,-0.06394827102005407,0.2813648423825262,2.6463239186613197,0.21207929006511997,1.9982689511549836,0.8812908992306927,0.0,2,nb,0.85,0.8457680250783699,0.0023360252380371094,0.7976190476190477,"{'estimator__priors': None, 'estimator__var_smoothing': 1e-09, 'estimator': GaussianNB(), 'n_jobs': None}"
class_data-9.csv,none,10,140,0.07142857142857142,8,2.5756528277862936e+16,0.24514239025636975,12.243942521243824,0.06933759532041257,1390,3,0.039,0.00737864787372622,39.244198433336194,6.041203921818849,0.010580123528158824,0.25553478507127964,-0.06394827102005407,0.2813648423825262,2.6463239186613197,0.21207929006511997,1.9982689511549836,0.8812908992306927,0.0,2,rf,0.8666666666666667,0.8642954856361149,0.06627893447875977,0.8253968253968254,"{'estimator__bootstrap': True, 'estimator__ccp_alpha': 0.0, 'estimator__class_weight': None, 'estimator__criterion': 'gini', 'estimator__max_depth': None, 'estimator__max_features': 'sqrt', 'estimator__max_leaf_nodes': None, 'estimator__max_samples': None, 'estimator__min_impurity_decrease': 0.0, 'estimator__min_samples_leaf': 1, 'estimator__min_samples_split': 2, 'estimator__min_weight_fraction_leaf': 0.0, 'estimator__monotonic_cst': None, 'estimator__n_estimators': 100, 'estimator__n_jobs': None, 'estimator__oob_score': False, 'estimator__random_state': 42, 'estimator__verbose': 0, 'estimator__warm_start': False, 'estimator': RandomForestClassifier(random_state=42), 'n_jobs': None}"
class_data-9.csv,none,10,140,0.07142857142857142,8,2.5756528277862936e+16,0.24514239025636975,12.243942521243824,0.06933759532041257,1390,3,0.039,0.00737864787372622,39.244198433336194,6.041203921818849,0.010580123528158824,0.25553478507127964,-0.06394827102005407,0.2813648423825262,2.6463239186613197,0.21207929006511997,1.9982689511549836,0.8812908992306927,0.0,2,svc,0.7,0.5764705882352941,0.003324747085571289,0.5,"{'estimator__C': 0.01, 'estimator__break_ties': False, 'estimator__cache_size': 200, 'estimator__class_weight': None, 'estimator__coef0': 0.0, 'estimator__decision_function_shape': 'ovr', 'estimator__degree': 3, 'estimator__gamma': 0.1, 'estimator__kernel': 'linear', 'estimator__max_iter': -1, 'estimator__probability': False, 'estimator__random_state': 42, 'estimator__shrinking': True, 'estimator__tol': 0.001, 'estimator__verbose': False, 'estimator': SVC(C=0.01, gamma=0.1, kernel='linear', probability=False, random_state=42), 'n_jobs': None}"
